open_time,open,high,low,close,volume,close_time,quote_asset_volume,number_of_trades,taker_buy_base,taker_buy_quote,ignore
2025-08-27 12:00:00+00:00,111270.7,112568.5,110958.2,111965.1,29562.927,2025-08-27 15:59:59.999000+00:00,3303306691.45400,699538,15183.848,1696903021.40790,0
2025-08-27 16:00:00+00:00,111965.0,112550.0,111489.8,112032.8,18174.547,2025-08-27 19:59:59.999000+00:00,2036151179.08170,433284,9208.307,1031662375.07660,0
2025-08-27 20:00:00+00:00,112032.9,112401.5,110854.4,111194.9,26491.468,2025-08-27 23:59:59.999000+00:00,2957463318.80530,532359,12999.953,1451589405.61580,0
2025-08-28 00:00:00+00:00,111194.9,111993.0,110811.0,111954.1,11667.908,2025-08-28 03:59:59.999000+00:00,1299953624.89990,320679,5701.327,635318055.99760,0
2025-08-28 04:00:00+00:00,111954.0,113318.2,111892.4,113079.2,23087.347,2025-08-28 07:59:59.999000+00:00,2605256620.05360,451848,12034.923,1357765183.68690,0
2025-08-28 08:00:00+00:00,113079.3,113301.6,112780.3,112876.5,10509.946,2025-08-28 11:59:59.999000+00:00,1187603780.04260,240005,4713.149,532566851.45070,0
2025-08-28 12:00:00+00:00,112876.5,113429.0,112344.4,112633.1,26239.509,2025-08-28 15:59:59.999000+00:00,2961374418.89750,640301,12932.447,1459669262.23230,0
2025-08-28 16:00:00+00:00,112633.1,113153.1,111853.6,111864.7,17144.949,2025-08-28 19:59:59.999000+00:00,1927478901.93410,386685,7662.918,861818369.72480,0
2025-08-28 20:00:00+00:00,111864.8,112519.1,111829.4,112507.3,8980.618,2025-08-28 23:59:59.999000+00:00,1006954475.97970,213308,5198.713,582805604.52050,0
2025-08-29 00:00:00+00:00,112507.3,112585.7,111238.5,111648.6,17249.864,2025-08-29 03:59:59.999000+00:00,1926945420.27870,393831,7345.109,820547068.43330,0
2025-08-29 04:00:00+00:00,111648.6,111797.2,109850.0,109969.0,25126.998,2025-08-29 07:59:59.999000+00:00,2782869912.87340,540527,11868.523,1314811656.42450,0
2025-08-29 08:00:00+00:00,109969.0,110254.9,109360.0,110047.8,23367.603,2025-08-29 11:59:59.999000+00:00,2566460223.79270,486881,11911.125,1308315184.40160,0
2025-08-29 12:00:00+00:00,110047.8,111489.5,108034.1,108334.4,70997.82,2025-08-29 15:59:59.999000+00:00,7763304685.40590,1336854,34315.396,3752656516.89680,0
2025-08-29 16:00:00+00:00,108334.4,108777.0,107869.6,108155.5,21364.211,2025-08-29 19:59:59.999000+00:00,2314936633.37660,537823,10119.471,1096639496.60730,0
2025-08-29 20:00:00+00:00,108155.5,108513.0,107411.4,108332.4,21618.676,2025-08-29 23:59:59.999000+00:00,2334151884.32990,424199,10046.514,1084689222.11880,0
2025-08-30 00:00:00+00:00,108332.4,108378.0,107281.0,108367.9,16398.309,2025-08-30 03:59:59.999000+00:00,1770245318.41040,372390,8249.351,890749913.87700,0
2025-08-30 04:00:00+00:00,108368.0,108615.3,108067.5,108466.6,11466.765,2025-08-30 07:59:59.999000+00:00,1242465861.32230,247476,5957.203,645502258.26480,0
2025-08-30 08:00:00+00:00,108466.6,108742.9,108359.6,108638.6,9160.751,2025-08-30 11:59:59.999000+00:00,994310325.62060,188576,4528.249,491512512.43410,0
2025-08-30 12:00:00+00:00,108638.6,108879.6,108155.0,108809.8,13394.47,2025-08-30 15:59:59.999000+00:00,1453494111.21450,299495,6406.905,695231201.35510,0
2025-08-30 16:00:00+00:00,108809.8,108851.0,108562.0,108769.4,5467.675,2025-08-30 19:59:59.999000+00:00,594446960.09490,154624,2258.602,245557862.92680,0
2025-08-30 20:00:00+00:00,108769.5,108776.1,108412.2,108757.9,4768.913,2025-08-30 23:59:59.999000+00:00,517747159.64900,135250,2182.109,236903926.22860,0
2025-08-31 00:00:00+00:00,108758.0,109439.9,108750.0,109175.4,13765.096,2025-08-31 03:59:59.999000+00:00,1502927599.66790,269986,7510.117,819936342.47260,0
2025-08-31 04:00:00+00:00,109175.5,109190.4,108455.0,108656.9,9506.115,2025-08-31 07:59:59.999000+00:00,1033396721.93970,191086,4578.491,497706966.93610,0
2025-08-31 08:00:00+00:00,108656.9,109067.2,108251.3,108350.0,12792.96,2025-08-31 11:59:59.999000+00:00,1388696276.03310,257916,6646.772,721536199.14010,0
2025-08-31 12:00:00+00:00,108350.0,108808.5,108153.8,108758.2,10880.915,2025-08-31 15:59:59.999000+00:00,1179537231.47130,275637,6175.967,669541134.24030,0
2025-08-31 16:00:00+00:00,108758.2,109196.5,108504.7,108877.2,10481.101,2025-08-31 19:59:59.999000+00:00,1140959080.09810,214968,5009.362,545309148.19560,0
2025-08-31 20:00:00+00:00,108877.3,109192.3,108021.0,108208.4,12723.359,2025-08-31 23:59:59.999000+00:00,1381425533.40090,264848,5929.211,643648788.94500,0
2025-09-01 00:00:00+00:00,108208.4,108447.6,107355.0,107619.1,25068.79,2025-09-01 03:59:59.999000+00:00,2703200654.09000,602788,12647.738,1363733262.30060,0
2025-09-01 04:00:00+00:00,107619.1,109390.3,107211.5,109390.3,26104.798,2025-09-01 07:59:59.999000+00:00,2823729114.58130,542717,13933.928,1507888871.07550,0
2025-09-01 08:00:00+00:00,109390.2,109874.8,108131.6,108721.9,33039.009,2025-09-01 11:59:59.999000+00:00,3605692807.27440,639668,15329.792,1672477098.78600,0
2025-09-01 12:00:00+00:00,108721.8,109479.2,108515.8,108738.0,21788.115,2025-09-01 15:59:59.999000+00:00,2375010695.23420,522540,10186.134,1110474235.33650,0
2025-09-01 16:00:00+00:00,108737.9,109298.6,108350.0,109178.7,12872.734,2025-09-01 19:59:59.999000+00:00,1401152186.59910,335988,6460.767,703279727.40540,0
2025-09-01 20:00:00+00:00,109178.7,109410.5,107400.0,109187.9,31407.18,2025-09-01 23:59:59.999000+00:00,3402259690.10920,625602,15998.729,1733220201.58800,0
2025-09-02 00:00:00+00:00,109187.9,110597.9,108834.9,110286.0,28302.513,2025-09-02 03:59:59.999000+00:00,3104637397.13060,578459,15142.273,1661359363.18020,0
2025-09-02 04:00:00+00:00,110286.0,110571.9,109932.4,110190.1,13927.36,2025-09-02 07:59:59.999000+00:00,1535061556.18750,346143,6283.284,692606946.82390,0
2025-09-02 08:00:00+00:00,110190.1,110700.0,109501.7,109698.6,18830.291,2025-09-02 11:59:59.999000+00:00,2075086479.43050,373587,8633.367,951701755.58970,0
2025-09-02 12:00:00+00:00,109698.6,111742.1,108333.0,110789.9,79576.083,2025-09-02 15:59:59.999000+00:00,8771013857.25580,1393094,39381.604,4341331755.23340,0
2025-09-02 16:00:00+00:00,110789.9,111076.8,110118.5,110742.9,20760.952,2025-09-02 19:59:59.999000+00:00,2297060771.44310,525422,9969.040,1103290413.39420,0
2025-09-02 20:00:00+00:00,110742.9,111487.9,110650.8,111188.0,14564.157,2025-09-02 23:59:59.999000+00:00,1618437163.49590,316393,7339.270,815681491.80640,0
2025-09-03 00:00:00+00:00,111187.9,111732.9,110842.7,110991.7,14679.713,2025-09-03 03:59:59.999000+00:00,1632755224.34210,374086,6876.067,764829053.08880,0
2025-09-03 04:00:00+00:00,110991.8,111117.5,110486.9,111041.5,11117.044,2025-09-03 07:59:59.999000+00:00,1231433323.24130,265954,5551.338,614967937.17800,0
2025-09-03 08:00:00+00:00,111041.4,111670.0,110843.0,111391.6,11890.428,2025-09-03 11:59:59.999000+00:00,1323034246.74750,285908,6055.988,673848057.96330,0
2025-09-03 12:00:00+00:00,111391.6,112470.5,110966.8,112168.6,42967.906,2025-09-03 15:59:59.999000+00:00,4800070477.56940,839631,21573.675,2410314100.82730,0
2025-09-03 16:00:00+00:00,112168.5,112541.2,111626.0,112139.9,17438.926,2025-09-03 19:59:59.999000+00:00,1954352013.49260,399745,8641.447,968442118.49760,0
2025-09-03 20:00:00+00:00,112140.0,112207.1,111550.9,111659.8,7410.404,2025-09-03 23:59:59.999000+00:00,829114376.41420,197721,3164.271,354043339.83220,0
2025-09-04 00:00:00+00:00,111659.7,112136.8,111081.1,111107.1,14897.088,2025-09-04 03:59:59.999000+00:00,1661692710.50070,341768,7033.867,784714656.81440,0
2025-09-04 04:00:00+00:00,111107.1,111283.7,110237.2,110417.3,20718.869,2025-09-04 07:59:59.999000+00:00,2292496547.31370,400468,9754.669,1079291017.09040,0
2025-09-04 08:00:00+00:00,110417.3,111111.0,110366.0,110763.9,14846.823,2025-09-04 11:59:59.999000+00:00,1644394845.52490,295913,8219.852,910403981.59040,0
2025-09-04 12:00:00+00:00,110763.8,111081.6,109269.1,109448.0,33312.199,2025-09-04 15:59:59.999000+00:00,3666018636.02440,750110,15828.817,1742179689.38870,0
2025-09-04 16:00:00+00:00,109448.0,110150.0,109315.0,109753.9,17804.968,2025-09-04 19:59:59.999000+00:00,1953973684.02660,413750,9600.383,1053552871.34260,0
2025-09-04 20:00:00+00:00,109753.9,111743.8,109702.8,110679.4,20720.422,2025-09-04 23:59:59.999000+00:00,2297450475.32100,437628,11962.125,1326088788.00190,0
2025-09-05 00:00:00+00:00,110679.5,111444.1,110394.2,111266.9,14819.651,2025-09-05 03:59:59.999000+00:00,1644506435.52060,364847,7338.631,814399317.77390,0
2025-09-05 04:00:00+00:00,111267.0,112949.0,111086.2,112900.1,28206.507,2025-09-05 07:59:59.999000+00:00,3165121543.39020,533092,15740.056,1766264952.57440,0
2025-09-05 08:00:00+00:00,112900.0,112947.6,112080.0,112299.6,22210.272,2025-09-05 11:59:59.999000+00:00,2497031395.51750,395785,10295.572,1157338295.13500,0
2025-09-05 12:00:00+00:00,112299.6,113344.3,110240.0,110674.1,88696.603,2025-09-05 15:59:59.999000+00:00,9927727838.50200,1664296,43848.205,4907989725.78090,0
2025-09-05 16:00:00+00:00,110674.1,111598.2,110153.3,111550.1,19053.407,2025-09-05 19:59:59.999000+00:00,2111851113.56850,433723,9455.772,1048312832.58170,0
2025-09-05 20:00:00+00:00,111550.0,111655.5,110307.6,110614.9,20388.964,2025-09-05 23:59:59.999000+00:00,2262030638.16030,397116,8841.883,980686806.32060,0
2025-09-06 00:00:00+00:00,110614.8,111256.2,110504.9,111034.0,7401.22,2025-09-06 03:59:59.999000+00:00,820558886.92960,174130,4045.577,448570775.98180,0
2025-09-06 04:00:00+00:00,111034.0,111034.0,110653.1,110779.9,5151.787,2025-09-06 07:59:59.999000+00:00,570617562.22400,133449,2352.975,260601834.36210,0
2025-09-06 08:00:00+00:00,110779.9,110928.5,110621.0,110732.9,5048.529,2025-09-06 11:59:59.999000+00:00,559034137.75620,132333,2249.881,249141550.91000,0
2025-09-06 12:00:00+00:00,110732.8,110956.5,110285.2,110324.1,9309.436,2025-09-06 15:59:59.999000+00:00,1029955862.47520,193905,3677.794,407032182.54350,0
2025-09-06 16:00:00+00:00,110324.2,110359.1,109850.0,109986.7,14613.108,2025-09-06 19:59:59.999000+00:00,1609369922.93380,297287,6660.862,733587245.77670,0
2025-09-06 20:00:00+00:00,109986.8,110225.9,109981.2,110135.3,4758.436,2025-09-06 23:59:59.999000+00:00,523939338.17510,112301,2548.656,280617151.83380,0
2025-09-07 00:00:00+00:00,110135.2,110700.0,110120.5,110579.8,8486.949,2025-09-07 03:59:59.999000+00:00,937171047.62510,149278,4595.303,507361002.61660,0
2025-09-07 04:00:00+00:00,110579.8,110880.8,110414.4,110710.8,7174.867,2025-09-07 07:59:59.999000+00:00,793582993.41310,146892,3948.662,436793758.43650,0
2025-09-07 08:00:00+00:00,110710.8,111348.0,110666.4,111249.5,14763.41,2025-09-07 11:59:59.999000+00:00,1639784997.71510,270256,8108.125,900519145.72480,0
2025-09-07 12:00:00+00:00,111249.5,111371.4,110998.8,111276.2,7509.152,2025-09-07 15:59:59.999000+00:00,834652338.35230,182078,3587.708,398807186.42330,0
2025-09-07 16:00:00+00:00,111276.2,111327.2,110817.5,111217.0,7640.787,2025-09-07 19:59:59.999000+00:00,848539286.62090,185643,3495.573,388219165.69690,0
2025-09-07 20:00:00+00:00,111216.9,111559.5,110947.6,111076.0,8265.419,2025-09-07 23:59:59.999000+00:00,919340629.12070,202641,4373.263,486458751.01060,0
2025-09-08 00:00:00+00:00,111075.5,111345.0,110566.5,111004.9,14141.826,2025-09-08 03:59:59.999000+00:00,1569282616.88400,350370,7112.108,789328805.06880,0
2025-09-08 04:00:00+00:00,111004.8,111580.7,110852.1,111236.4,9409.023,2025-09-08 07:59:59.999000+00:00,1045864769.09040,220937,4842.835,538382673.40260,0
2025-09-08 08:00:00+00:00,111236.5,112144.0,111201.0,112022.0,24016.679,2025-09-08 11:59:59.999000+00:00,2685693329.60670,441510,12633.065,1412686013.59050,0
2025-09-08 12:00:00+00:00,112022.0,112867.6,111800.0,112573.6,28275.809,2025-09-08 15:59:59.999000+00:00,3175807403.79610,552602,13294.222,1493474265.07360,0
2025-09-08 16:00:00+00:00,112573.6,112635.0,111927.0,112051.0,14865.987,2025-09-08 19:59:59.999000+00:00,1669241111.51460,321689,7463.117,838046010.70740,0
2025-09-08 20:00:00+00:00,112050.0,112460.4,111847.0,112012.6,8408.535,2025-09-08 23:59:59.999000+00:00,942819062.11180,175028,4267.972,478542307.67050,0
2025-09-09 00:00:00+00:00,112012.7,112055.7,111050.0,111657.6,19290.25,2025-09-09 03:59:59.999000+00:00,2150373906.27790,382455,9491.097,1057982363.60350,0
2025-09-09 04:00:00+00:00,111657.7,113238.0,111576.7,112950.1,31921.636,2025-09-09 07:59:59.999000+00:00,3592738255.89570,519369,17000.028,1912949176.80440,0
2025-09-09 08:00:00+00:00,112950.2,113134.3,112350.0,112397.4,12841.685,2025-09-09 11:59:59.999000+00:00,1448473415.32990,257379,5762.751,650161330.40900,0
2025-09-09 12:00:00+00:00,112397.5,112900.0,110714.9,110830.1,49386.303,2025-09-09 15:59:59.999000+00:00,5523074858.93360,863203,23203.642,2595223647.87380,0
2025-09-09 16:00:00+00:00,110830.1,111342.0,110738.6,111242.3,14928.609,2025-09-09 19:59:59.999000+00:00,1657406012.53990,312117,8155.473,905548901.81200,0
2025-09-09 20:00:00+00:00,111242.4,111692.3,111041.1,111499.9,8906.65,2025-09-09 23:59:59.999000+00:00,991951122.66510,213712,4395.535,489588794.23170,0
2025-09-10 00:00:00+00:00,111499.9,111545.0,110855.8,111498.9,17185.891,2025-09-10 03:59:59.999000+00:00,1910483916.74850,327178,7142.625,794147555.16570,0
2025-09-10 04:00:00+00:00,111498.9,112555.0,111316.8,112500.1,16775.302,2025-09-10 07:59:59.999000+00:00,1876802260.45360,333673,9115.058,1019839176.80220,0
2025-09-10 08:00:00+00:00,112500.0,112832.0,112060.0,112266.4,19366.674,2025-09-10 11:59:59.999000+00:00,2177499973.59390,358074,9179.152,1032071489.62550,0
2025-09-10 12:00:00+00:00,112266.5,114287.9,112266.4,113801.3,64026.7,2025-09-10 15:59:59.999000+00:00,7268885489.92770,1074521,33390.818,3789614138.57970,0
2025-09-10 16:00:00+00:00,113801.3,114046.8,113111.0,113525.2,21631.484,2025-09-10 19:59:59.999000+00:00,2456304293.09930,378818,10234.777,1162280256.61970,0
2025-09-10 20:00:00+00:00,113525.3,114005.0,113468.4,113896.8,12915.488,2025-09-10 23:59:59.999000+00:00,1469429987.38320,231444,7191.890,818263814.04040,0
2025-09-11 00:00:00+00:00,113896.8,114433.2,113614.5,114354.4,11183.876,2025-09-11 03:59:59.999000+00:00,1274636786.51170,248810,6000.523,684068864.71110,0
2025-09-11 04:00:00+00:00,114354.4,114419.9,113900.0,114040.0,11621.63,2025-09-11 07:59:59.999000+00:00,1326401661.40350,245528,4796.879,547554883.97980,0
2025-09-11 08:00:00+00:00,114040.1,114161.0,113722.2,113960.9,11061.871,2025-09-11 11:59:59.999000+00:00,1260388442.72010,208520,5144.797,586221642.06110,0
2025-09-11 12:00:00+00:00,113961.0,114691.7,113340.7,114122.3,50084.085,2025-09-11 15:59:59.999000+00:00,5711779780.47330,942458,24569.737,2802614392.53680,0
2025-09-11 16:00:00+00:00,114122.4,114564.0,114008.5,114370.5,11930.936,2025-09-11 19:59:59.999000+00:00,1363945633.48680,265950,6059.304,692624449.58630,0
2025-09-11 20:00:00+00:00,114370.4,115439.0,114195.0,115427.0,17183.68,2025-09-11 23:59:59.999000+00:00,1974887017.86900,294827,9986.307,1147782832.21320,0
2025-09-12 00:00:00+00:00,115427.0,116280.0,114993.0,115138.3,31719.513,2025-09-12 03:59:59.999000+00:00,3666510685.12230,564655,15931.980,1841949059.44620,0
2025-09-12 04:00:00+00:00,115138.3,115613.0,115024.3,115049.0,12398.784,2025-09-12 07:59:59.999000+00:00,1429904738.37680,254911,6206.548,715757621.87360,0
2025-09-12 08:00:00+00:00,115048.9,115243.5,114833.8,114863.0,13385.479,2025-09-12 11:59:59.999000+00:00,1539083208.66520,246655,7347.988,844890914.17890,0
2025-09-12 12:00:00+00:00,114863.0,115445.9,114681.5,115064.9,18827.404,2025-09-12 15:59:59.999000+00:00,2165918457.96180,426938,9986.830,1148939115.55040,0
2025-09-12 16:00:00+00:00,115064.8,116605.7,114989.9,116561.1,27949.158,2025-09-12 19:59:59.999000+00:00,3242523635.26660,492863,14581.082,1691888160.22810,0
2025-09-12 20:00:00+00:00,116561.0,116561.0,115701.4,115978.4,14733.38,2025-09-12 23:59:59.999000+00:00,1709863904.56250,335256,6294.937,730474174.54780,0
2025-09-13 00:00:00+00:00,115978.4,116245.4,115500.1,115913.6,10867.694,2025-09-13 03:59:59.999000+00:00,1259713266.93630,235585,5048.813,585368835.19540,0
2025-09-13 04:00:00+00:00,115913.6,115913.6,115594.9,115715.5,6578.872,2025-09-13 07:59:59.999000+00:00,761249966.09550,149774,3176.064,367520773.51040,0
2025-09-13 08:00:00+00:00,115715.5,116126.0,115715.5,115912.9,6897.627,2025-09-13 11:59:59.999000+00:00,799480177.67230,156142,3571.481,413929300.79760,0
2025-09-13 12:00:00+00:00,115913.0,116013.7,115546.1,115721.3,9103.39,2025-09-13 15:59:59.999000+00:00,1053751360.74230,231902,4415.325,511122826.57280,0
2025-09-13 16:00:00+00:00,115721.4,115780.3,115032.0,115751.4,15004.094,2025-09-13 19:59:59.999000+00:00,1731536424.73540,307843,7203.804,831440626.56220,0
2025-09-13 20:00:00+00:00,115751.4,115946.4,115745.6,115862.7,4077.913,2025-09-13 23:59:59.999000+00:00,472462216.21880,117359,1842.655,213488725.48720,0
2025-09-14 00:00:00+00:00,115862.7,116075.8,115580.0,115626.0,7677.134,2025-09-14 03:59:59.999000+00:00,889118530.13810,179882,3706.911,429349202.09460,0
2025-09-14 04:00:00+00:00,115626.0,115884.1,115406.1,115746.0,4741.452,2025-09-14 07:59:59.999000+00:00,548486870.11010,121790,2416.750,279605456.79380,0
2025-09-14 08:00:00+00:00,115746.1,116118.6,115700.3,115750.0,7509.269,2025-09-14 11:59:59.999000+00:00,870453515.75680,159255,3610.253,418531877.05860,0
2025-09-14 12:00:00+00:00,115750.0,115828.1,115100.5,115162.2,15997.51,2025-09-14 15:59:59.999000+00:00,1845622937.71510,343759,7352.877,848271778.23680,0
2025-09-14 16:00:00+00:00,115162.2,115605.5,115132.4,115597.4,5946.542,2025-09-14 19:59:59.999000+00:00,686357893.98710,142705,3325.196,383781571.16710,0
2025-09-14 20:00:00+00:00,115597.3,116050.0,115057.0,115210.0,13216.083,2025-09-14 23:59:59.999000+00:00,1528458423.80610,248745,6220.951,719652774.81200,0
2025-09-15 00:00:00+00:00,115210.0,115536.0,114777.0,115387.6,13576.469,2025-09-15 03:59:59.999000+00:00,1562938844.49240,302143,6764.509,778867904.69690,0
2025-09-15 04:00:00+00:00,115387.7,116759.9,115341.8,115769.5,27463.691,2025-09-15 07:59:59.999000+00:00,3188754183.12950,536020,13781.628,1600084109.58900,0
2025-09-15 08:00:00+00:00,115769.6,115769.6,114588.0,115009.0,30239.543,2025-09-15 11:59:59.999000+00:00,3477699573.11820,547957,15375.111,1768213603.22140,0
2025-09-15 12:00:00+00:00,115009.0,115045.5,114338.5,114788.4,25881.909,2025-09-15 15:59:59.999000+00:00,2967521484.10510,559201,11946.700,1369915382.54590,0
2025-09-15 16:00:00+00:00,114788.1,115528.8,114542.6,115246.7,14288.385,2025-09-15 19:59:59.999000+00:00,1643363930.85020,399149,6862.262,789264094.49240,0
2025-09-15 20:00:00+00:00,115246.7,115550.0,115141.4,115300.6,6461.282,2025-09-15 23:59:59.999000+00:00,745101818.13140,187297,2598.894,299689008.08060,0
2025-09-16 00:00:00+00:00,115300.5,115490.8,114890.0,115250.9,8274.606,2025-09-16 03:59:59.999000+00:00,952809572.64240,222229,3888.835,447807088.30940,0
2025-09-16 04:00:00+00:00,115250.8,115968.0,114867.0,115799.4,18532.273,2025-09-16 07:59:59.999000+00:00,2142670802.61860,355754,9346.398,1080662824.60700,0
2025-09-16 08:00:00+00:00,115799.4,115945.0,115151.0,115222.2,9903.929,2025-09-16 11:59:59.999000+00:00,1143823426.15000,244483,4852.182,560387891.68310,0
2025-09-16 12:00:00+00:00,115222.1,115878.2,114600.0,115877.9,24558.996,2025-09-16 15:59:59.999000+00:00,2828281155.56820,507364,12508.667,1440977294.72870,0
2025-09-16 16:00:00+00:00,115877.9,116830.0,115549.9,116758.0,28427.493,2025-09-16 19:59:59.999000+00:00,3307789018.61110,584121,14708.625,1711753341.52350,0
2025-09-16 20:00:00+00:00,116757.1,116910.8,116543.7,116747.3,9748.887,2025-09-16 23:59:59.999000+00:00,1138316849.45440,230091,4808.109,561458682.15110,0
2025-09-17 00:00:00+00:00,116747.3,117081.9,116317.0,116320.1,11721.837,2025-09-17 03:59:59.999000+00:00,1367131836.02770,287392,5523.792,644456586.20630,0
2025-09-17 04:00:00+00:00,116320.2,117266.4,116107.2,117120.5,19903.725,2025-09-17 07:59:59.999000+00:00,2325150062.58320,395225,11253.198,1314666597.89460,0
2025-09-17 08:00:00+00:00,117120.5,117156.6,116197.0,116200.1,14747.898,2025-09-17 11:59:59.999000+00:00,1718945967.46910,281152,7552.515,880075951.81420,0
2025-09-17 12:00:00+00:00,116200.1,116493.0,115340.0,115825.1,27934.073,2025-09-17 15:59:59.999000+00:00,3237056058.53290,537318,14574.807,1688938636.94090,0
2025-09-17 16:00:00+00:00,115825.1,116316.0,114623.3,115587.6,61585.442,2025-09-17 19:59:59.999000+00:00,7115618523.61020,1304951,29812.210,3445385353.94230,0
2025-09-17 20:00:00+00:00,115587.5,116940.0,115257.1,116402.5,22232.095,2025-09-17 23:59:59.999000+00:00,2584269018.12940,461942,11508.574,1338102966.96440,0
2025-09-18 00:00:00+00:00,116402.6,117865.9,116033.5,117531.2,30344.595,2025-09-18 03:59:59.999000+00:00,3552798596.45370,592060,14994.105,1755454376.79350,0
2025-09-18 04:00:00+00:00,117531.3,117713.5,116834.5,117033.6,17350.923,2025-09-18 07:59:59.999000+00:00,2034172919.94150,363219,8135.998,953817685.23580,0
2025-09-18 08:00:00+00:00,117033.7,117381.9,116955.0,117015.0,10057.804,2025-09-18 11:59:59.999000+00:00,1178419925.15490,233105,4946.164,579567740.29740,0
2025-09-18 12:00:00+00:00,117015.0,117789.9,116913.9,117530.3,22097.569,2025-09-18 15:59:59.999000+00:00,2594513296.75440,526189,10934.771,1283740909.23760,0
2025-09-18 16:00:00+00:00,117530.2,117875.2,117133.0,117403.0,12457.02,2025-09-18 19:59:59.999000+00:00,1464561604.16180,333990,6296.200,740225332.61060,0
2025-09-18 20:00:00+00:00,117402.9,117605.8,116489.7,117017.1,14907.806,2025-09-18 23:59:59.999000+00:00,1743947666.55270,279300,6083.293,711782744.91270,0
2025-09-19 00:00:00+00:00,117017.1,117406.8,116800.0,116914.2,10269.21,2025-09-19 03:59:59.999000+00:00,1202646469.75700,287663,4987.365,584053023.54270,0
2025-09-19 04:00:00+00:00,116914.1,117049.9,116567.3,116850.1,12862.505,2025-09-19 07:59:59.999000+00:00,1502083085.90380,283053,6138.285,716856118.09590,0
2025-09-19 08:00:00+00:00,116850.0,117050.6,116250.7,116343.1,13997.595,2025-09-19 11:59:59.999000+00:00,1631542818.14410,248973,6043.169,704426171.84550,0
2025-09-19 12:00:00+00:00,116343.3,116488.0,115408.4,115826.9,27296.129,2025-09-19 15:59:59.999000+00:00,3165185677.88920,538277,13080.966,1517025423.41820,0
2025-09-19 16:00:00+00:00,115826.9,116093.0,115057.0,115082.4,16518.271,2025-09-19 19:59:59.999000+00:00,1908664368.73060,316265,7809.154,902669385.48080,0
2025-09-19 20:00:00+00:00,115082.4,115600.0,115049.9,115569.5,7207.939,2025-09-19 23:59:59.999000+00:00,831594616.46880,171732,3846.908,443784892.31670,0
2025-09-20 00:00:00+00:00,115569.6,115670.0,115355.0,115394.2,4785.626,2025-09-20 03:59:59.999000+00:00,552899103.43790,126415,1979.586,228710000.28260,0
2025-09-20 04:00:00+00:00,115394.3,115933.4,115343.0,115909.8,6258.545,2025-09-20 07:59:59.999000+00:00,723901346.15760,119516,3472.325,401653615.40950,0
2025-09-20 08:00:00+00:00,115909.9,115914.4,115605.6,115834.9,6129.028,2025-09-20 11:59:59.999000+00:00,709357608.65330,127315,2434.866,281812498.04880,0
2025-09-20 12:00:00+00:00,115834.9,116059.2,115750.6,115928.5,6527.83,2025-09-20 15:59:59.999000+00:00,756638890.29440,141244,3120.687,361735882.36230,0
2025-09-20 16:00:00+00:00,115928.4,116017.9,115636.6,115636.6,5001.456,2025-09-20 19:59:59.999000+00:00,579130023.90940,120128,2127.145,246327385.33690,0
2025-09-20 20:00:00+00:00,115636.6,115887.6,115549.9,115624.9,3653.193,2025-09-20 23:59:59.999000+00:00,422618983.02700,96900,1646.490,190484824.31900,0
2025-09-21 00:00:00+00:00,115625.0,115671.2,115388.0,115613.8,4830.646,2025-09-21 03:59:59.999000+00:00,558119064.55350,122892,2798.903,323381390.28810,0
2025-09-21 04:00:00+00:00,115613.8,115772.9,115430.2,115772.9,4856.719,2025-09-21 07:59:59.999000+00:00,561437787.41950,115401,2752.655,318219553.78000,0
2025-09-21 08:00:00+00:00,115772.8,115778.0,115277.0,115559.3,6594.717,2025-09-21 11:59:59.999000+00:00,761732590.55120,155908,3157.157,364696787.15170,0
2025-09-21 12:00:00+00:00,115559.3,115703.9,115413.0,115471.1,4436.358,2025-09-21 15:59:59.999000+00:00,512726728.70220,118433,2142.550,247624726.10170,0
2025-09-21 16:00:00+00:00,115471.0,115620.0,115158.0,115441.0,6740.608,2025-09-21 19:59:59.999000+00:00,777640919.95660,163531,3128.337,360951806.95400,0
2025-09-21 20:00:00+00:00,115441.0,115510.7,115137.6,115183.9,5334.383,2025-09-21 23:59:59.999000+00:00,614956566.77350,148883,2766.344,318897918.76640,0
2025-09-22 00:00:00+00:00,115183.9,115344.6,114050.0,114602.9,34217.27,2025-09-22 03:59:59.999000+00:00,3918966208.28860,721536,15419.483,1765780196.48750,0
2025-09-22 04:00:00+00:00,114602.9,114604.9,111469.2,112454.4,53970.686,2025-09-22 07:59:59.999000+00:00,6093053692.74320,954408,22962.584,2591344683.28570,0
2025-09-22 08:00:00+00:00,112454.5,112927.0,112119.0,112814.1,16269.606,2025-09-22 11:59:59.999000+00:00,1830491338.07670,434265,7920.297,891144600.31710,0
2025-09-22 12:00:00+00:00,112814.0,113413.5,112333.0,112768.7,26147.892,2025-09-22 15:59:59.999000+00:00,2952082367.14110,600647,13907.790,1570555232.95790,0
2025-09-22 16:00:00+00:00,112768.7,112839.0,111866.3,112072.9,17130.484,2025-09-22 19:59:59.999000+00:00,1924639058.24910,423318,8095.637,909716337.43790,0
2025-09-22 20:00:00+00:00,112072.8,112942.4,111924.6,112604.7,11725.63,2025-09-22 23:59:59.999000+00:00,1319956307.92830,285199,5876.366,661491303.98630,0
2025-09-23 00:00:00+00:00,112604.7,112808.4,111405.1,112294.0,21299.087,2025-09-23 03:59:59.999000+00:00,2387648625.54630,453607,10634.025,1192444452.37660,0
2025-09-23 04:00:00+00:00,112294.0,113080.0,111804.9,113048.1,19008.272,2025-09-23 07:59:59.999000+00:00,2141268686.45390,428479,10088.167,1136664663.27520,0
2025-09-23 08:00:00+00:00,113048.1,113236.0,112634.0,112938.6,12834.182,2025-09-23 11:59:59.999000+00:00,1449667511.66160,309107,6333.130,715433617.67830,0
2025-09-23 12:00:00+00:00,112938.6,113254.8,112390.6,112828.6,16574.487,2025-09-23 15:59:59.999000+00:00,1869962545.40890,467527,8066.632,910248723.82080,0
2025-09-23 16:00:00+00:00,112828.6,112927.8,111482.0,111611.8,22467.091,2025-09-23 19:59:59.999000+00:00,2518042441.66150,551187,11246.716,1260792457.50370,0
2025-09-23 20:00:00+00:00,111611.7,112178.0,111413.5,111947.0,10075.145,2025-09-23 23:59:59.999000+00:00,1127442613.73330,251087,5592.129,625779305.25600,0
2025-09-24 00:00:00+00:00,111947.0,112466.6,111622.4,111639.7,16182.59,2025-09-24 03:59:59.999000+00:00,1813632655.69590,414621,8229.746,922537285.54720,0
2025-09-24 04:00:00+00:00,111639.8,112732.8,110935.0,112544.7,23001.272,2025-09-24 07:59:59.999000+00:00,2576496980.52180,492066,11452.940,1283437716.21250,0
2025-09-24 08:00:00+00:00,112544.7,113121.8,112356.4,112982.0,14830.326,2025-09-24 11:59:59.999000+00:00,1672585262.84000,289408,7957.541,897463660.91180,0
2025-09-24 12:00:00+00:00,112982.0,113850.0,112760.0,113299.9,27960.187,2025-09-24 15:59:59.999000+00:00,3168281181.42310,567818,14284.756,1618895449.20680,0
2025-09-24 16:00:00+00:00,113300.0,113895.8,113107.4,113371.7,14802.65,2025-09-24 19:59:59.999000+00:00,1680803326.51740,387423,7371.829,836971458.01200,0
2025-09-24 20:00:00+00:00,113371.7,113590.0,113143.3,113254.0,8537.071,2025-09-24 23:59:59.999000+00:00,967749309.19750,233427,4116.373,466666180.28620,0
2025-09-25 00:00:00+00:00,113253.9,113462.1,112155.6,112485.8,27168.994,2025-09-25 03:59:59.999000+00:00,3062782605.91910,599603,12401.284,1398089389.05300,0
2025-09-25 04:00:00+00:00,112485.7,112574.6,111389.0,111708.5,26475.19,2025-09-25 07:59:59.999000+00:00,2959194350.10340,584170,12922.148,1444413277.62960,0
2025-09-25 08:00:00+00:00,111708.5,112220.3,111234.8,111316.1,15940.854,2025-09-25 11:59:59.999000+00:00,1780547319.10370,354371,7918.825,884789292.41750,0
2025-09-25 12:00:00+00:00,111316.0,111682.6,110555.0,111538.4,42099.5,2025-09-25 15:59:59.999000+00:00,4682455024.65100,927044,20612.113,2292858559.14690,0
2025-09-25 16:00:00+00:00,111538.4,111636.6,108574.1,109320.5,50538.879,2025-09-25 19:59:59.999000+00:00,5545673141.36040,1058353,22646.430,2484731774.55530,0
2025-09-25 20:00:00+00:00,109320.5,109637.3,108694.8,108934.5,16440.324,2025-09-25 23:59:59.999000+00:00,1795268527.60280,464512,7685.440,839438268.20320,0
2025-09-26 00:00:00+00:00,108934.6,109766.0,108750.0,109537.6,17356.486,2025-09-26 03:59:59.999000+00:00,1898282575.36380,492271,9104.604,995721775.32050,0
2025-09-26 04:00:00+00:00,109537.5,109588.8,108841.0,109257.3,19163.4,2025-09-26 07:59:59.999000+00:00,2093105717.40990,453486,9361.244,1022332866.61710,0
2025-09-26 08:00:00+00:00,109257.4,109653.6,108566.0,109082.9,18038.068,2025-09-26 11:59:59.999000+00:00,1968088336.00240,434970,8353.675,911423713.61550,0
2025-09-26 12:00:00+00:00,109082.9,109742.3,108656.8,108976.0,28268.466,2025-09-26 15:59:59.999000+00:00,3087355937.45610,792689,14185.481,1549310632.78940,0
2025-09-26 16:00:00+00:00,108976.0,110250.0,108953.7,109115.9,22207.427,2025-09-26 19:59:59.999000+00:00,2433812466.33910,533990,11191.317,1226582957.19780,0
2025-09-26 20:00:00+00:00,109115.8,109641.6,109028.7,109588.5,7243.812,2025-09-26 23:59:59.999000+00:00,792056426.60780,197539,3959.578,432975683.35460,0
2025-09-27 00:00:00+00:00,109588.5,109700.0,109267.3,109503.8,7435.557,2025-09-27 03:59:59.999000+00:00,814034298.14390,183829,3765.005,412247866.30520,0
2025-09-27 04:00:00+00:00,109503.8,109694.2,109284.3,109354.8,4334.991,2025-09-27 07:59:59.999000+00:00,474733751.55600,117082,1924.714,210797516.14700,0
2025-09-27 08:00:00+00:00,109354.9,109449.2,109021.9,109265.8,7603.852,2025-09-27 11:59:59.999000+00:00,830700310.59690,166748,3803.982,415608398.17810,0
2025-09-27 12:00:00+00:00,109265.8,109444.2,109145.0,109340.7,7048.089,2025-09-27 15:59:59.999000+00:00,770206161.13370,159718,3556.987,388724265.27430,0
2025-09-27 16:00:00+00:00,109340.8,109397.6,109188.1,109369.3,5170.985,2025-09-27 19:59:59.999000+00:00,565280942.30980,140562,2497.693,273033095.30690,0
2025-09-27 20:00:00+00:00,109369.4,109653.2,109305.5,109577.3,4278.45,2025-09-27 23:59:59.999000+00:00,468446298.81530,107798,2359.150,258295281.42780,0
2025-09-28 00:00:00+00:00,109577.2,109749.9,109284.1,109397.3,8565.21,2025-09-28 03:59:59.999000+00:00,937627100.57480,217856,4326.127,473620488.20550,0
2025-09-28 04:00:00+00:00,109397.3,109500.0,109203.9,109468.5,4028.334,2025-09-28 07:59:59.999000+00:00,440551001.14120,97366,2067.469,226115931.50860,0
2025-09-28 08:00:00+00:00,109468.4,109544.8,109188.0,109319.9,7836.57,2025-09-28 11:59:59.999000+00:00,857165214.55660,177165,3842.947,420336510.59120,0
2025-09-28 12:00:00+00:00,109319.9,109990.0,109136.5,109990.0,16361.203,2025-09-28 15:59:59.999000+00:00,1792975856.14590,296684,8535.206,935361907.15830,0
2025-09-28 16:00:00+00:00,109990.0,110350.0,109952.2,110281.6,12576.758,2025-09-28 19:59:59.999000+00:00,1385473783.95820,282119,6250.786,688617867.31710,0
2025-09-28 20:00:00+00:00,110281.7,112300.0,110236.6,112119.6,27879.888,2025-09-28 23:59:59.999000+00:00,3107253145.71190,536269,14798.409,1648643689.37750,0
2025-09-29 00:00:00+00:00,112119.7,112269.3,111517.3,111817.9,18747.416,2025-09-29 03:59:59.999000+00:00,2097078676.43680,428600,8500.775,950816446.97410,0
2025-09-29 04:00:00+00:00,111817.9,111860.0,111501.0,111814.7,12523.86,2025-09-29 07:59:59.999000+00:00,1398611278.07890,270868,6436.226,718759501.27160,0
2025-09-29 08:00:00+00:00,111814.8,112381.3,111814.7,112052.0,15639.613,2025-09-29 11:59:59.999000+00:00,1752268785.60120,324125,7881.330,883068059.10160,0
2025-09-29 12:00:00+00:00,112052.0,114188.0,111844.3,113752.0,48549.611,2025-09-29 15:59:59.999000+00:00,5498233554.51430,871600,25115.377,2843529977.15960,0
2025-09-29 16:00:00+00:00,113752.0,114349.7,113404.5,114204.8,17519.655,2025-09-29 19:59:59.999000+00:00,1995750061.75810,414875,9362.970,1066699807.90310,0
2025-09-29 20:00:00+00:00,114204.9,114377.2,113960.6,114257.1,12425.554,2025-09-29 23:59:59.999000+00:00,1418973946.85100,248724,5745.878,656200435.17330,0
2025-09-30 00:00:00+00:00,114257.1,114800.0,113985.1,114321.5,18219.208,2025-09-30 03:59:59.999000+00:00,2084651629.38160,427199,9061.445,1037018773.13120,0
2025-09-30 04:00:00+00:00,114321.5,114321.5,113531.7,113662.4,15263.367,2025-09-30 07:59:59.999000+00:00,1738506564.09090,311017,7286.955,829928549.18860,0
2025-09-30 08:00:00+00:00,113662.3,113700.0,112615.3,113003.7,22065.979,2025-09-30 11:59:59.999000+00:00,2495131068.64820,440466,11546.889,1305493616.75280,0
2025-09-30 12:00:00+00:00,113003.7,113623.8,112800.1,113055.4,25466.936,2025-09-30 15:59:59.999000+00:00,2882073360.54480,651049,12670.070,1433865050.13410,0
2025-09-30 16:00:00+00:00,113055.4,114528.2,112743.6,114309.1,21865.766,2025-09-30 19:59:59.999000+00:00,2483162702.76120,489579,11930.111,1355245788.50430,0
2025-09-30 20:00:00+00:00,114309.1,114720.0,113710.0,113988.8,16438.759,2025-09-30 23:59:59.999000+00:00,1877446809.54580,330150,7833.297,894762679.17410,0
2025-10-01 00:00:00+00:00,113988.7,114498.0,113899.4,114135.9,15897.091,2025-10-01 03:59:59.999000+00:00,1816340738.24470,320560,7493.349,856130311.40510,0
2025-10-01 04:00:00+00:00,114135.8,114700.0,114095.2,114480.8,16277.671,2025-10-01 07:59:59.999000+00:00,1862606820.14140,368097,7993.403,914704448.35820,0
2025-10-01 08:00:00+00:00,114480.8,116750.0,114425.6,116736.8,51889.352,2025-10-01 11:59:59.999000+00:00,6012749186.41420,892293,29441.702,3410703381.57180,0
2025-10-01 12:00:00+00:00,116736.8,117647.8,116311.5,117366.4,32115.557,2025-10-01 15:59:59.999000+00:00,3755920167.98100,771067,16325.556,1909597417.90940,0
2025-10-01 16:00:00+00:00,117366.5,118190.0,116687.5,117374.1,35556.092,2025-10-01 19:59:59.999000+00:00,4176605023.43710,717657,18438.759,2165875935.03640,0
2025-10-01 20:00:00+00:00,117374.0,118631.8,117104.1,118552.4,21253.666,2025-10-01 23:59:59.999000+00:00,2506203207.46440,426123,11696.881,1379683557.77900,0
2025-10-02 00:00:00+00:00,118552.0,119457.0,118335.0,118697.0,30360.048,2025-10-02 03:59:59.999000+00:00,3607080536.24830,659873,16842.762,2001211440.96540,0
2025-10-02 04:00:00+00:00,118697.0,118893.8,118226.4,118444.1,11848.115,2025-10-02 07:59:59.999000+00:00,1404114328.56610,296624,5713.986,677189990.18190,0
2025-10-02 08:00:00+00:00,118444.1,118885.8,118307.3,118716.0,9479.148,2025-10-02 11:59:59.999000+00:00,1124473973.55200,243488,4771.194,566019898.83020,0
2025-10-02 12:00:00+00:00,118716.1,119889.0,118458.4,119875.1,42758.205,2025-10-02 15:59:59.999000+00:00,5099116059.29930,907540,22249.580,2653800589.01330,0
2025-10-02 16:00:00+00:00,119875.1,120999.0,119317.0,120787.9,36408.207,2025-10-02 19:59:59.999000+00:00,4376492649.09470,803319,19258.128,2315071692.71430,0
2025-10-02 20:00:00+00:00,120787.8,120880.9,120018.0,120481.3,14603.215,2025-10-02 23:59:59.999000+00:00,1758404943.54830,377146,7034.152,847089136.88070,0
2025-10-03 00:00:00+00:00,120481.3,120505.5,119766.0,120185.4,14304.582,2025-10-03 03:59:59.999000+00:00,1718544205.31440,385499,7136.270,857399420.19700,0
2025-10-03 04:00:00+00:00,120185.4,120281.6,119579.6,119620.1,12310.71,2025-10-03 07:59:59.999000+00:00,1475439239.13020,299923,5737.220,687632973.70720,0
2025-10-03 08:00:00+00:00,119620.1,120484.1,119200.0,120307.2,17880.291,2025-10-03 11:59:59.999000+00:00,2145243642.27780,408146,8919.098,1070230754.31660,0
2025-10-03 12:00:00+00:00,120307.2,122399.9,119820.4,122238.5,38616.185,2025-10-03 15:59:59.999000+00:00,4671747944.18850,902259,21301.625,2578752536.51090,0
2025-10-03 16:00:00+00:00,122238.5,123900.0,121425.5,122609.3,74701.828,2025-10-03 19:59:59.999000+00:00,9164459975.33740,1552402,38404.959,4712222606.91990,0
2025-10-03 20:00:00+00:00,122609.3,122694.1,121944.7,122182.7,10066.666,2025-10-03 23:59:59.999000+00:00,1231075426.32620,274803,4843.077,592225035.95730,0
2025-10-04 00:00:00+00:00,122182.6,122301.9,121636.4,122197.2,16539.763,2025-10-04 03:59:59.999000+00:00,2016643549.95870,357209,8379.253,1021690086.11360,0
2025-10-04 04:00:00+00:00,122197.3,122781.1,122168.4,122271.3,13166.182,2025-10-04 07:59:59.999000+00:00,1611916548.39400,276945,6392.870,782672729.20570,0
2025-10-04 08:00:00+00:00,122271.4,122497.4,121908.3,121924.6,8147.412,2025-10-04 11:59:59.999000+00:00,995699172.79430,208417,3958.325,483800018.76850,0
2025-10-04 12:00:00+00:00,121924.6,122480.9,121638.5,121744.8,13471.868,2025-10-04 15:59:59.999000+00:00,1643914967.96640,328054,6822.838,832660266.55870,0
2025-10-04 16:00:00+00:00,121744.8,121920.0,121432.0,121919.0,12409.999,2025-10-04 19:59:59.999000+00:00,1510085851.98340,285059,5295.296,644405919.73610,0
2025-10-04 20:00:00+00:00,121918.9,122374.8,121813.4,122343.2,6743.986,2025-10-04 23:59:59.999000+00:00,823702961.06850,159319,3626.657,442966387.24780,0
2025-10-05 00:00:00+00:00,122343.2,124374.0,122088.1,123735.7,34731.178,2025-10-05 03:59:59.999000+00:00,4288194045.74920,673803,20080.619,2478238919.78300,0
2025-10-05 04:00:00+00:00,123735.7,125877.3,123678.0,124692.4,42796.463,2025-10-05 07:59:59.999000+00:00,5347931390.27700,1045078,22901.999,2862179956.21580,0
2025-10-05 08:00:00+00:00,124692.5,124843.0,122472.0,123413.2,41554.431,2025-10-05 11:59:59.999000+00:00,5126338515.18910,805728,19908.006,2455863074.77410,0
2025-10-05 12:00:00+00:00,123413.3,123413.3,122600.0,122753.0,12408.739,2025-10-05 15:59:59.999000+00:00,1526283863.93630,367351,5378.358,661603767.26920,0
2025-10-05 16:00:00+00:00,122752.9,123422.0,122160.0,122550.4,20005.211,2025-10-05 19:59:59.999000+00:00,2458382926.21910,486937,9109.118,1119659356.76780,0
2025-10-05 20:00:00+00:00,122550.5,123453.5,122425.7,123426.7,11074.978,2025-10-05 23:59:59.999000+00:00,1362807250.00570,280308,6320.484,777855538.25750,0
2025-10-06 00:00:00+00:00,123426.7,124336.3,123018.5,123792.9,24935.811,2025-10-06 03:59:59.999000+00:00,3085475729.34840,703181,12362.843,1529954277.88370,0
2025-10-06 04:00:00+00:00,123792.8,124137.7,123217.9,123332.3,14538.648,2025-10-06 07:59:59.999000+00:00,1797380187.62310,425917,6607.869,817041049.85650,0
2025-10-06 08:00:00+00:00,123332.4,124500.0,123332.3,124161.2,14441.381,2025-10-06 11:59:59.999000+00:00,1790193070.29350,398952,7606.798,943014120.87720,0
2025-10-06 12:00:00+00:00,124161.3,125375.0,124123.3,124946.2,37455.595,2025-10-06 15:59:59.999000+00:00,4673438935.16340,981202,17868.054,2229572989.96460,0
2025-10-06 16:00:00+00:00,124946.2,126208.5,124742.5,125357.3,33248.277,2025-10-06 19:59:59.999000+00:00,4171901425.44480,754160,17755.855,2228349268.07820,0
2025-10-06 20:00:00+00:00,125357.3,125500.0,124463.0,124628.5,15581.617,2025-10-06 23:59:59.999000+00:00,1946825787.13070,370291,7131.973,891154008.37730,0
2025-10-07 00:00:00+00:00,124628.6,125047.0,124055.0,124277.7,13050.893,2025-10-07 03:59:59.999000+00:00,1624435478.25830,400544,6115.274,761248741.90540,0
2025-10-07 04:00:00+00:00,124277.8,124631.9,123503.9,123627.1,18156.34,2025-10-07 07:59:59.999000+00:00,2252368547.44540,460847,8775.897,1089160021.15890,0
2025-10-07 08:00:00+00:00,123627.1,124471.4,123261.6,124397.2,18443.485,2025-10-07 11:59:59.999000+00:00,2285572586.85300,436839,9475.225,1174226414.30460,0
2025-10-07 12:00:00+00:00,124397.1,125098.0,121102.0,121788.3,70971.787,2025-10-07 15:59:59.999000+00:00,8719120836.63800,1493807,32694.624,4018183124.05060,0
2025-10-07 16:00:00+00:00,121788.2,122049.7,120516.0,121593.6,48194.981,2025-10-07 19:59:59.999000+00:00,5844208630.36650,1021531,23233.831,2818223028.64560,0
2025-10-07 20:00:00+00:00,121593.5,122255.4,121218.0,121286.5,13081.861,2025-10-07 23:59:59.999000+00:00,1593684679.65370,388437,5961.898,726407810.38730,0
2025-10-08 00:00:00+00:00,121286.6,122196.9,121137.0,121333.1,19688.959,2025-10-08 03:59:59.999000+00:00,2396667367.76910,549860,10507.062,1279019650.74900,0
2025-10-08 04:00:00+00:00,121333.1,121880.0,121005.3,121550.4,16141.831,2025-10-08 07:59:59.999000+00:00,1960504018.86080,464958,8296.039,1007568266.70820,0
2025-10-08 08:00:00+00:00,121550.5,123150.0,121468.5,122825.7,22689.216,2025-10-08 11:59:59.999000+00:00,2780572614.77470,560770,12400.097,1519361271.37220,0
2025-10-08 12:00:00+00:00,122825.8,123312.9,121607.8,122140.1,30420.126,2025-10-08 15:59:59.999000+00:00,3726291614.10660,883556,15062.957,1845570702.49200,0
2025-10-08 16:00:00+00:00,122140.1,124170.6,122055.8,123381.8,29648.513,2025-10-08 19:59:59.999000+00:00,3659454920.33610,818246,15755.810,1944289062.08130,0
2025-10-08 20:00:00+00:00,123381.8,123671.5,122739.7,123237.5,8511.141,2025-10-08 23:59:59.999000+00:00,1048602433.40810,268149,4114.488,507012544.80630,0
2025-10-09 00:00:00+00:00,123237.4,123279.7,121411.8,121988.4,17473.027,2025-10-09 03:59:59.999000+00:00,2134721009.71730,487684,9010.070,1100604417.89380,0
2025-10-09 04:00:00+00:00,121988.4,122221.0,121657.3,121847.9,10691.44,2025-10-09 07:59:59.999000+00:00,1303770486.03430,315291,4967.439,605794931.54070,0
2025-10-09 08:00:00+00:00,121847.8,122777.0,121081.5,122672.9,21258.055,2025-10-09 11:59:59.999000+00:00,2589627542.34780,546955,10834.168,1319905238.13330,0
2025-10-09 12:00:00+00:00,122673.0,123740.1,120595.5,121079.4,62517.268,2025-10-09 15:59:59.999000+00:00,7631783006.05770,1320057,27607.988,3370024628.90630,0
2025-10-09 16:00:00+00:00,121079.4,121426.7,119572.8,120897.6,42006.187,2025-10-09 19:59:59.999000+00:00,5059703797.27820,977380,19180.988,2310762249.25150,0
2025-10-09 20:00:00+00:00,120897.6,121712.4,120787.9,121579.3,9650.403,2025-10-09 23:59:59.999000+00:00,1170670543.15490,290834,4706.145,570877491.21180,0
2025-10-10 00:00:00+00:00,121579.4,121835.5,120850.0,120960.8,16114.114,2025-10-10 03:59:59.999000+00:00,1955122276.97100,388493,7122.684,864232644.95080,0
2025-10-10 04:00:00+00:00,120960.8,121712.2,120814.0,120886.1,13636.34,2025-10-10 07:59:59.999000+00:00,1653703624.61950,354399,6874.415,833681489.87400,0
2025-10-10 08:00:00+00:00,120886.1,121728.3,120869.2,121493.2,10048.553,2025-10-10 11:59:59.999000+00:00,1219632656.13690,295262,5061.479,614288335.72760,0
2025-10-10 12:00:00+00:00,121493.2,122497.0,118424.4,118965.3,67102.354,2025-10-10 15:59:59.999000+00:00,8067616142.92600,1533338,31603.423,3800695778.12170,0
2025-10-10 16:00:00+00:00,118965.2,119403.4,115845.0,116605.3,67842.528,2025-10-10 19:59:59.999000+00:00,7976529636.56130,1572026,31002.529,3646810702.24040,0
2025-10-10 20:00:00+00:00,116605.2,117145.3,101516.5,112714.9,217219.743,2025-10-10 23:59:59.999000+00:00,24204221645.18700,4833326,100050.310,11145097063.06110,0
2025-10-11 00:00:00+00:00,112715.0,113300.1,110987.0,112261.9,45022.178,2025-10-11 03:59:59.999000+00:00,5049501768.88950,1274058,21091.950,2365768179.14440,0
2025-10-11 04:00:00+00:00,112261.6,112931.9,110022.0,110338.7,38020.264,2025-10-11 07:59:59.999000+00:00,4240788275.89400,871684,15519.374,1731499939.06730,0
2025-10-11 08:00:00+00:00,110338.7,112307.6,110100.5,112224.6,23492.99,2025-10-11 11:59:59.999000+00:00,2619127221.72500,674340,11592.021,1291972040.83760,0
2025-10-11 12:00:00+00:00,112224.6,112466.2,111740.8,111744.4,16698.898,2025-10-11 15:59:59.999000+00:00,1872113035.03440,457303,7267.031,814753456.50900,0
2025-10-11 16:00:00+00:00,111744.4,112142.0,110800.1,111126.7,17110.637,2025-10-11 19:59:59.999000+00:00,1908688940.93820,517364,7544.603,841591476.46870,0
2025-10-11 20:00:00+00:00,111126.6,111333.5,109501.0,110579.1,23326.623,2025-10-11 23:59:59.999000+00:00,2577943831.65330,855979,10770.170,1190554259.91770,0
2025-10-12 00:00:00+00:00,110579.1,111424.0,109509.3,110643.3,32024.51,2025-10-12 03:59:59.999000+00:00,3530221434.17420,1039199,16487.127,1817697560.29100,0
2025-10-12 04:00:00+00:00,110643.3,112110.0,110561.8,111464.0,18747.611,2025-10-12 07:59:59.999000+00:00,2090643878.39130,561074,9675.315,1078860065.50000,0
2025-10-12 08:00:00+00:00,111463.9,112084.3,111070.4,111783.8,19180.411,2025-10-12 11:59:59.999000+00:00,2140255764.43340,469516,9436.019,1052939454.51790,0
2025-10-12 12:00:00+00:00,111783.8,113687.6,111111.0,113119.0,60564.451,2025-10-12 15:59:59.999000+00:00,6804159715.28020,1355152,29904.235,3359643537.98420,0
2025-10-12 16:00:00+00:00,113119.0,114654.5,113119.0,114288.7,44045.749,2025-10-12 19:59:59.999000+00:00,5018458799.61170,980705,21899.407,2495241114.58990,0
2025-10-12 20:00:00+00:00,114288.8,115730.3,114200.0,114894.4,43365.305,2025-10-12 23:59:59.999000+00:00,4988054702.12610,857066,21136.101,2431236415.35550,0
2025-10-13 00:00:00+00:00,114894.5,115912.0,114566.1,114773.6,33866.079,2025-10-13 03:59:59.999000+00:00,3902189865.55220,799193,15893.850,1831377187.45480,0
2025-10-13 04:00:00+00:00,114773.5,115500.0,114357.2,115341.7,27016.549,2025-10-13 07:59:59.999000+00:00,3103904377.95790,643334,14292.925,1642020017.10060,0
2025-10-13 08:00:00+00:00,115341.7,115376.3,113600.5,114129.3,29931.406,2025-10-13 11:59:59.999000+00:00,3429150077.96930,669105,13591.940,1557456484.49890,0
2025-10-13 12:00:00+00:00,114129.2,115488.9,113721.2,114260.7,52250.214,2025-10-13 15:59:59.999000+00:00,5984643461.56150,1390332,25408.016,2910047691.45160,0
2025-10-13 16:00:00+00:00,114260.8,115827.6,114151.0,115726.6,38754.704,2025-10-13 19:59:59.999000+00:00,4453134295.23540,840841,19996.272,2297862765.83120,0
2025-10-13 20:00:00+00:00,115726.6,115817.4,114930.1,115111.9,14177.831,2025-10-13 23:59:59.999000+00:00,1636482296.33040,313804,6511.246,751664942.15020,0
2025-10-14 00:00:00+00:00,115112.0,115360.2,113210.6,113441.0,31868.196,2025-10-14 03:59:59.999000+00:00,3634456027.51700,611322,15420.098,1758211767.03680,0
2025-10-14 04:00:00+00:00,113440.9,113677.9,111302.0,111665.2,66212.874,2025-10-14 07:59:59.999000+00:00,7449435197.29470,1181330,31837.686,3582165862.70940,0
2025-10-14 08:00:00+00:00,111665.2,112100.1,109969.2,111241.4,44800.731,2025-10-14 11:59:59.999000+00:00,4979148327.82560,1041840,22016.611,2446860991.04870,0
2025-10-14 12:00:00+00:00,111241.4,112839.9,109802.0,112823.0,52781.51,2025-10-14 15:59:59.999000+00:00,5872156266.45340,1503970,27121.248,3017821071.02060,0
2025-10-14 16:00:00+00:00,112822.9,113480.0,111615.1,112543.9,51041.328,2025-10-14 19:59:59.999000+00:00,5748927396.53160,1236452,22498.141,2534721151.85940,0
2025-10-14 20:00:00+00:00,112543.9,113557.9,112164.6,112983.8,12539.857,2025-10-14 23:59:59.999000+00:00,1417036092.24400,385300,6254.789,706830931.03180,0
2025-10-15 00:00:00+00:00,112983.9,113576.1,111758.5,111978.7,20365.548,2025-10-15 03:59:59.999000+00:00,2294356518.60110,719679,9784.725,1102598482.59070,0
2025-10-15 04:00:00+00:00,111978.7,112637.0,111692.8,112524.3,12933.986,2025-10-15 07:59:59.999000+00:00,1451695759.32670,547046,6806.829,764028846.59260,0
2025-10-15 08:00:00+00:00,112524.4,113477.9,111606.1,111841.0,25860.953,2025-10-15 11:59:59.999000+00:00,2908858789.97520,711510,11634.436,1309121522.08320,0
2025-10-15 12:00:00+00:00,111840.9,112183.4,110320.4,110757.5,40187.854,2025-10-15 15:59:59.999000+00:00,4472043016.39570,1344889,20395.596,2269912379.07590,0
2025-10-15 16:00:00+00:00,110757.4,111500.0,110096.9,111202.7,18943.794,2025-10-15 19:59:59.999000+00:00,2099340817.49980,804318,9665.310,1071217466.64280,0
2025-10-15 20:00:00+00:00,111202.7,111499.7,110429.8,110699.0,13484.955,2025-10-15 23:59:59.999000+00:00,1495808682.59050,544439,6489.637,719760943.40020,0
2025-10-16 00:00:00+00:00,110699.1,111827.5,110300.0,111277.4,15192.718,2025-10-16 03:59:59.999000+00:00,1687904545.20410,556927,7895.449,877061266.93040,0
2025-10-16 04:00:00+00:00,111277.5,111711.4,110488.0,110518.2,19927.291,2025-10-16 07:59:59.999000+00:00,2213203424.59420,590318,9600.240,1066238347.87970,0
2025-10-16 08:00:00+00:00,110518.2,111677.1,109403.5,111363.9,35831.997,2025-10-16 11:59:59.999000+00:00,3969825449.97440,930653,17930.780,1986808120.25410,0
2025-10-16 12:00:00+00:00,111364.0,111960.0,108250.0,108474.0,56236.512,2025-10-16 15:59:59.999000+00:00,6196660445.20000,1711045,25459.402,2808020714.38800,0
2025-10-16 16:00:00+00:00,108473.9,109212.6,107503.3,108151.3,50886.082,2025-10-16 19:59:59.999000+00:00,5508067528.75580,1693100,25109.388,2718255353.96730,0
2025-10-16 20:00:00+00:00,108151.2,108450.4,107350.0,108129.4,15470.185,2025-10-16 23:59:59.999000+00:00,1669754235.94360,561179,7645.647,825343174.93230,0
2025-10-17 00:00:00+00:00,108129.4,109199.8,107885.6,109121.8,14999.648,2025-10-17 03:59:59.999000+00:00,1630168940.51920,524531,8055.319,875413403.14150,0
2025-10-17 04:00:00+00:00,109121.9,109182.9,105457.4,105578.3,46920.111,2025-10-17 07:59:59.999000+00:00,5018520872.44820,1237446,20229.476,2163967650.30170,0
2025-10-17 08:00:00+00:00,105578.3,106666.6,103470.0,105610.5,85777.861,2025-10-17 11:59:59.999000+00:00,9014767387.02850,2046591,44267.551,4653404879.73360,0
2025-10-17 12:00:00+00:00,105610.5,106800.0,104489.5,106750.1,57751.674,2025-10-17 15:59:59.999000+00:00,6093408929.41210,1746201,28385.312,2995824731.39240,0
2025-10-17 16:00:00+00:00,106750.0,107505.0,106016.6,106416.4,25754.742,2025-10-17 19:59:59.999000+00:00,2748740372.03980,1003449,12947.377,1382113649.33150,0
2025-10-17 20:00:00+00:00,106416.5,107370.0,106296.3,106378.6,11585.656,2025-10-17 23:59:59.999000+00:00,1239126782.66490,377919,5314.787,568516237.32620,0
2025-10-18 00:00:00+00:00,106378.5,107250.0,106270.0,107025.0,15612.225,2025-10-18 03:59:59.999000+00:00,1667471425.68190,444534,7242.383,773399918.67020,0
2025-10-18 04:00:00+00:00,107024.9,107452.6,106374.2,106648.3,19538.235,2025-10-18 07:59:59.999000+00:00,2086789498.29940,481643,7912.445,845547871.51070,0
2025-10-18 08:00:00+00:00,106648.2,107187.9,106550.0,107151.0,10415.868,2025-10-18 11:59:59.999000+00:00,1112451591.32790,345928,5701.958,609053561.78060,0
2025-10-18 12:00:00+00:00,107151.0,107248.0,106669.0,106893.2,9353.647,2025-10-18 15:59:59.999000+00:00,1000260980.30670,348702,4629.072,495024379.22020,0
2025-10-18 16:00:00+00:00,106893.3,107047.5,106410.8,107023.0,7832.113,2025-10-18 19:59:59.999000+00:00,835785801.16500,266041,3805.014,406101581.19880,0
2025-10-18 20:00:00+00:00,107023.0,107298.7,106788.4,107117.5,5757.815,2025-10-18 23:59:59.999000+00:00,616495543.83710,202037,3019.366,323276077.93070,0
2025-10-19 00:00:00+00:00,107117.5,107333.0,106666.9,107221.9,9661.995,2025-10-19 03:59:59.999000+00:00,1033524148.14820,285522,4612.005,493376357.32650,0
2025-10-19 04:00:00+00:00,107221.9,107241.5,106503.3,106733.3,8079.786,2025-10-19 07:59:59.999000+00:00,863180935.09130,253582,4020.856,429568848.46230,0
2025-10-19 08:00:00+00:00,106733.3,108214.8,106055.8,107730.6,45768.235,2025-10-19 11:59:59.999000+00:00,4908228834.07830,1098024,23601.487,2530956045.76770,0
2025-10-19 12:00:00+00:00,107730.6,108575.6,107312.2,108429.5,20332.538,2025-10-19 15:59:59.999000+00:00,2196114218.41600,620865,10450.785,1128704709.36990,0
2025-10-19 16:00:00+00:00,108429.6,109399.9,108175.6,108850.0,19259.023,2025-10-19 19:59:59.999000+00:00,2097821458.86380,571576,9470.515,1031548981.30080,0
2025-10-19 20:00:00+00:00,108850.1,109340.7,108366.4,108586.2,10372.143,2025-10-19 23:59:59.999000+00:00,1128545947.73950,352521,5160.351,561559835.91850,0
2025-10-20 00:00:00+00:00,108586.2,110404.3,107377.2,110100.4,30932.22,2025-10-20 03:59:59.999000+00:00,3360583342.63590,903410,15920.937,1730550490.88000,0
2025-10-20 04:00:00+00:00,110100.3,111350.0,109875.0,111126.2,28821.916,2025-10-20 07:59:59.999000+00:00,3189977084.84480,803889,13701.542,1516158471.64250,0
2025-10-20 08:00:00+00:00,111126.2,111650.0,110552.3,110969.5,19262.416,2025-10-20 11:59:59.999000+00:00,2137230022.34560,577516,9624.530,1068051422.73510,0
2025-10-20 12:00:00+00:00,110969.5,111649.0,110522.9,111079.1,22003.588,2025-10-20 15:59:59.999000+00:00,2443344055.33130,817862,10725.914,1191061902.46580,0
2025-10-20 16:00:00+00:00,111079.2,111255.0,109800.0,110735.0,29379.973,2025-10-20 19:59:59.999000+00:00,3248648124.65850,972782,13909.908,1538017250.24500,0
2025-10-20 20:00:00+00:00,110735.1,111215.3,110355.0,110469.9,9246.836,2025-10-20 23:59:59.999000+00:00,1024093504.90570,333116,4607.884,510356623.53330,0
2025-10-21 00:00:00+00:00,110469.9,110486.3,109005.0,109005.0,17977.098,2025-10-21 03:59:59.999000+00:00,1972416534.49660,581737,8113.763,890283882.05590,0
2025-10-21 04:00:00+00:00,109005.1,109005.1,107400.0,108020.0,34541.006,2025-10-21 07:59:59.999000+00:00,3729002440.17480,1007491,17430.198,1881450448.05590,0
2025-10-21 08:00:00+00:00,108019.9,108772.4,107432.8,108519.4,20402.173,2025-10-21 11:59:59.999000+00:00,2204213780.91380,575843,11151.814,1204810884.84900,0
2025-10-21 12:00:00+00:00,108519.4,113480.0,107677.0,113355.2,76932.616,2025-10-21 15:59:59.999000+00:00,8520123749.92870,2099137,38855.741,4303156639.50060,0
2025-10-21 16:00:00+00:00,113355.2,113940.0,111255.9,111720.7,51739.148,2025-10-21 19:59:59.999000+00:00,5824641946.67140,1447334,24802.310,2791749251.53860,0
2025-10-21 20:00:00+00:00,111720.7,111747.7,108000.0,108253.7,39535.385,2025-10-21 23:59:59.999000+00:00,4337701678.27990,1188122,17965.813,1970230782.79290,0
2025-10-22 00:00:00+00:00,108253.8,108649.4,107777.1,108174.1,22708.974,2025-10-22 03:59:59.999000+00:00,2456428175.29670,774370,11971.197,1295062768.59940,0
2025-10-22 04:00:00+00:00,108174.0,108581.9,107558.1,108284.1,19772.922,2025-10-22 07:59:59.999000+00:00,2136995344.63280,570169,10302.728,1113540941.92370,0
2025-10-22 08:00:00+00:00,108284.1,108313.8,106360.3,107501.7,28951.313,2025-10-22 11:59:59.999000+00:00,3116991980.96310,809687,13961.790,1503671527.61930,0
2025-10-22 12:00:00+00:00,107501.7,109160.0,107389.4,108369.9,61071.108,2025-10-22 15:59:59.999000+00:00,6606731385.29450,1740124,33058.662,3576584939.27360,0
2025-10-22 16:00:00+00:00,108369.8,108780.0,107416.1,107829.0,24816.809,2025-10-22 19:59:59.999000+00:00,2681804525.68360,1023355,12210.377,1319605065.91020,0
2025-10-22 20:00:00+00:00,107829.1,108032.0,106588.0,107532.0,23572.857,2025-10-22 23:59:59.999000+00:00,2529297507.33490,744839,11316.582,1214489698.87340,0
2025-10-23 00:00:00+00:00,107532.1,108660.0,107462.9,108322.2,17160.974,2025-10-23 03:59:59.999000+00:00,1856080704.72860,538346,9079.872,982068718.46730,0
2025-10-23 04:00:00+00:00,108322.2,110275.9,108290.3,109228.6,26449.996,2025-10-23 07:59:59.999000+00:00,2895470610.96100,713568,13077.084,1431505958.88660,0
2025-10-23 08:00:00+00:00,109228.6,109867.7,109021.3,109218.5,14083.275,2025-10-23 11:59:59.999000+00:00,1540973118.59610,519507,6682.810,731272968.99180,0
2025-10-23 12:00:00+00:00,109218.5,110088.0,108639.4,109849.0,30294.704,2025-10-23 15:59:59.999000+00:00,3311508837.28900,1088221,14591.068,1595448493.28130,0
2025-10-23 16:00:00+00:00,109849.0,111240.0,109575.9,110137.8,26886.962,2025-10-23 19:59:59.999000+00:00,2969634176.21310,900370,13253.456,1464120835.98530,0
2025-10-23 20:00:00+00:00,110137.9,110145.8,109260.0,110025.9,14764.806,2025-10-23 23:59:59.999000+00:00,1620723926.98620,445433,7093.967,778788804.43970,0
2025-10-24 00:00:00+00:00,110026.0,110839.9,109927.8,110399.9,13232.129,2025-10-24 03:59:59.999000+00:00,1460344670.98850,448658,6422.710,708878263.66360,0
2025-10-24 04:00:00+00:00,110399.9,111498.8,110274.4,111013.7,19519.691,2025-10-24 07:59:59.999000+00:00,2168165448.34640,565268,10122.928,1124366280.75440,0
2025-10-24 08:00:00+00:00,111013.7,111438.3,110496.5,111006.7,15176.101,2025-10-24 11:59:59.999000+00:00,1684938424.34190,483413,7086.509,786922852.85320,0
2025-10-24 12:00:00+00:00,111006.7,112086.0,109650.0,110009.8,43877.194,2025-10-24 15:59:59.999000+00:00,4857812098.49520,1389398,21491.495,2379866018.44980,0
2025-10-24 16:00:00+00:00,110009.9,110907.1,109752.8,110571.3,10895.753,2025-10-24 19:59:59.999000+00:00,1202542434.00400,502335,5871.395,648081086.62690,0
2025-10-24 20:00:00+00:00,110571.4,111088.0,110431.0,110965.4,8058.664,2025-10-24 23:59:59.999000+00:00,893192644.46240,256055,3802.254,421485609.52920,0
2025-10-25 00:00:00+00:00,110965.4,111187.5,110600.5,110962.3,5959.945,2025-10-25 03:59:59.999000+00:00,661093627.11000,211159,2537.666,281506486.42150,0
2025-10-25 04:00:00+00:00,110962.3,111775.1,110962.3,111445.4,9261.504,2025-10-25 07:59:59.999000+00:00,1031314225.18200,278601,4853.982,540528746.26920,0
2025-10-25 08:00:00+00:00,111445.5,111789.4,111328.0,111522.7,8330.669,2025-10-25 11:59:59.999000+00:00,929367703.58870,266477,4028.075,449387461.04580,0
2025-10-25 12:00:00+00:00,111522.6,111903.9,111255.2,111340.9,10350.647,2025-10-25 15:59:59.999000+00:00,1154997822.83550,285666,4896.789,546444780.48480,0
2025-10-25 16:00:00+00:00,111341.0,111686.0,111094.4,111574.9,7533.985,2025-10-25 19:59:59.999000+00:00,838917828.68240,206223,3843.863,428051519.43940,0
2025-10-25 20:00:00+00:00,111574.9,111640.1,111291.0,111589.4,3832.733,2025-10-25 23:59:59.999000+00:00,427216290.21390,142645,1950.657,217424656.23330,0
2025-10-26 00:00:00+00:00,111589.4,111866.7,111200.0,111210.1,6834.903,2025-10-26 03:59:59.999000+00:00,762458907.31100,245194,3084.845,344175534.91620,0
2025-10-26 04:00:00+00:00,111210.1,111677.9,111200.2,111672.8,3509.598,2025-10-26 07:59:59.999000+00:00,391282367.73830,134694,1814.374,202265659.54240,0
2025-10-26 08:00:00+00:00,111672.9,113442.5,111650.3,113235.2,25720.793,2025-10-26 11:59:59.999000+00:00,2894084346.54310,625536,13788.711,1551362628.85360,0
2025-10-26 12:00:00+00:00,113235.1,114000.0,113221.5,113648.1,26931.538,2025-10-26 15:59:59.999000+00:00,3059103180.83090,690980,13636.736,1549107417.35620,0
2025-10-26 16:00:00+00:00,113648.0,113774.5,113231.2,113546.3,8821.993,2025-10-26 19:59:59.999000+00:00,1001522830.84640,263359,4094.555,464832929.86820,0
2025-10-26 20:00:00+00:00,113546.2,115521.7,112800.0,114497.8,25516.562,2025-10-26 23:59:59.999000+00:00,2917380528.55480,730386,13729.268,1570003806.82980,0
2025-10-27 00:00:00+00:00,114497.9,115407.7,114300.0,114927.7,18053.27,2025-10-27 03:59:59.999000+00:00,2075307563.98180,593615,8464.512,973122458.56840,0
2025-10-27 04:00:00+00:00,114927.8,116380.2,114925.6,115522.5,30815.659,2025-10-27 07:59:59.999000+00:00,3564123602.46990,725216,16047.044,1856662977.00970,0
2025-10-27 08:00:00+00:00,115522.4,115575.1,114780.2,115302.3,17780.233,2025-10-27 11:59:59.999000+00:00,2048469702.00180,547352,8617.778,992828789.30710,0
2025-10-27 12:00:00+00:00,115302.3,115385.7,114433.0,114914.4,22572.882,2025-10-27 15:59:59.999000+00:00,2594042850.62030,760462,10781.148,1239021575.06270,0
2025-10-27 16:00:00+00:00,114914.5,115744.8,114712.4,114894.9,14588.861,2025-10-27 19:59:59.999000+00:00,1681780492.82570,514937,6835.062,788008898.09200,0
2025-10-27 20:00:00+00:00,114894.8,114894.8,113792.4,114064.1,14800.707,2025-10-27 23:59:59.999000+00:00,1691400293.62100,464514,7208.491,823845841.68310,0
2025-10-28 00:00:00+00:00,114064.2,114500.1,113477.5,113863.9,15404.391,2025-10-28 03:59:59.999000+00:00,1755908060.99910,508640,8184.113,933063654.47790,0
2025-10-28 04:00:00+00:00,113864.0,114320.6,113422.0,114128.7,11948.36,2025-10-28 07:59:59.999000+00:00,1360713564.17390,410316,6508.553,741317225.33770,0
2025-10-28 08:00:00+00:00,114128.8,114619.2,114058.0,114290.7,9577.148,2025-10-28 11:59:59.999000+00:00,1095516353.90730,300396,4684.230,535850081.84280,0
2025-10-28 12:00:00+00:00,114290.6,116074.3,114080.8,114571.9,40806.62,2025-10-28 15:59:59.999000+00:00,4694073335.00090,1071041,20162.066,2319186861.82230,0
2025-10-28 16:00:00+00:00,114571.7,115554.5,113500.0,113629.0,24148.699,2025-10-28 19:59:59.999000+00:00,2767124349.29910,798741,11612.740,1330941087.65510,0
2025-10-28 20:00:00+00:00,113629.0,113647.4,112121.4,112833.5,29203.622,2025-10-28 23:59:59.999000+00:00,3295017469.40960,864284,13511.398,1524311940.74020,0
2025-10-29 00:00:00+00:00,112833.5,112927.5,112036.1,112459.6,16426.727,2025-10-29 03:59:59.999000+00:00,1847817696.79450,543159,8282.445,931776107.39890,0
2025-10-29 04:00:00+00:00,112459.6,113525.0,112443.5,113511.9,14258.365,2025-10-29 07:59:59.999000+00:00,1612032391.84500,452638,8139.651,920190735.70630,0
2025-10-29 08:00:00+00:00,113512.0,113581.7,112666.0,113084.5,13158.647,2025-10-29 11:59:59.999000+00:00,1487629946.82860,419613,6227.525,704106768.20730,0
2025-10-29 12:00:00+00:00,113084.6,113593.0,111326.5,111460.6,33870.214,2025-10-29 15:59:59.999000+00:00,3805241917.29880,982264,14391.176,1617418358.38690,0
2025-10-29 16:00:00+00:00,111460.7,111963.0,109026.4,110605.6,66487.33,2025-10-29 19:59:59.999000+00:00,7364696815.14210,1939484,31342.284,3472982730.48470,0
2025-10-29 20:00:00+00:00,110605.9,111744.0,109686.4,109985.6,19719.583,2025-10-29 23:59:59.999000+00:00,2185252410.55450,606560,10333.654,1145186511.10000,0
2025-10-30 00:00:00+00:00,109985.6,110957.9,109670.6,110694.5,17053.264,2025-10-30 03:59:59.999000+00:00,1883988753.98440,578433,8904.914,983676187.09100,0
2025-10-30 04:00:00+00:00,110694.4,111565.1,107817.3,111313.5,53901.189,2025-10-30 07:59:59.999000+00:00,5907580036.79220,1564818,25877.856,2836641031.28280,0
2025-10-30 08:00:00+00:00,111313.6,111400.0,109638.6,109666.0,21769.837,2025-10-30 11:59:59.999000+00:00,2403748353.59030,625319,9963.759,1100430950.15930,0
2025-10-30 12:00:00+00:00,109665.9,109736.3,107254.1,107670.6,53828.523,2025-10-30 15:59:59.999000+00:00,5823083810.53760,1683774,25845.543,2796350760.71650,0
2025-10-30 16:00:00+00:00,107670.5,108184.0,106200.0,106495.1,36902.37,2025-10-30 19:59:59.999000+00:00,3953894578.91820,1189216,17331.833,1857520433.81770,0
2025-10-30 20:00:00+00:00,106494.3,108300.0,106257.0,108263.5,22298.461,2025-10-30 23:59:59.999000+00:00,2396813894.72510,688760,12162.766,1307623004.64870,0
2025-10-31 00:00:00+00:00,108263.6,110014.4,108226.6,109186.2,32333.602,2025-10-31 03:59:59.999000+00:00,3530961499.11740,978591,16165.504,1765242932.67730,0
2025-10-31 04:00:00+00:00,109186.3,110200.0,109062.7,109400.1,23926.082,2025-10-31 07:59:59.999000+00:00,2624698288.89060,644061,12166.080,1334616826.72430,0
2025-10-31 08:00:00+00:00,109400.0,110500.0,109159.0,110375.7,19137.691,2025-10-31 11:59:59.999000+00:00,2102644806.19510,636595,10071.934,1106695659.94370,0
2025-10-31 12:00:00+00:00,110375.7,111233.0,109308.1,110160.1,44500.399,2025-10-31 15:59:59.999000+00:00,4904556420.66470,1323732,23272.586,2565460495.19170,0
2025-10-31 16:00:00+00:00,110160.1,110273.2,108600.0,109802.8,25323.478,2025-10-31 19:59:59.999000+00:00,2771052956.49390,932112,12602.658,1379054796.12030,0
2025-10-31 20:00:00+00:00,109802.7,109802.7,109277.7,109557.3,6842.524,2025-10-31 23:59:59.999000+00:00,749883516.17830,275846,3828.031,419549626.07300,0
2025-11-01 00:00:00+00:00,109557.2,110300.0,109351.5,110194.6,8752.106,2025-11-01 03:59:59.999000+00:00,961404723.02410,311644,4979.266,547140498.62830,0
2025-11-01 04:00:00+00:00,110194.6,110557.0,109885.5,110025.3,7330.524,2025-11-01 07:59:59.999000+00:00,807593685.36280,300213,3576.409,394059394.38010,0
2025-11-01 08:00:00+00:00,110025.3,110237.6,109803.0,110096.2,5172.837,2025-11-01 11:59:59.999000+00:00,569285211.44890,203222,2452.366,269885773.83570,0
2025-11-01 12:00:00+00:00,110096.3,110300.0,109654.5,110253.2,9755.49,2025-11-01 15:59:59.999000+00:00,1072678029.70510,298753,4960.574,545477176.20430,0
2025-11-01 16:00:00+00:00,110253.1,110486.4,110125.1,110249.0,6444.769,2025-11-01 19:59:59.999000+00:00,710739341.36180,210930,3198.852,352780849.51990,0
2025-11-01 20:00:00+00:00,110249.0,110487.0,109803.5,110047.2,4158.495,2025-11-01 23:59:59.999000+00:00,457967779.28720,168106,1965.752,216488353.06940,0
2025-11-02 00:00:00+00:00,110047.3,110234.4,109836.7,110008.5,4533.29,2025-11-02 03:59:59.999000+00:00,498562244.74490,176576,2400.622,264025642.52870,0
2025-11-02 04:00:00+00:00,110008.4,110988.0,109974.1,110844.1,12154.892,2025-11-02 07:59:59.999000+00:00,1342968944.52490,377442,6437.383,711264409.80390,0
2025-11-02 08:00:00+00:00,110844.0,111193.5,110302.1,111145.4,12421.938,2025-11-02 11:59:59.999000+00:00,1375270866.88310,387382,5936.165,657388695.59360,0
2025-11-02 12:00:00+00:00,111145.4,111216.0,110030.0,110066.1,13972.771,2025-11-02 15:59:59.999000+00:00,1544109267.96460,480935,6396.859,706852357.66210,0
2025-11-02 16:00:00+00:00,110066.2,110286.2,109661.2,110125.2,9115.985,2025-11-02 19:59:59.999000+00:00,1002566732.62070,319927,3763.843,413996586.07300,0
2025-11-02 20:00:00+00:00,110125.3,110700.0,109368.9,110494.9,8910.297,2025-11-02 23:59:59.999000+00:00,980609771.48930,327985,4392.719,483624796.92970,0
2025-11-03 00:00:00+00:00,110494.9,110711.0,107850.0,107886.0,27059.636,2025-11-03 03:59:59.999000+00:00,2949865903.09320,937618,12142.663,1324101328.98920,0
2025-11-03 04:00:00+00:00,107886.0,108088.8,106946.7,107420.5,24838.664,2025-11-03 07:59:59.999000+00:00,2672212875.04010,852831,12832.087,1380680605.65910,0
2025-11-03 08:00:00+00:00,107420.6,107881.4,106618.7,107737.4,20106.721,2025-11-03 11:59:59.999000+00:00,2158191308.93490,711489,9678.390,1039387665.79830,0
2025-11-03 12:00:00+00:00,107737.4,108280.0,105500.0,105718.8,48388.035,2025-11-03 15:59:59.999000+00:00,5166649806.12570,1348002,23936.087,2555498681.37400,0
2025-11-03 16:00:00+00:00,105718.8,107797.2,105300.0,107034.7,38120.26,2025-11-03 19:59:59.999000+00:00,4065853237.34080,1255647,18679.126,1992491558.67940,0
2025-11-03 20:00:00+00:00,107034.7,107120.0,105750.1,106544.0,15744.731,2025-11-03 23:59:59.999000+00:00,1677089669.82820,706358,7892.178,840714907.99100,0
2025-11-04 00:00:00+00:00,106544.0,107271.9,105820.0,107097.2,21672.139,2025-11-04 03:59:59.999000+00:00,2312391226.32810,807482,11565.412,1234063332.55290,0
2025-11-04 04:00:00+00:00,107097.1,107247.8,104125.3,104442.9,41302.896,2025-11-04 07:59:59.999000+00:00,4338415467.46250,1292589,18896.058,1984598681.30220,0
2025-11-04 08:00:00+00:00,104442.9,104656.0,103550.0,104530.7,30893.792,2025-11-04 11:59:59.999000+00:00,3213486229.14430,1031916,14570.407,1515825237.51090,0
2025-11-04 12:00:00+00:00,104530.7,104800.0,102870.0,103157.7,45886.912,2025-11-04 15:59:59.999000+00:00,4768297333.94320,1462884,22027.612,2289891429.15900,0
2025-11-04 16:00:00+00:00,103157.7,103474.1,99980.0,100507.0,81901.563,2025-11-04 19:59:59.999000+00:00,8308118306.73650,2324600,38474.458,3903270419.11810,0
2025-11-04 20:00:00+00:00,100507.0,101859.5,98888.8,101450.3,60084.858,2025-11-04 23:59:59.999000+00:00,6032484770.98310,1646175,30211.351,3036086614.76520,0
2025-11-05 00:00:00+00:00,101450.2,102222.0,98909.7,102094.8,55517.144,2025-11-05 03:59:59.999000+00:00,5595947232.03230,1812887,28279.733,2849993770.98950,0
2025-11-05 04:00:00+00:00,102094.8,102326.4,101433.3,101946.1,20988.348,2025-11-05 07:59:59.999000+00:00,2137890423.81600,805479,9623.065,980570661.25830,0
2025-11-05 08:00:00+00:00,101946.2,102174.9,101131.0,102019.4,20735.516,2025-11-05 11:59:59.999000+00:00,2107659780.09100,794249,10917.560,1109875753.47880,0
2025-11-05 12:00:00+00:00,102019.3,103750.0,101867.8,103668.3,35318.597,2025-11-05 15:59:59.999000+00:00,3631556221.41790,1316018,19055.850,1959609403.84390,0
2025-11-05 16:00:00+00:00,103668.2,104496.6,102972.8,103950.0,22268.689,2025-11-05 19:59:59.999000+00:00,2311650474.81080,859087,10887.374,1130507575.02790,0
2025-11-05 20:00:00+00:00,103950.0,104497.6,103240.5,103837.0,12941.8,2025-11-05 23:59:59.999000+00:00,1343013694.77130,498302,6505.690,675272072.85410,0
2025-11-06 00:00:00+00:00,103837.0,103919.7,102684.7,103598.3,17770.869,2025-11-06 03:59:59.999000+00:00,1835329487.31600,669857,8230.510,850226874.11840,0
2025-11-06 04:00:00+00:00,103598.3,104210.2,102850.1,103138.6,13713.371,2025-11-06 07:59:59.999000+00:00,1418257717.91140,604990,7230.185,747976844.30320,0
2025-11-06 08:00:00+00:00,103138.6,103406.0,102611.5,103182.6,12724.785,2025-11-06 11:59:59.999000+00:00,1310623650.58000,548865,5698.991,587028528.93960,0
2025-11-06 12:00:00+00:00,103182.6,103585.0,101570.5,101981.6,41011.914,2025-11-06 15:59:59.999000+00:00,4202993407.55040,1410765,20571.881,2108457245.41600,0
2025-11-06 16:00:00+00:00,101981.6,102367.9,100238.4,101335.9,44808.954,2025-11-06 19:59:59.999000+00:00,4539435428.75850,1486354,23502.187,2381405052.23680,0
2025-11-06 20:00:00+00:00,101335.9,101599.6,100500.0,101305.6,14999.928,2025-11-06 23:59:59.999000+00:00,1515633243.55060,600095,7758.833,783989481.73640,0
2025-11-07 00:00:00+00:00,101305.6,102311.0,100700.1,101863.5,20217.531,2025-11-07 03:59:59.999000+00:00,2051940944.71140,868760,9848.871,999557877.77280,0
2025-11-07 04:00:00+00:00,101863.4,102480.4,101530.0,101978.8,13280.182,2025-11-07 07:59:59.999000+00:00,1354971566.48400,482020,6480.578,661207748.91720,0
2025-11-07 08:00:00+00:00,101978.2,102024.7,99750.0,100369.1,30839.672,2025-11-07 11:59:59.999000+00:00,3101644703.63450,794863,13697.552,1377731719.05760,0
2025-11-07 12:00:00+00:00,100369.2,101230.0,99200.0,100758.0,47608.527,2025-11-07 15:59:59.999000+00:00,4773150933.84970,1618895,24281.842,2435510391.61190,0
2025-11-07 16:00:00+00:00,100758.0,103350.7,100468.9,103350.0,34409.209,2025-11-07 19:59:59.999000+00:00,3512126814.89430,1302105,17631.745,1799581885.19120,0
2025-11-07 20:00:00+00:00,103350.0,104070.7,102889.6,103305.2,17612.337,2025-11-07 23:59:59.999000+00:00,1824391449.42530,536412,8720.708,903615044.60680,0
2025-11-08 00:00:00+00:00,103305.3,103373.8,102488.0,102545.8,15693.661,2025-11-08 03:59:59.999000+00:00,1615609105.92050,571384,7198.744,741096917.65570,0
2025-11-08 04:00:00+00:00,102545.8,102794.0,101853.8,102302.9,14868.115,2025-11-08 07:59:59.999000+00:00,1521785971.90640,520588,6682.083,683956952.27230,0
2025-11-08 08:00:00+00:00,102302.8,102654.1,101647.7,101805.6,11719.209,2025-11-08 11:59:59.999000+00:00,1197988470.58850,410895,5680.089,580863299.86950,0
2025-11-08 12:00:00+00:00,101805.6,102142.9,101400.1,101678.0,14407.901,2025-11-08 15:59:59.999000+00:00,1466345472.88030,528921,6512.248,662882107.00740,0
2025-11-08 16:00:00+00:00,101678.1,102182.7,101471.1,101934.3,8852.243,2025-11-08 19:59:59.999000+00:00,901264460.62950,328218,4412.480,449298365.34450,0
2025-11-08 20:00:00+00:00,101934.4,102443.9,101906.6,102269.3,5150.82,2025-11-08 23:59:59.999000+00:00,526456497.57880,199202,2541.254,259735272.88490,0
2025-11-09 00:00:00+00:00,102269.3,102294.9,101300.0,101622.9,8613.569,2025-11-09 03:59:59.999000+00:00,876591908.94140,392355,4041.941,411331398.46230,0
2025-11-09 04:00:00+00:00,101623.0,102097.0,101602.1,101898.2,6756.373,2025-11-09 07:59:59.999000+00:00,687907886.22810,296812,3472.552,353555396.60020,0
2025-11-09 08:00:00+00:00,101898.3,102274.9,101457.0,102198.2,9506.279,2025-11-09 11:59:59.999000+00:00,968381829.46140,363772,5164.165,526053926.15920,0
2025-11-09 12:00:00+00:00,102198.2,104180.0,102001.0,103715.8,29922.195,2025-11-09 15:59:59.999000+00:00,3086336643.67240,925458,16032.754,1653957062.42430,0
2025-11-09 16:00:00+00:00,103715.8,104780.0,103290.8,104764.1,19690.095,2025-11-09 19:59:59.999000+00:00,2048522957.96610,635575,10639.366,1107325677.79550,0
2025-11-09 20:00:00+00:00,104764.1,105440.0,103999.5,104670.6,17879.159,2025-11-09 23:59:59.999000+00:00,1871585373.69410,618009,8762.566,917529665.91680,0
2025-11-10 00:00:00+00:00,104670.7,106666.0,104205.9,105990.6,32933.122,2025-11-10 03:59:59.999000+00:00,3486553747.84120,1047249,16503.906,1747255152.94730,0
2025-11-10 04:00:00+00:00,105990.6,106499.0,105800.0,106417.7,12528.833,2025-11-10 07:59:59.999000+00:00,1330066540.37440,482027,5890.035,625341563.62520,0
2025-11-10 08:00:00+00:00,106417.6,106570.0,105780.1,106136.6,13572.766,2025-11-10 11:59:59.999000+00:00,1440879258.87580,456807,6450.475,684846243.61510,0
2025-11-10 12:00:00+00:00,106136.5,106566.7,104615.7,105028.9,33078.144,2025-11-10 15:59:59.999000+00:00,3490831679.75330,1051431,15583.849,1644833733.45930,0
2025-11-10 16:00:00+00:00,105028.9,106081.1,104735.6,105767.2,16326.419,2025-11-10 19:59:59.999000+00:00,1721985507.01270,698782,8085.740,852939389.40820,0
2025-11-10 20:00:00+00:00,105767.1,106249.6,105202.7,105966.3,11964.254,2025-11-10 23:59:59.999000+00:00,1266227563.47540,476356,6030.190,638239953.51460,0
2025-11-11 00:00:00+00:00,105966.3,107473.7,105399.6,106407.3,30111.804,2025-11-11 03:59:59.999000+00:00,3206531981.27350,1084281,15708.301,1673143121.58990,0
2025-11-11 04:00:00+00:00,106407.4,106496.6,104685.3,104737.0,20998.664,2025-11-11 07:59:59.999000+00:00,2211071529.02530,737116,9727.139,1024191107.26580,0
2025-11-11 08:00:00+00:00,104737.1,105464.2,104718.2,105256.2,11555.593,2025-11-11 11:59:59.999000+00:00,1214832678.97170,492742,5629.962,591924760.95190,0
2025-11-11 12:00:00+00:00,105256.2,105459.8,103135.2,103417.2,35003.229,2025-11-11 15:59:59.999000+00:00,3645359822.42660,1133143,16026.918,1669083837.65870,0
2025-11-11 16:00:00+00:00,103417.2,103694.8,102777.0,103073.6,19238.124,2025-11-11 19:59:59.999000+00:00,1986319614.70440,778211,9373.622,967998368.60960,0
2025-11-11 20:00:00+00:00,103073.6,103183.8,102400.0,103005.8,15696.36,2025-11-11 23:59:59.999000+00:00,1613724401.31900,534722,7982.019,820726721.53860,0
2025-11-12 00:00:00+00:00,103005.8,103399.4,102629.5,103267.2,13122.938,2025-11-12 03:59:59.999000+00:00,1352846599.45110,564670,6718.766,692702863.29050,0
2025-11-12 04:00:00+00:00,103267.2,103605.0,102941.6,103066.7,8824.55,2025-11-12 07:59:59.999000+00:00,911643787.17600,344689,4007.616,414074954.85990,0
2025-11-12 08:00:00+00:00,103066.7,105162.6,103066.7,104979.9,27402.495,2025-11-12 11:59:59.999000+00:00,2862907486.68070,819621,14726.234,1538112442.59650,0
2025-11-12 12:00:00+00:00,104979.9,105297.0,101900.0,102124.9,41940.216,2025-11-12 15:59:59.999000+00:00,4353134600.00200,1284552,19052.613,1977570323.18690,0
2025-11-12 16:00:00+00:00,102124.9,102249.2,100711.0,101245.4,37825.035,2025-11-12 19:59:59.999000+00:00,3840839266.91870,1246864,18776.429,1907025817.47440,0
2025-11-12 20:00:00+00:00,101245.3,101964.5,101087.8,101605.8,11761.042,2025-11-12 23:59:59.999000+00:00,1195450248.04990,443104,6257.712,636111121.39750,0
2025-11-13 00:00:00+00:00,101605.8,102581.7,100850.0,102088.1,22639.572,2025-11-13 03:59:59.999000+00:00,2307989125.65460,859127,11298.345,1152202663.14650,0
2025-11-13 04:00:00+00:00,102088.0,104024.6,101602.2,103430.9,34325.354,2025-11-13 07:59:59.999000+00:00,3538707516.88110,1048426,18192.614,1875923501.91980,0
2025-11-13 08:00:00+00:00,103430.9,103765.4,102509.1,102900.0,18566.647,2025-11-13 11:59:59.999000+00:00,1913493282.33560,639137,8617.012,888224279.39820,0
2025-11-13 12:00:00+00:00,102900.1,103456.0,101135.0,101338.0,45078.899,2025-11-13 15:59:59.999000+00:00,4613957861.95670,1518004,22402.171,2293442546.11870,0
2025-11-13 16:00:00+00:00,101338.0,101495.7,98100.0,98643.1,75018.436,2025-11-13 19:59:59.999000+00:00,7469567384.37780,2034828,36419.010,3624305643.54450,0
2025-11-13 20:00:00+00:00,98643.1,100485.8,97959.0,99654.3,40417.891,2025-11-13 23:59:59.999000+00:00,4001341157.65860,1182962,20866.794,2067757163.84730,0
2025-11-14 00:00:00+00:00,99654.3,99862.8,98657.0,99103.3,28715.78,2025-11-14 03:59:59.999000+00:00,2849034773.58710,1108256,12653.131,1255790359.52240,0
2025-11-14 04:00:00+00:00,99103.3,99152.0,95840.9,97099.9,71313.808,2025-11-14 07:59:59.999000+00:00,6939178376.27960,2109158,32486.769,3161352966.64650,0
2025-11-14 08:00:00+00:00,97099.9,97520.0,95597.9,96134.6,31110.834,2025-11-14 11:59:59.999000+00:00,3007357600.98100,1008730,14741.353,1425488171.02670,0
2025-11-14 12:00:00+00:00,96134.5,97280.0,94500.0,96752.6,82600.541,2025-11-14 15:59:59.999000+00:00,7903512754.14040,2428850,40438.488,3870813491.67060,0
2025-11-14 16:00:00+00:00,96752.7,97377.6,94741.2,95737.3,42316.61,2025-11-14 19:59:59.999000+00:00,4063858579.78450,1413942,20170.891,1937137170.23990,0
2025-11-14 20:00:00+00:00,95737.4,95900.0,93955.0,94544.9,31015.21,2025-11-14 23:59:59.999000+00:00,2936976993.89130,1062820,15264.391,1445839621.91040,0
2025-11-15 00:00:00+00:00,94544.9,96800.0,94523.9,96388.5,27406.464,2025-11-15 03:59:59.999000+00:00,2623238815.08410,988257,16511.255,1580477087.63150,0
2025-11-15 04:00:00+00:00,96388.5,96543.8,95900.1,96289.4,13884.426,2025-11-15 07:59:59.999000+00:00,1335044005.14400,474795,6963.571,669644938.23270,0
2025-11-15 08:00:00+00:00,96289.3,96310.4,95587.3,95657.3,12856.23,2025-11-15 11:59:59.999000+00:00,1232679708.15650,515752,6154.915,590192764.43860,0
2025-11-15 12:00:00+00:00,95657.3,96439.6,95534.1,96222.1,13204.02,2025-11-15 15:59:59.999000+00:00,1268462041.56140,514123,6501.441,624561192.83430,0
2025-11-15 16:00:00+00:00,96222.1,96362.5,95677.7,95967.7,11960.891,2025-11-15 19:59:59.999000+00:00,1148123545.14520,422507,5571.201,534784427.30260,0
2025-11-15 20:00:00+00:00,95967.7,95979.1,95072.1,95560.3,10908.288,2025-11-15 23:59:59.999000+00:00,1041291577.34630,375857,5500.864,525112190.49330,0
2025-11-16 00:00:00+00:00,95560.4,95946.4,94800.0,95782.0,12634.047,2025-11-16 03:59:59.999000+00:00,1205155421.00250,541006,6617.022,631397677.39110,0
2025-11-16 04:00:00+00:00,95782.0,96170.6,95602.0,96064.8,8616.379,2025-11-16 07:59:59.999000+00:00,826244663.15520,297350,4468.031,428496204.09480,0
2025-11-16 08:00:00+00:00,96064.8,96600.0,95443.6,95588.0,16713.435,2025-11-16 11:59:59.999000+00:00,1604705851.10010,529498,8064.184,774384067.46340,0
2025-11-16 12:00:00+00:00,95588.0,95870.0,94300.0,94531.3,18869.751,2025-11-16 15:59:59.999000+00:00,1797066884.75820,642998,8345.741,795343231.83900,0
2025-11-16 16:00:00+00:00,94531.2,95544.8,93677.4,93994.5,44324.084,2025-11-16 19:59:59.999000+00:00,4183158298.24610,1407943,20765.933,1960339721.95830,0
2025-11-16 20:00:00+00:00,93994.5,94700.0,92922.8,94221.7,34591.813,2025-11-16 23:59:59.999000+00:00,3242493493.64360,1184853,16889.569,1583781493.73400,0
2025-11-17 00:00:00+00:00,94221.7,95539.3,93730.0,95472.1,24659.317,2025-11-17 03:59:59.999000+00:00,2340429958.69160,921248,13026.031,1236426067.90390,0
2025-11-17 04:00:00+00:00,95472.0,95838.0,94850.0,95587.9,15760.621,2025-11-17 07:59:59.999000+00:00,1501137679.83910,601951,7200.013,685957156.26100,0
2025-11-17 08:00:00+00:00,95587.9,95980.1,95268.9,95530.1,14932.07,2025-11-17 11:59:59.999000+00:00,1428195199.46400,499172,6937.100,663548191.81930,0
2025-11-17 12:00:00+00:00,95530.0,96012.2,93511.8,93915.7,58887.551,2025-11-17 15:59:59.999000+00:00,5570396847.23870,1801471,28182.436,2665967803.01210,0
2025-11-17 16:00:00+00:00,93915.8,94388.0,91550.2,91656.2,60184.076,2025-11-17 19:59:59.999000+00:00,5588430061.26400,1720580,27978.756,2598078105.24230,0
2025-11-17 20:00:00+00:00,91656.2,92370.9,91250.0,92169.7,30737.65,2025-11-17 23:59:59.999000+00:00,2822878567.29210,905306,14703.285,1350473999.03740,0
2025-11-18 00:00:00+00:00,92169.8,92335.4,89666.1,90811.9,54125.497,2025-11-18 03:59:59.999000+00:00,4925895505.25650,1622831,24727.684,2251697849.36170,0
2025-11-18 04:00:00+00:00,90811.8,90842.1,89012.0,90459.1,44370.545,2025-11-18 07:59:59.999000+00:00,3991086321.85670,1384231,21058.668,1894530171.12580,0
2025-11-18 08:00:00+00:00,90459.2,91567.0,90459.1,91473.6,28352.843,2025-11-18 11:59:59.999000+00:00,2585386336.83790,886782,14290.768,1303028122.01010,0
2025-11-18 12:00:00+00:00,91474.1,92991.7,90888.0,92851.4,58085.185,2025-11-18 15:59:59.999000+00:00,5336078414.24420,1723346,29408.369,2702163139.33690,0
2025-11-18 16:00:00+00:00,92851.5,93799.1,92532.0,93143.1,33005.355,2025-11-18 19:59:59.999000+00:00,3079103993.86170,1072779,16437.199,1533631563.75550,0
2025-11-18 20:00:00+00:00,93143.1,93400.0,92420.3,92916.9,14751.731,2025-11-18 23:59:59.999000+00:00,1370099530.14010,487938,7863.794,730430573.87530,0
2025-11-19 00:00:00+00:00,92916.8,92944.8,91600.0,91842.2,24522.251,2025-11-19 03:59:59.999000+00:00,2262417937.71820,847333,11279.734,1040825361.10590,0
2025-11-19 04:00:00+00:00,91842.1,91987.2,89966.0,91826.6,46058.357,2025-11-19 07:59:59.999000+00:00,4187577674.20540,1075434,22698.428,2064034960.93050,0
2025-11-19 08:00:00+00:00,91826.6,91920.0,91038.9,91372.4,19679.241,2025-11-19 11:59:59.999000+00:00,1799889173.65310,587231,9450.485,864563565.18460,0
2025-11-19 12:00:00+00:00,91372.3,92348.2,89822.0,89901.0,42278.255,2025-11-19 15:59:59.999000+00:00,3855898092.96620,1276983,20049.206,1829298807.04790,0
2025-11-19 16:00:00+00:00,89901.0,90202.5,88600.0,88857.7,54170.658,2025-11-19 19:59:59.999000+00:00,4841809981.57300,1527787,26778.314,2393843319.73440,0
2025-11-19 20:00:00+00:00,88857.8,91554.9,88564.4,91508.9,39729.688,2025-11-19 23:59:59.999000+00:00,3584053608.07940,1005714,21338.701,1925252966.79820,0
2025-11-20 00:00:00+00:00,91509.0,92760.0,91140.2,92404.6,26837.515,2025-11-20 03:59:59.999000+00:00,2475482527.41220,835897,12756.149,1176457311.65070,0
2025-11-20 04:00:00+00:00,92404.7,93150.0,91640.2,92267.4,27995.866,2025-11-20 07:59:59.999000+00:00,2586448414.53670,736756,14013.951,1295229052.76380,0
2025-11-20 08:00:00+00:00,92267.5,92363.1,91388.5,91892.6,17102.033,2025-11-20 11:59:59.999000+00:00,1570667235.77100,547095,7903.325,725839086.91020,0
2025-11-20 12:00:00+00:00,91892.7,92498.6,89804.1,89835.4,50957.631,2025-11-20 15:59:59.999000+00:00,4642139095.05490,1664461,24956.057,2274418181.73110,0
2025-11-20 16:00:00+00:00,89835.5,89885.7,86066.6,86880.3,114064.312,2025-11-20 19:59:59.999000+00:00,9986158174.91380,2899433,53908.905,4720686688.44150,0
2025-11-20 20:00:00+00:00,86880.2,88214.1,86291.7,86601.3,39555.67,2025-11-20 23:59:59.999000+00:00,3449232570.35260,1018871,19891.686,1734810286.07680,0
2025-11-21 00:00:00+00:00,86601.4,87465.4,85288.0,85782.5,45579.338,2025-11-21 03:59:59.999000+00:00,3934311567.14530,1440835,19712.379,1702558969.00840,0
2025-11-21 04:00:00+00:00,85782.4,86313.2,81111.0,84006.7,78365.775,2025-11-21 07:59:59.999000+00:00,6611787304.59970,1778896,33793.674,2853681922.95560,0
2025-11-21 08:00:00+00:00,84006.7,84667.1,81601.7,82279.1,84124.192,2025-11-21 11:59:59.999000+00:00,6976797485.57520,2269804,39932.056,3311647079.40880,0
2025-11-21 12:00:00+00:00,82279.2,85449.2,80600.0,82905.1,129537.87,2025-11-21 15:59:59.999000+00:00,10789205509.76160,3422308,64058.245,5339630344.08180,0
2025-11-21 16:00:00+00:00,82905.0,85548.4,82300.0,84167.2,80734.325,2025-11-21 19:59:59.999000+00:00,6794365243.61990,2199292,40107.525,3375629811.40670,0
2025-11-21 20:00:00+00:00,84167.1,85374.5,83418.4,85093.5,31462.824,2025-11-21 23:59:59.999000+00:00,2659737424.50470,995190,16311.808,1379031926.15590,0
2025-11-22 00:00:00+00:00,85093.6,85599.9,84180.0,84414.1,19897.887,2025-11-22 03:59:59.999000+00:00,1687067980.90340,721754,9427.800,799463969.95380,0
2025-11-22 04:00:00+00:00,84414.0,84764.3,83792.0,84537.4,15965.292,2025-11-22 07:59:59.999000+00:00,1344791191.67960,595130,8014.501,675243881.05280,0
2025-11-22 08:00:00+00:00,84537.4,84546.4,83456.0,84066.2,20664.044,2025-11-22 11:59:59.999000+00:00,1735078903.45780,616963,10267.781,862144336.33650,0
2025-11-22 12:00:00+00:00,84066.2,84712.7,83578.5,84239.9,18582.456,2025-11-22 15:59:59.999000+00:00,1562700463.04020,628784,9301.095,782163951.45640,0
2025-11-22 16:00:00+00:00,84239.9,84888.0,84175.0,84566.7,9063.108,2025-11-22 19:59:59.999000+00:00,766362255.28640,369116,4563.968,385943312.14200,0
2025-11-22 20:00:00+00:00,84566.8,85238.3,84193.8,84689.4,10024.268,2025-11-22 23:59:59.999000+00:00,848940401.59490,369226,5307.263,449554226.84230,0
2025-11-23 00:00:00+00:00,84689.4,86300.0,84622.0,86261.0,24200.097,2025-11-23 03:59:59.999000+00:00,2073330083.13970,748527,13217.330,1132204740.35980,0
2025-11-23 04:00:00+00:00,86261.0,86826.8,85348.7,85732.0,24602.446,2025-11-23 07:59:59.999000+00:00,2119558813.74780,634417,11263.709,970840117.46150,0
2025-11-23 08:00:00+00:00,85732.1,86438.5,85724.7,86290.3,16673.741,2025-11-23 11:59:59.999000+00:00,1435212201.38960,450792,7883.525,678629139.34280,0
2025-11-23 12:00:00+00:00,86290.3,87222.0,86222.0,87042.8,26845.253,2025-11-23 15:59:59.999000+00:00,2327548160.49930,732116,13215.434,1145975724.43020,0
2025-11-23 16:00:00+00:00,87042.8,87653.9,86458.0,87276.7,24543.305,2025-11-23 19:59:59.999000+00:00,2137113657.14950,667006,12602.233,1097511442.81040,0
2025-11-23 20:00:00+00:00,87276.7,88100.0,86700.0,86807.7,22065.231,2025-11-23 23:59:59.999000+00:00,1929203008.58910,633940,11013.017,963119886.32360,0
2025-11-24 00:00:00+00:00,86807.6,88049.5,85915.0,87408.8,36758.713,2025-11-24 03:59:59.999000+00:00,3198515549.13940,1097920,18479.518,1608264225.93380,0
2025-11-24 04:00:00+00:00,87408.7,87795.9,86400.0,87004.6,26095.166,2025-11-24 07:59:59.999000+00:00,2271211938.89740,831671,12517.794,1089626816.83410,0
2025-11-24 08:00:00+00:00,87004.6,87004.6,85654.1,86232.5,25190.047,2025-11-24 11:59:59.999000+00:00,2170688829.39850,729845,11969.736,1031432246.10980,0
2025-11-24 12:00:00+00:00,86232.5,86700.0,85226.4,86571.0,47419.81,2025-11-24 15:59:59.999000+00:00,4083277603.86540,1314093,23197.631,1998309298.94870,0
2025-11-24 16:00:00+00:00,86571.1,88788.0,86571.0,88277.0,51453.968,2025-11-24 19:59:59.999000+00:00,4519927534.62870,1217408,25533.913,2242387370.51960,0
2025-11-24 20:00:00+00:00,88277.1,89177.3,88205.3,88247.1,24195.628,2025-11-24 23:59:59.999000+00:00,2146646990.61020,569931,11731.507,1041104400.52240,0
2025-11-25 00:00:00+00:00,88247.1,88247.1,87378.8,87775.1,19713.977,2025-11-25 03:59:59.999000+00:00,1731841753.18820,545443,9608.940,844219599.18540,0
2025-11-25 04:00:00+00:00,87775.0,88477.6,87240.0,87362.2,17064.891,2025-11-25 07:59:59.999000+00:00,1499934160.05680,443156,8723.318,767088109.07710,0
2025-11-25 08:00:00+00:00,87362.2,87585.7,86628.4,87311.9,23787.173,2025-11-25 11:59:59.999000+00:00,2072000404.47700,579621,10618.141,925046625.61500,0
2025-11-25 12:00:00+00:00,87312.0,87732.7,86061.1,86946.5,39724.105,2025-11-25 15:59:59.999000+00:00,3451871006.49310,1051487,18508.913,1608272838.34810,0
2025-11-25 16:00:00+00:00,86946.6,88115.0,86132.7,86835.0,30082.125,2025-11-25 19:59:59.999000+00:00,2621992184.64000,797027,15594.614,1359579369.33380,0
2025-11-25 20:00:00+00:00,86835.1,87869.4,86542.0,87324.1,19265.384,2025-11-25 23:59:59.999000+00:00,1680480430.02580,518172,9671.014,843760704.47750,0
2025-11-26 00:00:00+00:00,87324.1,88200.0,87022.2,87088.5,17140.975,2025-11-26 03:59:59.999000+00:00,1502013943.15810,526766,8275.626,725344563.52410,0
2025-11-26 04:00:00+00:00,87088.4,87947.0,86851.1,87896.2,14105.593,2025-11-26 07:59:59.999000+00:00,1233288675.36260,376977,7320.523,640097027.13940,0
2025-11-26 08:00:00+00:00,87896.2,87909.2,86630.0,87049.2,17454.952,2025-11-26 11:59:59.999000+00:00,1519512279.98840,388862,8541.957,743502982.45080,0
2025-11-26 12:00:00+00:00,87049.1,87646.8,86260.9,86926.2,36287.132,2025-11-26 15:59:59.999000+00:00,3153842758.43550,876725,16130.531,1402250007.62900,0
2025-11-26 16:00:00+00:00,86926.3,90362.7,86914.3,89923.3,54312.066,2025-11-26 19:59:59.999000+00:00,4838895275.68120,1122629,27672.890,2464802239.78320,0
2025-11-26 20:00:00+00:00,89923.3,90655.4,89458.7,90438.1,19845.815,2025-11-26 23:59:59.999000+00:00,1788378441.59680,482879,9896.576,891898564.70490,0
2025-11-27 00:00:00+00:00,90438.0,91850.0,90024.4,91049.3,32745.927,2025-11-27 03:59:59.999000+00:00,2980706816.51630,757087,17162.124,1562540613.58950,0
2025-11-27 04:00:00+00:00,91049.3,91520.0,90843.8,91361.5,14177.4,2025-11-27 07:59:59.999000+00:00,1292953482.01700,419980,6875.905,627139716.88440,0
2025-11-27 08:00:00+00:00,91361.4,91931.9,91177.2,91334.9,18138.117,2025-11-27 11:59:59.999000+00:00,1659861391.34290,372418,7974.566,729885817.30690,0
2025-11-27 12:00:00+00:00,91334.9,91418.4,90410.6,90912.9,24029.717,2025-11-27 15:59:59.999000+00:00,2182974904.96510,566438,11736.480,1066194603.24100,0
2025-11-27 16:00:00+00:00,90913.0,91800.0,90800.4,91489.0,17191.032,2025-11-27 19:59:59.999000+00:00,1570516841.05480,446433,8646.474,789882399.80700,0
2025-11-27 20:00:00+00:00,91489.0,91562.8,91058.4,91292.2,7403.039,2025-11-27 23:59:59.999000+00:00,676367629.86340,235960,3527.181,322263333.73150,0
2025-11-28 00:00:00+00:00,91292.2,91386.6,90612.2,91168.0,13757.156,2025-11-28 03:59:59.999000+00:00,1251117549.64370,383790,6721.542,611334185.83830,0
2025-11-28 04:00:00+00:00,91168.0,91690.0,90824.1,90870.2,13510.903,2025-11-28 07:59:59.999000+00:00,1233609178.45220,325440,6560.078,599010664.36180,0
2025-11-28 08:00:00+00:00,90870.2,92000.0,90863.6,91382.9,21589.404,2025-11-28 11:59:59.999000+00:00,1973893466.98960,538057,11154.394,1019948354.56520,0
2025-11-28 12:00:00+00:00,91383.0,93080.0,91314.4,92299.9,48122.799,2025-11-28 15:59:59.999000+00:00,4438099591.01870,1025315,25094.970,2314860877.03720,0
2025-11-28 16:00:00+00:00,92299.8,92323.6,90155.0,91106.1,41246.173,2025-11-28 19:59:59.999000+00:00,3751496859.90050,856478,20846.020,1895504705.17750,0
2025-11-28 20:00:00+00:00,91106.0,91209.0,90657.6,90847.8,8693.912,2025-11-28 23:59:59.999000+00:00,790942439.58820,241213,4133.658,376117049.87460,0
2025-11-29 00:00:00+00:00,90847.8,91078.4,90500.0,90638.0,7053.901,2025-11-29 03:59:59.999000+00:00,640145178.10700,204990,3409.389,309426201.05650,0
2025-11-29 04:00:00+00:00,90638.1,90884.8,90265.2,90523.5,9280.403,2025-11-29 07:59:59.999000+00:00,840380094.52240,240715,4382.266,396925989.85790,0
2025-11-29 08:00:00+00:00,90523.4,90691.5,90335.2,90633.7,6285.01,2025-11-29 11:59:59.999000+00:00,569067896.75210,195645,3082.944,279173470.90030,0
2025-11-29 12:00:00+00:00,90633.8,91068.1,90484.3,91030.0,8755.57,2025-11-29 15:59:59.999000+00:00,794684812.15450,223974,4794.569,435222949.05580,0
2025-11-29 16:00:00+00:00,91030.0,91130.0,90092.7,90602.9,14802.817,2025-11-29 19:59:59.999000+00:00,1340529258.78730,347104,6710.699,607864451.33450,0
2025-11-29 20:00:00+00:00,90602.9,91020.0,90363.0,90765.0,8018.978,2025-11-29 23:59:59.999000+00:00,727871050.88890,209837,4076.053,370089074.32440,0
2025-11-30 00:00:00+00:00,90764.9,91016.0,90414.0,90873.0,6739.259,2025-11-30 03:59:59.999000+00:00,611722766.48640,184770,3446.769,312884255.31810,0
2025-11-30 04:00:00+00:00,90872.9,90999.4,90626.2,90924.5,4260.813,2025-11-30 07:59:59.999000+00:00,387014734.77110,139397,2229.342,202500434.90800,0
2025-11-30 08:00:00+00:00,90924.5,91580.0,90879.3,91000.9,14264.111,2025-11-30 11:59:59.999000+00:00,1301389966.57600,345695,7733.445,705665913.75820,0
2025-11-30 12:00:00+00:00,91000.9,91934.4,90960.0,91405.8,16461.441,2025-11-30 15:59:59.999000+00:00,1506560883.98750,398505,9070.931,830173905.62550,0
2025-11-30 16:00:00+00:00,91405.9,91818.8,91088.1,91423.2,8957.664,2025-11-30 19:59:59.999000+00:00,819356817.44540,240002,4606.770,421353497.87850,0
2025-11-30 20:00:00+00:00,91423.1,91592.3,90300.0,90320.6,15456.43,2025-11-30 23:59:59.999000+00:00,1404436820.10760,362323,6469.048,588009522.96900,0
2025-12-01 00:00:00+00:00,90320.5,90396.9,86126.0,86319.2,80222.892,2025-12-01 03:59:59.999000+00:00,7039489732.65540,1855815,36874.165,3233775154.14590,0
2025-12-01 04:00:00+00:00,86319.1,86524.6,85563.7,86487.6,31809.427,2025-12-01 07:59:59.999000+00:00,2736135155.16740,724839,15823.394,1361244910.88530,0
2025-12-01 08:00:00+00:00,86487.3,86886.0,86090.0,86100.1,19775.516,2025-12-01 11:59:59.999000+00:00,1711379516.37880,483404,9410.454,814434817.85770,0
2025-12-01 12:00:00+00:00,86100.0,86625.0,83786.0,84650.0,83435.905,2025-12-01 15:59:59.999000+00:00,7125267853.70910,1778100,40852.968,3489411480.32910,0
2025-12-01 16:00:00+00:00,84650.0,85528.7,84011.0,84985.0,46606.811,2025-12-01 19:59:59.999000+00:00,3954722200.76730,1128327,25733.401,2184291326.85450,0
2025-12-01 20:00:00+00:00,84985.0,86817.0,84966.8,86241.6,34996.615,2025-12-01 23:59:59.999000+00:00,3010929787.80160,797502,19082.095,1641357923.21230,0
2025-12-02 00:00:00+00:00,86241.5,87384.0,86140.1,86936.0,23647.179,2025-12-02 03:59:59.999000+00:00,2048707029.21440,697154,12629.432,1094324423.36850,0
2025-12-02 04:00:00+00:00,86935.9,87245.9,86772.0,86965.0,11979.706,2025-12-02 07:59:59.999000+00:00,1041961329.48850,377268,5805.492,504975764.68660,0
2025-12-02 08:00:00+00:00,86965.0,87640.0,86321.0,87326.9,24568.861,2025-12-02 11:59:59.999000+00:00,2134963767.50920,584196,12486.402,1085399099.78580,0
2025-12-02 12:00:00+00:00,87327.0,91211.3,87005.0,90809.2,78565.044,2025-12-02 15:59:59.999000+00:00,7009801706.43910,1736982,41583.774,3711414469.33720,0
2025-12-02 16:00:00+00:00,90809.2,92273.2,90156.4,91849.9,54905.622,2025-12-02 19:59:59.999000+00:00,5017131905.68280,1248108,28164.496,2574354743.96280,0
2025-12-02 20:00:00+00:00,91849.9,91970.4,90643.5,91249.1,34434.753,2025-12-02 23:59:59.999000+00:00,3145452878.94210,676659,15303.864,1398025670.05780,0
2025-12-03 00:00:00+00:00,91249.1,93068.9,90954.8,92589.2,30608.344,2025-12-03 03:59:59.999000+00:00,2822204248.24570,922504,17309.353,1596207451.46000,0
2025-12-03 04:00:00+00:00,92589.2,93932.7,92578.0,92969.9,37966.712,2025-12-03 07:59:59.999000+00:00,3541426292.07410,960594,18839.184,1757479735.26430,0
2025-12-03 08:00:00+00:00,92970.0,93338.4,92602.8,92957.7,21367.918,2025-12-03 11:59:59.999000+00:00,1985409068.88050,591344,10475.934,973545261.40450,0
2025-12-03 12:00:00+00:00,92957.6,93653.6,91637.4,92332.9,58413.578,2025-12-03 15:59:59.999000+00:00,5404029954.32360,1454269,27196.399,2517353083.04990,0
2025-12-03 16:00:00+00:00,92333.0,93471.1,91733.2,92995.8,30690.222,2025-12-03 19:59:59.999000+00:00,2842865591.93620,870872,16478.413,1526898136.08250,0
2025-12-03 20:00:00+00:00,92995.8,94185.0,92784.3,93376.7,22251.543,2025-12-03 23:59:59.999000+00:00,2079879888.84430,635355,11429.391,1068552955.78460,0
2025-12-04 00:00:00+00:00,93376.8,94040.0,92628.0,93499.9,24501.316,2025-12-04 03:59:59.999000+00:00,2288247102.55720,688446,12838.899,1199218805.63750,0
2025-12-04 04:00:00+00:00,93500.0,93549.2,92737.0,93358.6,16001.449,2025-12-04 07:59:59.999000+00:00,1490059383.74870,404663,8029.135,747760714.19270,0
2025-12-04 08:00:00+00:00,93358.5,93600.0,92666.1,92894.9,16325.267,2025-12-04 11:59:59.999000+00:00,1521350054.66880,447913,7889.591,735340094.80210,0
2025-12-04 12:00:00+00:00,92894.9,93256.3,91762.0,92933.5,38745.228,2025-12-04 15:59:59.999000+00:00,3586141350.18730,1046475,17962.557,1663024184.26290,0
2025-12-04 16:00:00+00:00,92933.4,93143.4,90822.5,91941.5,38482.82,2025-12-04 19:59:59.999000+00:00,3539153368.33400,1090904,18940.781,1741885984.37270,0
2025-12-04 20:00:00+00:00,91941.5,92676.8,91649.8,92034.7,12716.347,2025-12-04 23:59:59.999000+00:00,1172490150.19590,485501,6290.342,580099757.85540,0
2025-12-05 00:00:00+00:00,92034.7,92665.5,91917.7,92104.9,10956.852,2025-12-05 03:59:59.999000+00:00,1011594438.76900,370564,5366.147,495461394.18860,0
2025-12-05 04:00:00+00:00,92104.8,92455.4,91750.6,92227.5,12306.339,2025-12-05 07:59:59.999000+00:00,1133334129.24940,370736,6468.576,595769396.82320,0
2025-12-05 08:00:00+00:00,92227.6,92227.6,90940.4,91307.9,21552.042,2025-12-05 11:59:59.999000+00:00,1969451470.89220,563096,10255.842,937124546.35990,0
2025-12-05 12:00:00+00:00,91308.0,91445.2,89863.0,90414.0,55291.144,2025-12-05 15:59:59.999000+00:00,5014258116.80380,1238536,27329.085,2478800776.20840,0
2025-12-05 16:00:00+00:00,90413.9,90460.0,87976.3,89590.5,66447.207,2025-12-05 19:59:59.999000+00:00,5915424735.70000,1585845,32445.392,2888897746.23090,0
2025-12-05 20:00:00+00:00,89590.5,89706.0,88856.7,89288.5,12571.473,2025-12-05 23:59:59.999000+00:00,1122280997.63180,386527,6719.269,599872696.60210,0
2025-12-06 00:00:00+00:00,89288.6,89758.0,88986.1,89636.5,10198.215,2025-12-06 03:59:59.999000+00:00,911433132.83750,299638,5506.121,492062909.11150,0
2025-12-06 04:00:00+00:00,89636.5,89732.4,89410.8,89549.6,6055.827,2025-12-06 07:59:59.999000+00:00,542505033.38720,198517,2880.122,258027721.21200,0
2025-12-06 08:00:00+00:00,89549.5,89679.0,89165.9,89585.4,8658.915,2025-12-06 11:59:59.999000+00:00,774471567.04220,242454,4048.820,362193769.82710,0
2025-12-06 12:00:00+00:00,89585.4,90257.3,89424.2,89713.4,14787.6,2025-12-06 15:59:59.999000+00:00,1327941050.56880,343904,7496.729,673390257.87990,0
2025-12-06 16:00:00+00:00,89713.3,89940.3,89203.0,89369.4,8623.445,2025-12-06 19:59:59.999000+00:00,772454321.68480,260800,3901.683,349559924.36670,0
2025-12-06 20:00:00+00:00,89369.5,89578.3,88870.1,89197.1,8502.865,2025-12-06 23:59:59.999000+00:00,758368813.27400,246388,3933.724,350907834.04060,0
2025-12-07 00:00:00+00:00,89197.1,89704.5,89131.5,89675.6,5748.385,2025-12-07 03:59:59.999000+00:00,514155610.99790,205956,3321.237,297077366.58890,0
2025-12-07 04:00:00+00:00,89675.7,89750.0,89155.0,89337.1,6553.596,2025-12-07 07:59:59.999000+00:00,586260017.50370,187613,2912.744,260574847.26190,0
2025-12-07 08:00:00+00:00,89337.1,89494.4,89012.9,89109.4,7659.024,2025-12-07 11:59:59.999000+00:00,683266274.06230,226970,3787.264,337861528.34360,0
2025-12-07 12:00:00+00:00,89109.3,89700.0,87688.0,89505.0,41325.561,2025-12-07 15:59:59.999000+00:00,3663920093.06550,938156,21195.998,1879566692.87500,0
2025-12-07 16:00:00+00:00,89505.0,91722.0,89065.2,91379.7,36596.274,2025-12-07 19:59:59.999000+00:00,3315679848.59720,937919,19084.298,1729038455.71120,0
2025-12-07 20:00:00+00:00,91379.8,91473.2,88890.0,90345.4,31709.165,2025-12-07 23:59:59.999000+00:00,2852441022.55010,842244,15798.519,1420664138.67330,0
2025-12-08 00:00:00+00:00,90345.4,91650.0,89806.4,91039.4,20651.383,2025-12-08 03:59:59.999000+00:00,1876740877.09210,654039,10584.942,962077398.69440,0
2025-12-08 04:00:00+00:00,91039.3,91868.0,90979.2,91519.8,12977.758,2025-12-08 07:59:59.999000+00:00,1186328142.42050,381056,6797.297,621456721.90350,0
2025-12-08 08:00:00+00:00,91519.8,92262.6,91433.6,91923.5,16068.448,2025-12-08 11:59:59.999000+00:00,1477209947.76090,402187,8071.230,742098970.97500,0
2025-12-08 12:00:00+00:00,91923.6,92106.4,89553.8,89912.6,57039.196,2025-12-08 15:59:59.999000+00:00,5180228934.46150,1264311,27438.168,2491841727.78990,0
2025-12-08 16:00:00+00:00,89912.7,90471.6,89629.1,90073.6,29715.552,2025-12-08 19:59:59.999000+00:00,2676272220.82280,871468,14787.061,1331722951.29310,0
2025-12-08 20:00:00+00:00,90073.7,91338.2,90073.7,90610.8,16022.402,2025-12-08 23:59:59.999000+00:00,1454403176.48110,480658,8253.992,749297085.30100,0
2025-12-09 00:00:00+00:00,90610.8,90810.8,89774.1,90364.0,15639.888,2025-12-09 03:59:59.999000+00:00,1411230047.94360,461091,7756.369,700059043.08310,0
2025-12-09 04:00:00+00:00,90364.1,90485.8,89368.9,90449.9,20910.849,2025-12-09 07:59:59.999000+00:00,1881319998.24320,470991,9674.583,870708066.38880,0
2025-12-09 08:00:00+00:00,90449.9,90584.8,89868.0,90341.9,10989.605,2025-12-09 11:59:59.999000+00:00,992142337.71550,324753,5264.552,475314587.95440,0
2025-12-09 12:00:00+00:00,90342.0,92867.0,89953.0,92676.9,45314.765,2025-12-09 15:59:59.999000+00:00,4130259824.99180,1162906,23476.452,2140374779.33080,0
2025-12-09 16:00:00+00:00,92676.9,94555.0,92656.5,93761.9,62023.498,2025-12-09 19:59:59.999000+00:00,5819453340.70140,1350242,32201.844,3021936650.81560,0
2025-12-09 20:00:00+00:00,93761.9,93819.1,92199.0,92638.4,27051.658,2025-12-09 23:59:59.999000+00:00,2512361934.87230,709573,13330.097,1237944439.38800,0
2025-12-10 00:00:00+00:00,92638.3,92748.2,91900.0,92366.0,16458.476,2025-12-10 03:59:59.999000+00:00,1518766627.66800,435474,7804.873,720330244.61370,0
2025-12-10 04:00:00+00:00,92366.0,92749.8,92339.8,92744.7,9066.291,2025-12-10 07:59:59.999000+00:00,839156706.83990,274082,4666.199,431913618.56350,0
2025-12-10 08:00:00+00:00,92744.7,93278.9,91721.0,92085.5,22951.746,2025-12-10 11:59:59.999000+00:00,2121036415.04270,552540,10403.433,961658295.86140,0
2025-12-10 12:00:00+00:00,92085.4,92197.3,91520.0,92021.8,20761.517,2025-12-10 15:59:59.999000+00:00,1908166851.26880,652864,9922.726,912038144.22590,0
2025-12-10 16:00:00+00:00,92021.8,93223.6,91605.0,92913.8,47793.664,2025-12-10 19:59:59.999000+00:00,4421577967.21550,1254964,23737.441,2196397963.21100,0
2025-12-10 20:00:00+00:00,92913.9,94443.7,91825.0,91977.5,43457.086,2025-12-10 23:59:59.999000+00:00,4039901531.63560,1062216,21473.519,1996692952.54540,0
2025-12-11 00:00:00+00:00,91977.5,92046.3,89321.0,89833.1,41765.03,2025-12-11 03:59:59.999000+00:00,3780513341.67730,1071593,18690.476,1690900715.09990,0
2025-12-11 04:00:00+00:00,89833.1,90445.6,89640.4,90231.4,16187.084,2025-12-11 07:59:59.999000+00:00,1458657521.48370,447261,8441.206,760658494.13780,0
2025-12-11 08:00:00+00:00,90231.3,90494.7,89931.0,90195.3,11011.162,2025-12-11 11:59:59.999000+00:00,993181746.31440,323154,5179.689,467244363.88340,0
2025-12-11 12:00:00+00:00,90195.3,90618.0,89200.0,89830.1,36667.082,2025-12-11 15:59:59.999000+00:00,3298248288.34280,931508,17564.192,1580089566.30930,0
2025-12-11 16:00:00+00:00,89830.1,91499.0,89288.0,90793.5,36608.297,2025-12-11 19:59:59.999000+00:00,3309046083.47530,934318,19183.669,1734371612.56670,0
2025-12-11 20:00:00+00:00,90793.5,93547.3,90749.6,92477.5,48909.413,2025-12-11 23:59:59.999000+00:00,4519574874.65860,1097487,24957.393,2306117246.80670,0
2025-12-12 00:00:00+00:00,92477.6,92719.0,91400.0,92234.3,22813.99,2025-12-12 03:59:59.999000+00:00,2102004901.21330,575791,10380.404,956768212.97010,0
2025-12-12 04:00:00+00:00,92234.3,92685.5,92028.4,92389.5,11201.46,2025-12-12 07:59:59.999000+00:00,1034593705.47690,274992,5175.019,478040748.16300,0
2025-12-12 08:00:00+00:00,92389.5,92600.0,92050.0,92381.5,9687.193,2025-12-12 11:59:59.999000+00:00,894295770.10420,261995,4915.583,453821309.66230,0
2025-12-12 12:00:00+00:00,92381.4,92630.0,89688.0,89895.0,49205.788,2025-12-12 15:59:59.999000+00:00,4491441437.36410,1115178,23156.871,2114469517.43120,0
2025-12-12 16:00:00+00:00,89895.0,90617.7,89429.0,90147.3,41898.523,2025-12-12 19:59:59.999000+00:00,3772874493.99910,1217054,21648.176,1949621558.17630,0
2025-12-12 20:00:00+00:00,90147.4,90357.5,89843.0,90229.6,10037.156,2025-12-12 23:59:59.999000+00:00,904914742.03060,311396,4895.573,441389716.85360,0
2025-12-13 00:00:00+00:00,90229.7,90432.0,90077.0,90304.0,5591.18,2025-12-13 03:59:59.999000+00:00,504676862.08760,125195,2608.954,235513645.71220,0
2025-12-13 04:00:00+00:00,90304.1,90379.5,90226.8,90286.1,3796.6,2025-12-13 07:59:59.999000+00:00,342844247.79510,95679,1825.628,164858994.97310,0
2025-12-13 08:00:00+00:00,90286.0,90599.0,90239.0,90298.4,7893.366,2025-12-13 11:59:59.999000+00:00,713817077.86130,174178,4005.202,362225511.23440,0
2025-12-13 12:00:00+00:00,90298.5,90441.9,89888.0,90055.4,9021.404,2025-12-13 15:59:59.999000+00:00,813481608.36270,235789,4011.312,361706250.96450,0
2025-12-13 16:00:00+00:00,90055.3,90236.6,89944.0,90150.9,4576.962,2025-12-13 19:59:59.999000+00:00,412272985.81760,128772,2289.785,206254872.26310,0
2025-12-13 20:00:00+00:00,90150.8,90248.0,89711.9,90191.3,5358.221,2025-12-13 23:59:59.999000+00:00,482478320.40980,173110,2738.579,246624101.14240,0
2025-12-14 00:00:00+00:00,90191.3,90440.0,90071.6,90222.3,7086.65,2025-12-14 03:59:59.999000+00:00,639735774.52460,156614,3159.403,285212563.97490,0
2025-12-14 04:00:00+00:00,90222.4,90300.0,90005.8,90205.1,3999.939,2025-12-14 07:59:59.999000+00:00,360516709.69580,115396,1797.225,161992596.93320,0
2025-12-14 08:00:00+00:00,90205.1,90250.0,88412.8,89308.2,24641.953,2025-12-14 11:59:59.999000+00:00,2203682791.71170,492784,10623.054,950322821.26290,0
2025-12-14 12:00:00+00:00,89308.3,89630.8,88831.7,88985.2,17265.699,2025-12-14 15:59:59.999000+00:00,1540198176.63980,477914,8586.028,766002384.00610,0
2025-12-14 16:00:00+00:00,88985.2,89372.8,88432.0,88598.7,17696.731,2025-12-14 19:59:59.999000+00:00,1571305723.09640,480315,8862.088,787011051.91300,0
2025-12-14 20:00:00+00:00,88598.7,88779.1,87504.3,88118.8,21395.682,2025-12-14 23:59:59.999000+00:00,1887033069.76180,605805,9692.466,855102655.39830,0
2025-12-15 00:00:00+00:00,88118.8,89972.4,88025.3,89239.9,27815.116,2025-12-15 03:59:59.999000+00:00,2476536417.65480,730148,14136.196,1258239820.22850,0
2025-12-15 04:00:00+00:00,89240.0,89880.0,89229.5,89703.0,10941.101,2025-12-15 07:59:59.999000+00:00,980082063.27400,317981,5486.784,491512571.90170,0
2025-12-15 08:00:00+00:00,89702.9,89940.0,89525.0,89606.0,11790.519,2025-12-15 11:59:59.999000+00:00,1058346030.99730,301534,5523.451,495812606.76400,0
2025-12-15 12:00:00+00:00,89606.0,89845.0,86563.6,86996.6,67384.379,2025-12-15 15:59:59.999000+00:00,5931561693.66940,1552991,32100.623,2825725865.42710,0
2025-12-15 16:00:00+00:00,86996.5,87189.9,85073.0,86104.2,56199.332,2025-12-15 19:59:59.999000+00:00,4838857229.64880,1474184,26865.313,2313806895.33260,0
2025-12-15 20:00:00+00:00,86104.2,86437.1,85489.7,86389.9,20085.598,2025-12-15 23:59:59.999000+00:00,1726542357.18820,557537,10318.545,887017976.53750,0
2025-12-16 00:00:00+00:00,86390.0,86478.6,85340.1,85837.7,16787.316,2025-12-16 03:59:59.999000+00:00,1441863436.90970,526105,8008.510,687975371.29300,0
2025-12-16 04:00:00+00:00,85837.6,86577.0,85226.0,85964.8,17300.472,2025-12-16 07:59:59.999000+00:00,1488238553.00800,466432,8280.878,712493554.21750,0
2025-12-16 08:00:00+00:00,85964.9,87299.7,85874.6,87216.6,18856.619,2025-12-16 11:59:59.999000+00:00,1635415439.24520,512743,9459.080,820471563.16460,0
2025-12-16 12:00:00+00:00,87216.6,88143.9,86055.9,87936.3,54188.458,2025-12-16 15:59:59.999000+00:00,4722240544.28530,1566551,26829.832,2339052708.53240,0
2025-12-16 16:00:00+00:00,87936.3,88012.5,87015.8,87538.7,26033.481,2025-12-16 19:59:59.999000+00:00,2279496360.44690,838632,13201.571,1155978038.83310,0
2025-12-16 20:00:00+00:00,87538.7,87900.0,87297.9,87826.3,9058.702,2025-12-16 23:59:59.999000+00:00,794268709.90130,316969,4533.189,397467445.85110,0
2025-12-17 00:00:00+00:00,87826.3,87925.8,87104.2,87178.1,11671.628,2025-12-17 03:59:59.999000+00:00,1020951117.79020,354499,5438.088,475738815.15000,0
2025-12-17 04:00:00+00:00,87178.2,87360.8,86158.4,87010.4,22749.284,2025-12-17 07:59:59.999000+00:00,1972826230.85530,560418,11343.187,983603999.18700,0
2025-12-17 08:00:00+00:00,87010.4,87100.0,86201.0,86939.3,15486.489,2025-12-17 11:59:59.999000+00:00,1341030124.47040,423445,8048.090,696911775.90890,0
2025-12-17 12:00:00+00:00,86939.2,90363.2,86768.8,87191.4,86140.012,2025-12-17 15:59:59.999000+00:00,7626770393.60510,2158075,43188.183,3824320152.96990,0
2025-12-17 16:00:00+00:00,87191.0,87737.3,85261.3,85982.7,55699.358,2025-12-17 19:59:59.999000+00:00,4813445196.05790,1791991,28269.538,2443911541.87130,0
2025-12-17 20:00:00+00:00,85982.7,86421.0,85630.0,86201.6,16899.977,2025-12-17 23:59:59.999000+00:00,1453442741.84240,493503,9404.396,808862922.30140,0
2025-12-18 00:00:00+00:00,86201.6,86836.2,85820.6,86575.1,16118.556,2025-12-18 03:59:59.999000+00:00,1391939513.97720,491529,8018.779,692546230.40050,0
2025-12-18 04:00:00+00:00,86575.1,86859.1,86323.7,86787.5,11560.136,2025-12-18 07:59:59.999000+00:00,1001534563.96380,334203,5434.698,470878646.57870,0
2025-12-18 08:00:00+00:00,86787.5,87417.6,86640.5,87268.1,14444.149,2025-12-18 11:59:59.999000+00:00,1258021320.28910,404041,7347.416,639924537.16080,0
2025-12-18 12:00:00+00:00,87257.0,89447.9,87068.0,88480.8,75762.851,2025-12-18 15:59:59.999000+00:00,6697663174.63940,2005913,38984.788,3446477598.82650,0
2025-12-18 16:00:00+00:00,88480.7,88500.0,84429.9,84447.0,83673.674,2025-12-18 19:59:59.999000+00:00,7209058614.42500,2016719,40104.380,3455776983.11220,0
2025-12-18 20:00:00+00:00,84447.0,85800.0,84408.6,85469.7,28014.313,2025-12-18 23:59:59.999000+00:00,2385865797.10230,834396,14837.942,1264019753.21980,0
2025-12-19 00:00:00+00:00,85469.8,87550.0,85062.7,86863.1,30604.064,2025-12-19 03:59:59.999000+00:00,2639625989.31010,879438,16116.616,1389957621.35920,0
2025-12-19 04:00:00+00:00,86863.2,88366.0,86651.9,87909.7,28039.593,2025-12-19 07:59:59.999000+00:00,2450680421.85560,740325,13658.611,1194004162.19500,0
2025-12-19 08:00:00+00:00,87909.7,88345.1,87700.0,88169.9,16798.031,2025-12-19 11:59:59.999000+00:00,1479344596.22980,474824,8765.387,772088843.94020,0
2025-12-19 12:00:00+00:00,88170.0,89374.6,87488.0,87925.6,51776.28,2025-12-19 15:59:59.999000+00:00,4566670398.38070,1410482,26613.528,2348280802.67450,0
2025-12-19 16:00:00+00:00,87925.6,88888.0,86795.5,87812.8,36941.972,2025-12-19 19:59:59.999000+00:00,3237405698.30540,1101318,17803.244,1560437804.76700,0
2025-12-19 20:00:00+00:00,87812.9,88406.3,87569.1,88100.0,14124.554,2025-12-19 23:59:59.999000+00:00,1243610693.57110,427925,7585.567,667919591.66150,0
2025-12-20 00:00:00+00:00,88100.0,88294.8,87926.7,88165.3,5637.357,2025-12-20 03:59:59.999000+00:00,496686777.89150,161858,2832.750,249598027.76490,0
2025-12-20 04:00:00+00:00,88165.3,88551.8,88065.9,88239.9,6898.331,2025-12-20 07:59:59.999000+00:00,609064888.94870,175571,3498.955,308953563.89220,0
2025-12-20 08:00:00+00:00,88240.0,88397.8,88063.8,88243.6,4869.385,2025-12-20 11:59:59.999000+00:00,429560292.49460,137992,2567.480,226503837.75870,0
2025-12-20 12:00:00+00:00,88243.6,88320.0,87698.5,88134.6,11529.379,2025-12-20 15:59:59.999000+00:00,1015404208.34120,243019,5487.707,483398234.55010,0
2025-12-20 16:00:00+00:00,88134.5,88407.7,88060.0,88196.3,3919.255,2025-12-20 19:59:59.999000+00:00,345703665.79460,106130,2244.751,198035498.82030,0
2025-12-20 20:00:00+00:00,88196.4,88434.9,88111.1,88320.8,3120.141,2025-12-20 23:59:59.999000+00:00,275362944.76680,99301,1628.651,143739372.56500,0
2025-12-21 00:00:00+00:00,88320.7,88400.0,87821.1,88043.2,7336.323,2025-12-21 03:59:59.999000+00:00,646099106.88000,194685,3338.825,293994439.41440,0
2025-12-21 04:00:00+00:00,88043.3,88174.5,88010.0,88138.7,2659.008,2025-12-21 07:59:59.999000+00:00,234215238.24780,89821,1337.851,117846983.89770,0
2025-12-21 08:00:00+00:00,88138.8,89050.0,88103.3,88570.6,15426.009,2025-12-21 11:59:59.999000+00:00,1367377675.19290,402462,8147.768,722163458.95780,0
2025-12-21 12:00:00+00:00,88570.7,88885.9,87548.5,88024.7,25733.455,2025-12-21 15:59:59.999000+00:00,2266031027.65400,661778,11566.199,1018569380.27860,0
2025-12-21 16:00:00+00:00,88024.7,88588.0,87902.0,88448.2,10214.556,2025-12-21 19:59:59.999000+00:00,901384621.62580,301271,5058.614,446436893.44180,0
2025-12-21 20:00:00+00:00,88448.3,88786.9,88047.4,88621.3,6255.037,2025-12-21 23:59:59.999000+00:00,553026222.21910,224949,3263.611,288591298.76470,0
2025-12-22 00:00:00+00:00,88621.3,89600.0,87845.0,88727.5,31996.805,2025-12-22 03:59:59.999000+00:00,2839146347.33520,852405,16315.636,1448250780.20080,0
2025-12-22 04:00:00+00:00,88727.4,89173.8,88665.3,89127.7,9144.909,2025-12-22 07:59:59.999000+00:00,813127234.75590,308255,4585.065,407722118.69250,0
2025-12-22 08:00:00+00:00,89127.8,90085.0,89050.1,89905.2,25914.874,2025-12-22 11:59:59.999000+00:00,2323136194.59310,605939,13729.615,1230919444.65350,0
2025-12-22 12:00:00+00:00,89905.2,90599.0,89109.1,89688.5,43053.447,2025-12-22 15:59:59.999000+00:00,3869160833.92880,1190652,21216.133,1907355473.34890,0
2025-12-22 16:00:00+00:00,89688.6,90088.0,87906.7,88011.1,26150.733,2025-12-22 19:59:59.999000+00:00,2329138359.18310,763305,12335.549,1098952711.52320,0
2025-12-22 20:00:00+00:00,88011.0,88805.9,87872.6,88581.5,18432.701,2025-12-22 23:59:59.999000+00:00,1627889582.45650,460191,9716.366,858147185.70720,0
2025-12-23 00:00:00+00:00,88581.5,88904.9,87738.3,88128.2,16525.238,2025-12-23 03:59:59.999000+00:00,1460343676.04560,458769,8031.705,710013814.98160,0
2025-12-23 04:00:00+00:00,88128.2,88342.0,86976.6,87531.3,23180.432,2025-12-23 07:59:59.999000+00:00,2028973129.20930,543728,10225.839,895111612.82940,0
2025-12-23 08:00:00+00:00,87531.3,87852.0,87256.3,87813.9,12098.9,2025-12-23 11:59:59.999000+00:00,1059742186.10690,282815,6084.841,533009576.26840,0
2025-12-23 12:00:00+00:00,87813.8,87914.0,86536.0,87405.3,34384.868,2025-12-23 15:59:59.999000+00:00,3001092433.59610,907386,15910.149,1388874628.60530,0
2025-12-23 16:00:00+00:00,87405.2,88247.8,87121.4,87724.2,32501.327,2025-12-23 19:59:59.999000+00:00,2853223631.19900,820663,16570.375,1454830760.56410,0
2025-12-23 20:00:00+00:00,87724.2,88349.2,87145.0,87463.0,14967.183,2025-12-23 23:59:59.999000+00:00,1311501713.08940,462648,8029.708,703701651.85540,0
2025-12-24 00:00:00+00:00,87463.1,87849.9,86817.9,87311.4,15341.836,2025-12-24 03:59:59.999000+00:00,1339175935.97450,419059,7775.568,678847233.49870,0
2025-12-24 04:00:00+00:00,87311.4,87430.0,86738.8,86868.1,11302.398,2025-12-24 07:59:59.999000+00:00,983633681.92590,288033,5373.404,467712473.43970,0
2025-12-24 08:00:00+00:00,86868.1,87316.7,86671.7,87162.6,10537.249,2025-12-24 11:59:59.999000+00:00,916466389.23740,272278,5625.994,489403477.73780,0
2025-12-24 12:00:00+00:00,87162.6,87450.0,86355.0,87012.0,23298.985,2025-12-24 15:59:59.999000+00:00,2025706277.76470,646129,11264.166,979648750.82630,0
2025-12-24 16:00:00+00:00,87012.0,87660.0,86878.3,87521.4,13327.506,2025-12-24 19:59:59.999000+00:00,1164009362.88660,426318,6918.635,604263944.34220,0
2025-12-24 20:00:00+00:00,87521.4,88033.3,87484.6,87627.3,7735.534,2025-12-24 23:59:59.999000+00:00,678561591.74880,213670,3850.200,337768909.64050,0
2025-12-25 00:00:00+00:00,87627.4,87933.5,87466.9,87811.6,5633.524,2025-12-25 03:59:59.999000+00:00,493927390.46270,170105,2805.870,246026667.99330,0
2025-12-25 04:00:00+00:00,87811.6,87830.0,87617.1,87795.9,3874.387,2025-12-25 07:59:59.999000+00:00,339888231.02990,113832,1545.294,135572007.01270,0
2025-12-25 08:00:00+00:00,87795.9,87858.8,87219.0,87485.2,8305.291,2025-12-25 11:59:59.999000+00:00,726358051.53780,228016,3832.940,335191408.11600,0
2025-12-25 12:00:00+00:00,87485.2,88594.0,87360.7,88338.9,15360.367,2025-12-25 15:59:59.999000+00:00,1351845356.60680,370976,8392.642,738747157.49990,0
2025-12-25 16:00:00+00:00,88339.0,88451.6,87947.8,88112.3,9470.156,2025-12-25 19:59:59.999000+00:00,835079934.29110,254120,4437.771,391374323.69630,0
2025-12-25 20:00:00+00:00,88112.3,88139.2,86902.1,87182.8,15152.527,2025-12-25 23:59:59.999000+00:00,1325501585.03500,407578,6812.613,595945030.71820,0
2025-12-26 00:00:00+00:00,87182.8,89432.0,86824.8,88796.2,38115.137,2025-12-26 03:59:59.999000+00:00,3372409354.97360,1006730,19339.710,1710161178.83650,0
2025-12-26 04:00:00+00:00,88796.2,89557.6,88300.5,88433.0,21937.337,2025-12-26 07:59:59.999000+00:00,1950545124.98350,475162,10891.508,968822893.01290,0
2025-12-26 08:00:00+00:00,88433.0,88888.0,88380.0,88507.5,11419.104,2025-12-26 11:59:59.999000+00:00,1012496490.89610,302602,6251.390,554318682.96610,0
2025-12-26 12:00:00+00:00,88507.6,89037.0,86619.9,87100.0,51437.502,2025-12-26 15:59:59.999000+00:00,4507300378.86440,1093610,27011.264,2366044892.81590,0
2025-12-26 16:00:00+00:00,87100.0,87555.0,86760.4,87453.7,19187.707,2025-12-26 19:59:59.999000+00:00,1672946980.61970,515774,9409.182,820487788.93370,0
2025-12-26 20:00:00+00:00,87453.7,87750.0,87266.6,87318.2,7874.95,2025-12-26 23:59:59.999000+00:00,689033979.76070,213089,3288.887,287801055.81460,0
2025-12-27 00:00:00+00:00,87318.3,87493.4,87203.0,87473.4,4564.436,2025-12-27 03:59:59.999000+00:00,398795486.19640,119853,2176.968,190209933.68660,0
2025-12-27 04:00:00+00:00,87473.4,87669.7,87374.5,87490.9,3525.475,2025-12-27 07:59:59.999000+00:00,308428402.90980,105910,1664.421,145613707.02680,0
2025-12-27 08:00:00+00:00,87490.9,87634.9,87324.6,87433.6,5166.212,2025-12-27 11:59:59.999000+00:00,452062598.03630,125505,2406.245,210565131.89420,0
2025-12-27 12:00:00+00:00,87433.6,87555.0,87264.8,87516.2,4515.048,2025-12-27 15:59:59.999000+00:00,394754975.30850,109873,2275.422,198953739.05620,0
2025-12-27 16:00:00+00:00,87516.3,87545.6,87397.5,87522.4,2442.758,2025-12-27 19:59:59.999000+00:00,213692509.45580,76428,1109.929,97097987.60920,0
2025-12-27 20:00:00+00:00,87522.3,87956.9,87455.5,87829.4,7080.18,2025-12-27 23:59:59.999000+00:00,620941322.77320,165296,3913.980,343284276.84780,0
2025-12-28 00:00:00+00:00,87829.5,87921.7,87674.4,87693.0,4818.273,2025-12-28 03:59:59.999000+00:00,423004019.47310,120739,2239.991,196664691.84360,0
2025-12-28 04:00:00+00:00,87693.1,87802.5,87566.0,87697.7,3595.942,2025-12-28 07:59:59.999000+00:00,315275482.29940,96122,1763.972,154663578.92130,0
2025-12-28 08:00:00+00:00,87697.7,87980.9,87676.4,87850.8,5882.811,2025-12-28 11:59:59.999000+00:00,516693455.10560,142850,3186.436,279878506.49500,0
2025-12-28 12:00:00+00:00,87850.9,88078.3,87762.2,87797.7,6369.212,2025-12-28 15:59:59.999000+00:00,559785887.40190,143656,3346.979,294187933.07290,0
2025-12-28 16:00:00+00:00,87797.6,87902.7,87448.4,87488.6,9230.702,2025-12-28 19:59:59.999000+00:00,808994164.61670,183580,4597.082,402957536.99490,0
2025-12-28 20:00:00+00:00,87488.7,88023.4,87402.6,87920.5,7463.024,2025-12-28 23:59:59.999000+00:00,654452495.06030,199198,4094.706,359096181.25180,0
2025-12-29 00:00:00+00:00,87920.4,90156.5,87778.5,90091.6,45213.489,2025-12-29 03:59:59.999000+00:00,4021800688.83790,931519,23512.289,2091219542.35740,0
2025-12-29 04:00:00+00:00,90091.5,90373.4,89448.1,89583.0,25464.187,2025-12-29 07:59:59.999000+00:00,2290568866.73560,493722,11315.002,1017891217.98400,0
2025-12-29 08:00:00+00:00,89583.0,89791.5,87520.1,87529.0,45300.356,2025-12-29 11:59:59.999000+00:00,4003099512.65260,785506,23544.358,2080049999.43470,0
2025-12-29 12:00:00+00:00,87529.1,88150.0,86760.0,87636.6,49719.631,2025-12-29 15:59:59.999000+00:00,4346271006.71670,1038866,24935.058,2179386444.36440,0
2025-12-29 16:00:00+00:00,87636.4,87968.1,87259.6,87328.9,15239.929,2025-12-29 19:59:59.999000+00:00,1334921605.48510,419012,7347.998,643626231.22800,0
2025-12-29 20:00:00+00:00,87328.9,87569.2,87043.4,87203.3,9066.617,2025-12-29 23:59:59.999000+00:00,791089351.36660,234966,4628.469,403860261.38300,0
2025-12-30 00:00:00+00:00,87203.2,87393.1,86789.0,87334.7,13438.983,2025-12-30 03:59:59.999000+00:00,1170721639.17750,339096,6473.888,564081686.51650,0
2025-12-30 04:00:00+00:00,87334.7,87581.4,87105.6,87457.5,8171.089,2025-12-30 07:59:59.999000+00:00,713871591.18270,200037,4124.913,360378896.14950,0
2025-12-30 08:00:00+00:00,87457.5,88190.6,87455.5,87875.2,23327.302,2025-12-30 11:59:59.999000+00:00,2050228932.95620,436628,11193.593,983780183.74770,0
2025-12-30 12:00:00+00:00,87875.3,89126.0,87788.2,88966.8,38901.923,2025-12-30 15:59:59.999000+00:00,3439699501.60800,843470,19716.480,1743384153.91110,0
2025-12-30 16:00:00+00:00,88966.8,89355.0,87910.4,88189.7,32511.331,2025-12-30 19:59:59.999000+00:00,2880952967.33530,691674,15779.228,1397847816.63570,0
2025-12-30 20:00:00+00:00,88189.8,88533.0,87833.2,88455.3,10394.632,2025-12-30 23:59:59.999000+00:00,916805583.29110,240755,5565.425,490864160.85100,0
2025-12-31 00:00:00+00:00,88455.2,88780.0,88134.9,88411.5,11679.228,2025-12-31 03:59:59.999000+00:00,1033642747.51270,284798,5755.742,509432296.73260,0
2025-12-31 04:00:00+00:00,88411.6,88596.0,88280.1,88569.0,6284.482,2025-12-31 07:59:59.999000+00:00,555800111.88320,156929,3274.140,289594861.02190,0
2025-12-31 08:00:00+00:00,88568.9,89000.0,88339.9,88967.6,12440.16,2025-12-31 11:59:59.999000+00:00,1103628082.25660,265798,6314.494,560180363.65320,0
2025-12-31 12:00:00+00:00,88967.6,89192.8,87729.2,87909.0,31536.84,2025-12-31 15:59:59.999000+00:00,2789104070.34550,644318,15019.976,1328101821.12530,0
2025-12-31 16:00:00+00:00,87909.0,88024.3,87350.5,87515.0,24053.975,2025-12-31 19:59:59.999000+00:00,2109253941.69180,535363,12900.053,1131349846.34190,0
2025-12-31 20:00:00+00:00,87515.0,87849.7,87189.2,87608.2,10773.672,2025-12-31 23:59:59.999000+00:00,943182401.85020,224667,5217.630,456869062.74080,0
2026-01-01 00:00:00+00:00,87608.3,88065.0,87600.0,87824.6,7102.55,2026-01-01 03:59:59.999000+00:00,624149714.80350,166996,3658.290,321468253.04080,0
2026-01-01 04:00:00+00:00,87824.6,87831.6,87508.4,87603.7,5685.305,2026-01-01 07:59:59.999000+00:00,498199677.95970,135718,2747.103,240719149.70690,0
2026-01-01 08:00:00+00:00,87603.7,87985.6,87590.0,87980.1,6046.668,2026-01-01 11:59:59.999000+00:00,530913902.95900,127814,3556.141,312226175.21820,0
2026-01-01 12:00:00+00:00,87980.1,88079.3,87758.4,87986.8,8130.085,2026-01-01 15:59:59.999000+00:00,714756257.68010,173580,3884.867,341577905.19050,0
2026-01-01 16:00:00+00:00,87986.8,88475.8,87833.1,88354.8,11314.033,2026-01-01 19:59:59.999000+00:00,997983119.77410,235996,5804.121,512019372.73390,0
2026-01-01 20:00:00+00:00,88354.8,88881.4,88193.2,88800.0,9662.662,2026-01-01 23:59:59.999000+00:00,855681398.34520,216879,4658.916,412623843.15310,0
2026-01-02 00:00:00+00:00,88800.0,89088.0,88324.4,88899.3,19809.197,2026-01-02 03:59:59.999000+00:00,1758003738.47910,381283,9598.018,851937100.26020,0
2026-01-02 04:00:00+00:00,88899.3,89055.0,88533.6,88829.3,12241.301,2026-01-02 07:59:59.999000+00:00,1087156534.93220,243681,5349.965,475104789.06230,0
2026-01-02 08:00:00+00:00,88829.3,89900.0,88780.0,89458.3,27887.349,2026-01-02 11:59:59.999000+00:00,2494299404.08110,510813,13800.836,1234433460.82380,0
2026-01-02 12:00:00+00:00,89458.3,90126.5,88401.2,89373.1,50647.142,2026-01-02 15:59:59.999000+00:00,4523268334.46440,1130397,25466.286,2274763146.27230,0
2026-01-02 16:00:00+00:00,89373.0,90945.1,89145.2,89865.0,53631.695,2026-01-02 19:59:59.999000+00:00,4836160124.93470,1190457,26732.690,2411036074.31600,0
2026-01-02 20:00:00+00:00,89865.0,90368.7,89588.0,89951.4,12445.764,2026-01-02 23:59:59.999000+00:00,1119548227.62170,305190,7109.075,639458245.39780,0
2026-01-03 00:00:00+00:00,89951.5,90365.9,89914.5,90279.9,6484.185,2026-01-03 03:59:59.999000+00:00,584504058.20570,171671,3460.170,311894657.25680,0
2026-01-03 04:00:00+00:00,90280.0,90456.0,89261.2,89535.9,14358.15,2026-01-03 07:59:59.999000+00:00,1289442082.95800,319829,6360.959,571234060.56810,0
2026-01-03 08:00:00+00:00,89535.9,89943.9,89380.2,89706.4,9668.717,2026-01-03 11:59:59.999000+00:00,867277770.17280,234717,5275.633,473237166.53140,0
2026-01-03 12:00:00+00:00,89706.4,90200.0,89620.0,89931.8,10078.954,2026-01-03 15:59:59.999000+00:00,906930302.74900,208627,5513.769,496128418.12190,0
2026-01-03 16:00:00+00:00,89931.7,90189.0,89866.5,90091.8,4811.57,2026-01-03 19:59:59.999000+00:00,433299059.23120,119375,2396.590,215836420.79370,0
2026-01-03 20:00:00+00:00,90091.8,90716.9,89972.9,90595.8,11489.693,2026-01-03 23:59:59.999000+00:00,1039250891.34340,227104,6008.643,543532311.76910,0
2026-01-04 00:00:00+00:00,90595.8,91597.6,90595.7,91192.7,21036.474,2026-01-04 03:59:59.999000+00:00,1918605936.64570,514599,11182.250,1019815175.64420,0
2026-01-04 04:00:00+00:00,91192.7,91779.7,91142.3,91477.5,13544.574,2026-01-04 07:59:59.999000+00:00,1238452580.36600,306402,6910.815,631968713.78300,0
2026-01-04 08:00:00+00:00,91477.5,91581.7,91111.9,91262.7,11954.424,2026-01-04 11:59:59.999000+00:00,1092007574.07170,258351,5568.465,508697002.88640,0
2026-01-04 12:00:00+00:00,91262.8,91377.2,90968.0,91292.8,10317.597,2026-01-04 15:59:59.999000+00:00,940761985.92210,236531,5322.621,485345520.39280,0
2026-01-04 16:00:00+00:00,91292.8,91429.4,90790.1,91102.9,9385.331,2026-01-04 19:59:59.999000+00:00,855399961.44520,227245,4399.405,401069655.49900,0
2026-01-04 20:00:00+00:00,91102.9,91567.0,91085.1,91497.1,7534.629,2026-01-04 23:59:59.999000+00:00,687995121.75130,211182,4018.721,366963330.64920,0
2026-01-05 00:00:00+00:00,91497.2,93382.5,91476.5,92835.2,51047.503,2026-01-05 03:59:59.999000+00:00,4726270146.68170,1000323,28014.615,2593779829.27680,0
2026-01-05 04:00:00+00:00,92835.3,92920.0,92102.0,92492.1,20234.161,2026-01-05 07:59:59.999000+00:00,1871439379.60190,394196,8654.361,800371181.93260,0
2026-01-05 08:00:00+00:00,92492.1,93131.8,92292.0,93093.3,20213.743,2026-01-05 11:59:59.999000+00:00,1875325432.48630,378193,11071.049,1027104759.64600,0
2026-01-05 12:00:00+00:00,93093.3,93998.9,92370.9,93899.9,43133.117,2026-01-05 15:59:59.999000+00:00,4020490063.74980,1018489,21450.733,1999668018.84830,0
2026-01-05 16:00:00+00:00,93900.0,94475.7,93201.0,94248.6,35514.604,2026-01-05 19:59:59.999000+00:00,3336884745.06690,808643,17910.039,1683098775.97870,0
2026-01-05 20:00:00+00:00,94248.6,94760.3,93757.9,93822.4,19273.184,2026-01-05 23:59:59.999000+00:00,1815761516.15390,467417,9958.668,938558960.12150,0
2026-01-06 00:00:00+00:00,93822.3,94125.1,93467.1,93725.8,13154.652,2026-01-06 03:59:59.999000+00:00,1233164428.47100,352502,7005.088,656680529.04870,0
2026-01-06 04:00:00+00:00,93725.7,93966.4,93088.0,93207.4,16653.016,2026-01-06 07:59:59.999000+00:00,1557956166.54150,336970,7821.953,731865013.89100,0
2026-01-06 08:00:00+00:00,93207.4,93865.5,93130.4,93799.9,13061.435,2026-01-06 11:59:59.999000+00:00,1220932941.03550,267520,6894.672,644452508.56690,0
2026-01-06 12:00:00+00:00,93800.0,94415.4,93292.0,93608.2,42110.368,2026-01-06 15:59:59.999000+00:00,3952955594.55680,818869,21804.397,2046869159.17030,0
2026-01-06 16:00:00+00:00,93608.2,93728.9,91209.0,92062.2,69722.545,2026-01-06 19:59:59.999000+00:00,6430736913.77600,1192775,34054.530,3140394672.28110,0
2026-01-06 20:00:00+00:00,92062.2,93825.0,92062.2,93708.0,32741.034,2026-01-06 23:59:59.999000+00:00,3049814762.39510,640190,16651.586,1550630838.33180,0
2026-01-07 00:00:00+00:00,93708.1,93708.1,92202.9,92778.2,23633.179,2026-01-07 03:59:59.999000+00:00,2193784452.53240,520314,11400.640,1058140970.87170,0
2026-01-07 04:00:00+00:00,92778.1,92893.0,92457.9,92848.1,9331.514,2026-01-07 07:59:59.999000+00:00,865006484.87410,218403,4389.259,406903918.83270,0
2026-01-07 08:00:00+00:00,92848.1,92928.0,91549.9,92041.9,31461.263,2026-01-07 11:59:59.999000+00:00,2896411199.57200,488618,14296.700,1315398734.91740,0
2026-01-07 12:00:00+00:00,92041.8,92249.3,90987.0,91303.1,39915.388,2026-01-07 15:59:59.999000+00:00,3655810402.45450,873547,19398.876,1776511884.65840,0
2026-01-07 16:00:00+00:00,91303.2,91750.0,90634.1,91143.6,28364.998,2026-01-07 19:59:59.999000+00:00,2585086529.57940,651044,14188.510,1293134119.35110,0
2026-01-07 20:00:00+00:00,91143.6,91462.1,90740.5,91328.0,16280.508,2026-01-07 23:59:59.999000+00:00,1483993082.80020,376629,9625.729,877507020.12390,0
2026-01-08 00:00:00+00:00,91328.1,91666.0,90555.1,90780.1,15801.589,2026-01-08 03:59:59.999000+00:00,1439468462.24840,413122,8143.255,742091501.52360,0
2026-01-08 04:00:00+00:00,90780.0,91157.6,89588.1,90509.9,33939.861,2026-01-08 07:59:59.999000+00:00,3064940903.16950,676403,16016.166,1446661891.39440,0
2026-01-08 08:00:00+00:00,90509.8,90741.2,89733.6,90192.3,26745.978,2026-01-08 11:59:59.999000+00:00,2412662812.38790,504957,13897.417,1253746940.16230,0
2026-01-08 12:00:00+00:00,90192.2,90790.0,89242.0,90730.0,49177.48,2026-01-08 15:59:59.999000+00:00,4424022789.89520,1038050,25941.934,2334063508.64510,0
2026-01-08 16:00:00+00:00,90730.0,91425.1,90244.7,90890.9,28633.856,2026-01-08 19:59:59.999000+00:00,2603394183.21930,702370,13322.543,1211265412.54910,0
2026-01-08 20:00:00+00:00,90890.9,91449.9,90519.9,91059.8,14177.18,2026-01-08 23:59:59.999000+00:00,1290349522.31030,348385,7113.711,647492808.66750,0
2026-01-09 00:00:00+00:00,91059.8,91600.0,90800.6,91190.1,13112.406,2026-01-09 03:59:59.999000+00:00,1195381623.40160,342922,6857.406,625238816.63170,0
2026-01-09 04:00:00+00:00,91190.1,91203.0,90704.0,90712.1,7718.517,2026-01-09 07:59:59.999000+00:00,702163268.48950,196196,3493.788,317862008.79600,0
2026-01-09 08:00:00+00:00,90712.1,90812.0,89632.8,90398.1,29857.973,2026-01-09 11:59:59.999000+00:00,2694196469.08130,528954,13949.544,1258720566.93020,0
2026-01-09 12:00:00+00:00,90398.1,91999.0,89800.0,91137.7,50210.138,2026-01-09 15:59:59.999000+00:00,4561163174.55600,1201378,25254.924,2293941763.61750,0
2026-01-09 16:00:00+00:00,91137.8,91749.9,90145.0,90290.6,30045.679,2026-01-09 19:59:59.999000+00:00,2733769137.71540,789900,15100.803,1374159849.45070,0
2026-01-09 20:00:00+00:00,90290.6,90693.0,90082.6,90603.6,9449.964,2026-01-09 23:59:59.999000+00:00,854542941.49000,271667,5332.536,482183371.99280,0
2026-01-10 00:00:00+00:00,90603.7,90748.6,90474.4,90591.3,4296.028,2026-01-10 03:59:59.999000+00:00,389250990.97960,116612,2044.394,185234582.89540,0
2026-01-10 04:00:00+00:00,90591.3,90650.4,90351.6,90627.1,3897.275,2026-01-10 07:59:59.999000+00:00,352740050.47770,103901,1851.833,167616557.59350,0
2026-01-10 08:00:00+00:00,90627.1,90800.0,90570.0,90692.8,5112.255,2026-01-10 11:59:59.999000+00:00,463638022.88190,113529,2504.814,227161029.70340,0
2026-01-10 12:00:00+00:00,90692.9,90758.7,90494.0,90622.7,4673.046,2026-01-10 15:59:59.999000+00:00,423448093.53530,100787,2163.290,196037656.12700,0
2026-01-10 16:00:00+00:00,90622.8,90708.0,90450.0,90591.4,3632.768,2026-01-10 19:59:59.999000+00:00,329081620.82290,77049,1623.650,147085101.84100,0
2026-01-10 20:00:00+00:00,90591.3,90627.6,90358.5,90469.6,3659.369,2026-01-10 23:59:59.999000+00:00,331069086.44930,87903,1832.555,165791652.14080,0
2026-01-11 00:00:00+00:00,90469.7,90699.9,90410.6,90696.5,3298.738,2026-01-11 03:59:59.999000+00:00,298871379.80390,90756,1748.795,158436967.09180,0
2026-01-11 04:00:00+00:00,90696.4,90818.0,90530.9,90664.0,3375.466,2026-01-11 07:59:59.999000+00:00,306136487.66380,82913,1509.379,136895141.68580,0
2026-01-11 08:00:00+00:00,90663.9,90787.8,90555.0,90707.3,4860.961,2026-01-11 11:59:59.999000+00:00,440880074.45100,99654,2244.833,203591166.06890,0
2026-01-11 12:00:00+00:00,90707.2,91143.1,90650.0,90834.1,11189.115,2026-01-11 15:59:59.999000+00:00,1016912031.45440,226206,5376.296,488638413.25200,0
2026-01-11 16:00:00+00:00,90834.0,91252.5,90609.5,90644.7,7657.326,2026-01-11 19:59:59.999000+00:00,696368509.77240,205354,3944.737,358772040.03010,0
2026-01-11 20:00:00+00:00,90644.7,91000.0,90175.3,90964.4,13162.776,2026-01-11 23:59:59.999000+00:00,1192421906.34230,333471,6469.325,586198600.96240,0
2026-01-12 00:00:00+00:00,90964.4,92488.0,90642.0,91766.2,34613.115,2026-01-12 03:59:59.999000+00:00,3174569990.80430,887156,16894.514,1549013719.96480,0
2026-01-12 04:00:00+00:00,91766.2,92245.1,91342.0,91369.2,14891.693,2026-01-12 07:59:59.999000+00:00,1367641584.04620,356343,6920.099,635421448.96570,0
2026-01-12 08:00:00+00:00,91369.2,91586.5,90319.4,90573.9,30364.738,2026-01-12 11:59:59.999000+00:00,2755419106.57130,572922,15668.562,1421565791.49600,0
2026-01-12 12:00:00+00:00,90573.9,91637.8,90066.0,91618.7,33382.596,2026-01-12 15:59:59.999000+00:00,3033313347.51980,759631,16169.852,1469462705.98890,0
2026-01-12 16:00:00+00:00,91618.6,92299.0,90966.0,91821.9,43461.407,2026-01-12 19:59:59.999000+00:00,3986035514.35680,888209,20720.498,1900129094.42780,0
2026-01-12 20:00:00+00:00,91821.9,92017.0,90870.0,91252.6,12523.834,2026-01-12 23:59:59.999000+00:00,1143807782.76870,317119,6538.579,597259394.58250,0
2026-01-13 00:00:00+00:00,91252.5,91524.5,91011.0,91380.9,11584.552,2026-01-13 03:59:59.999000+00:00,1057463098.85720,272456,6514.127,594657947.89860,0
2026-01-13 04:00:00+00:00,91380.9,92258.0,91316.3,91908.0,20473.116,2026-01-13 07:59:59.999000+00:00,1881678731.15640,447352,10191.287,936570913.06980,0
2026-01-13 08:00:00+00:00,91908.0,92676.6,91850.6,91962.1,23092.118,2026-01-13 11:59:59.999000+00:00,2129360935.96110,466385,11473.947,1058290507.38190,0
2026-01-13 12:00:00+00:00,91962.1,93408.0,91700.6,93407.9,48588.204,2026-01-13 15:59:59.999000+00:00,4493366268.30950,1055431,24572.107,2273044750.81960,0
2026-01-13 16:00:00+00:00,93407.9,94189.0,93009.8,94179.5,39149.646,2026-01-13 19:59:59.999000+00:00,3661932562.96150,921016,20146.770,1884860957.05240,0
2026-01-13 20:00:00+00:00,94179.6,96863.7,94011.7,95375.2,57658.282,2026-01-13 23:59:59.999000+00:00,5478957617.43560,1155412,32797.197,3116892619.83680,0
2026-01-14 00:00:00+00:00,95375.2,95670.0,95082.0,95665.7,16464.491,2026-01-14 03:59:59.999000+00:00,1570060916.46070,458342,8453.981,806236467.38020,0
2026-01-14 04:00:00+00:00,95665.6,95755.0,94413.4,95166.6,23449.918,2026-01-14 07:59:59.999000+00:00,2227997708.84090,493764,10957.447,1041296221.17710,0
2026-01-14 08:00:00+00:00,95166.6,95288.0,94700.0,94763.6,14291.289,2026-01-14 11:59:59.999000+00:00,1357760929.16640,341751,6968.212,662025029.32050,0
2026-01-14 12:00:00+00:00,94763.7,97100.0,94643.0,96691.9,56131.329,2026-01-14 15:59:59.999000+00:00,5395034451.06420,1253294,29193.279,2805216524.47790,0
2026-01-14 16:00:00+00:00,96691.9,97733.9,96180.0,97221.8,52868.159,2026-01-14 19:59:59.999000+00:00,5133522902.07910,1249274,27482.776,2668833287.93810,0
2026-01-14 20:00:00+00:00,97221.8,97932.1,96666.6,96907.9,18838.305,2026-01-14 23:59:59.999000+00:00,1833488000.78840,552412,9230.360,898721280.55720,0
2026-01-15 00:00:00+00:00,96908.0,96960.9,95733.1,95943.1,19713.874,2026-01-15 03:59:59.999000+00:00,1899184529.32620,551987,9799.984,944312420.28130,0
2026-01-15 04:00:00+00:00,95943.1,96744.2,95909.1,96601.2,17931.66,2026-01-15 07:59:59.999000+00:00,1727319124.56300,405125,9169.899,883298438.22440,0
2026-01-15 08:00:00+00:00,96601.2,97155.0,96243.8,96548.9,15485.899,2026-01-15 11:59:59.999000+00:00,1498183760.61200,361257,7557.803,731206150.85160,0
2026-01-15 12:00:00+00:00,96548.9,97100.0,95403.7,96717.3,45603.132,2026-01-15 15:59:59.999000+00:00,4387086111.10190,1115692,24087.743,2317448610.30810,0
2026-01-15 16:00:00+00:00,96717.3,97047.6,95080.0,95469.2,37698.441,2026-01-15 19:59:59.999000+00:00,3624336028.06440,1010964,18629.299,1791644482.63320,0
2026-01-15 20:00:00+00:00,95469.2,95837.8,95089.0,95567.3,12771.735,2026-01-15 23:59:59.999000+00:00,1218819876.92830,353570,6730.090,642301085.74900,0
2026-01-16 00:00:00+00:00,95567.4,95825.0,95279.8,95319.6,9561.47,2026-01-16 03:59:59.999000+00:00,913529293.62190,253418,4503.730,430340263.17030,0
2026-01-16 04:00:00+00:00,95319.6,95790.0,95111.1,95608.4,14107.35,2026-01-16 07:59:59.999000+00:00,1346846603.85840,315421,6735.660,643107813.06360,0
2026-01-16 08:00:00+00:00,95608.4,95805.0,95210.5,95382.6,9683.442,2026-01-16 11:59:59.999000+00:00,924556566.99700,236836,4629.377,441951444.98940,0
2026-01-16 12:00:00+00:00,95382.5,95763.0,94234.5,94537.5,37520.56,2026-01-16 15:59:59.999000+00:00,3562704629.86310,842957,16864.254,1601672468.15480,0
2026-01-16 16:00:00+00:00,94537.6,95191.8,94454.5,94961.0,17146.236,2026-01-16 19:59:59.999000+00:00,1626280507.15660,472084,8522.723,808322517.48530,0
2026-01-16 20:00:00+00:00,94961.0,95550.0,94630.0,95503.7,13199.031,2026-01-16 23:59:59.999000+00:00,1257866177.97210,280183,7083.901,675146299.95720,0
2026-01-17 00:00:00+00:00,95503.8,95536.9,95136.2,95324.0,5524.505,2026-01-17 03:59:59.999000+00:00,526728532.92020,119892,2441.702,232793269.96320,0
2026-01-17 04:00:00+00:00,95324.1,95346.1,94999.9,95061.1,4766.776,2026-01-17 07:59:59.999000+00:00,453719723.72150,108054,2208.071,210177687.24610,0
2026-01-17 08:00:00+00:00,95061.1,95287.1,94977.5,95283.9,4032.162,2026-01-17 11:59:59.999000+00:00,383728110.24230,109251,2262.481,215322167.27960,0
2026-01-17 12:00:00+00:00,95283.8,95621.9,95152.1,95529.0,11191.027,2026-01-17 15:59:59.999000+00:00,1067800291.03070,203939,5926.802,565520869.83150,0
2026-01-17 16:00:00+00:00,95529.0,95529.0,95165.5,95258.3,7792.851,2026-01-17 19:59:59.999000+00:00,742811655.04640,154119,3735.911,356094683.09070,0
2026-01-17 20:00:00+00:00,95258.3,95373.2,95000.0,95107.9,5661.912,2026-01-17 23:59:59.999000+00:00,538878324.45760,123367,2323.736,221149004.20720,0
2026-01-18 00:00:00+00:00,95107.9,95200.9,94819.5,95155.0,6600.369,2026-01-18 03:59:59.999000+00:00,626992280.95720,169044,3351.545,318404765.91190,0
2026-01-18 04:00:00+00:00,95155.0,95236.5,94980.0,94989.9,4813.436,2026-01-18 07:59:59.999000+00:00,457699257.18550,111186,2883.182,274171324.21280,0
2026-01-18 08:00:00+00:00,94989.9,95257.4,94980.0,95133.4,5147.428,2026-01-18 11:59:59.999000+00:00,489632996.83680,122394,2790.889,265466985.44970,0
2026-01-18 12:00:00+00:00,95133.3,95326.4,94850.4,95067.8,12660.949,2026-01-18 15:59:59.999000+00:00,1203723708.54800,203722,6140.696,583838573.88910,0
2026-01-18 16:00:00+00:00,95067.7,95485.9,95024.6,95335.6,7763.476,2026-01-18 19:59:59.999000+00:00,739646702.14100,175380,3973.842,378601169.18770,0
2026-01-18 20:00:00+00:00,95335.6,95490.0,93550.3,93614.0,25594.735,2026-01-18 23:59:59.999000+00:00,2415690964.20600,547930,11409.003,1076987669.53070,0
2026-01-19 00:00:00+00:00,93614.0,93614.1,91800.0,92656.6,49990.263,2026-01-19 03:59:59.999000+00:00,4629746145.87640,1256190,25166.177,2330632984.17250,0
2026-01-19 04:00:00+00:00,92656.7,92810.0,92344.5,92787.9,11351.718,2026-01-19 07:59:59.999000+00:00,1050941824.23940,297551,5680.001,525914414.66080,0
2026-01-19 08:00:00+00:00,92787.8,93312.8,92635.0,93136.7,13800.415,2026-01-19 11:59:59.999000+00:00,1283825958.72790,357636,6927.885,644522238.94120,0
2026-01-19 12:00:00+00:00,93136.8,93188.0,92660.0,93013.5,11142.096,2026-01-19 15:59:59.999000+00:00,1035386563.77400,318886,5473.670,508640527.40680,0
2026-01-19 16:00:00+00:00,93013.4,93379.0,92888.0,93066.2,8569.393,2026-01-19 19:59:59.999000+00:00,798095587.31210,244915,4250.145,395839777.03170,0
2026-01-19 20:00:00+00:00,93066.2,93312.1,92116.0,92589.6,13383.171,2026-01-19 23:59:59.999000+00:00,1240164751.61210,350239,6271.015,581247632.27070,0
2026-01-20 00:00:00+00:00,92589.6,92845.0,92200.0,92397.0,13853.313,2026-01-20 03:59:59.999000+00:00,1281810429.99900,375011,6970.722,645012984.73170,0
2026-01-20 04:00:00+00:00,92396.9,92440.1,90723.3,91136.1,40101.084,2026-01-20 07:59:59.999000+00:00,3663829657.72980,879925,18028.979,1646861085.96430,0
2026-01-20 08:00:00+00:00,91136.1,91415.1,90622.2,91185.8,17642.089,2026-01-20 11:59:59.999000+00:00,1606246289.78010,452271,8893.264,809819872.48500,0
2026-01-20 12:00:00+00:00,91185.8,91344.8,89819.0,90644.2,49534.19,2026-01-20 15:59:59.999000+00:00,4487686624.79200,1143705,23843.948,2160512935.86610,0
2026-01-20 16:00:00+00:00,90644.3,90944.5,89250.2,89694.1,34730.522,2026-01-20 19:59:59.999000+00:00,3122470867.42390,962922,17038.215,1532112773.56530,0
2026-01-20 20:00:00+00:00,89694.1,89824.0,87787.2,88390.6,32215.002,2026-01-20 23:59:59.999000+00:00,2856154831.65210,817280,14359.227,1273373396.51490,0
2026-01-21 00:00:00+00:00,88390.7,89568.5,88218.2,89396.0,18898.318,2026-01-21 03:59:59.999000+00:00,1681235861.05250,516266,10413.651,926609409.79340,0
2026-01-21 04:00:00+00:00,89395.9,90088.0,89045.0,89171.3,19315.661,2026-01-21 07:59:59.999000+00:00,1730457253.45280,389150,9634.448,863005974.76240,0
2026-01-21 08:00:00+00:00,89171.3,89449.0,88614.1,88757.1,13506.472,2026-01-21 11:59:59.999000+00:00,1203602998.75860,359284,5956.435,530912734.40010,0
2026-01-21 12:00:00+00:00,88757.0,90599.5,88109.7,90237.1,54268.387,2026-01-21 15:59:59.999000+00:00,4849833625.49060,1520146,27182.166,2430277628.91950,0
2026-01-21 16:00:00+00:00,90237.2,90427.6,87205.5,90321.9,76317.133,2026-01-21 19:59:59.999000+00:00,6768414296.07860,2046707,37013.144,3282337869.27020,0
2026-01-21 20:00:00+00:00,90321.9,90349.0,89317.9,89411.4,25776.644,2026-01-21 23:59:59.999000+00:00,2317194508.03510,684849,12346.455,1109961443.22440,0
2026-01-22 00:00:00+00:00,89411.4,90327.7,89411.3,89857.0,13517.244,2026-01-22 03:59:59.999000+00:00,1215442330.85520,437639,7175.486,645242107.18410,0
2026-01-22 04:00:00+00:00,89856.9,90170.1,89750.0,89772.6,8495.666,2026-01-22 07:59:59.999000+00:00,764352062.93620,248941,4109.746,369741033.92230,0
2026-01-22 08:00:00+00:00,89772.6,90123.0,89701.9,89909.6,9239.677,2026-01-22 11:59:59.999000+00:00,831054012.82370,264135,4406.030,396334545.72650,0
2026-01-22 12:00:00+00:00,89909.7,90309.5,88465.6,88953.6,42054.956,2026-01-22 15:59:59.999000+00:00,3756463766.76450,1086458,21049.844,1880741752.92220,0
2026-01-22 16:00:00+00:00,88953.7,89882.1,88630.2,89732.9,22922.654,2026-01-22 19:59:59.999000+00:00,2045822811.09560,807834,11119.403,992473552.30620,0
2026-01-22 20:00:00+00:00,89732.8,89908.5,89095.5,89518.5,9684.024,2026-01-22 23:59:59.999000+00:00,866183955.75560,343233,4622.098,413382278.70690,0
2026-01-23 00:00:00+00:00,89518.4,89948.9,89400.0,89886.1,7103.31,2026-01-23 03:59:59.999000+00:00,637240631.47260,235334,3438.885,308512705.61020,0
2026-01-23 04:00:00+00:00,89886.2,90050.0,89358.0,89497.2,10350.649,2026-01-23 07:59:59.999000+00:00,928034065.73430,327336,4996.088,447946163.04500,0
2026-01-23 08:00:00+00:00,89497.3,89590.9,88823.3,89171.2,14039.112,2026-01-23 11:59:59.999000+00:00,1251409978.27440,407683,7160.856,638269676.49350,0
2026-01-23 12:00:00+00:00,89171.3,89847.2,88530.0,89711.2,27156.81,2026-01-23 15:59:59.999000+00:00,2421263083.52320,759692,13683.471,1220200767.29250,0
2026-01-23 16:00:00+00:00,89711.2,91195.0,89438.0,89938.3,53329.738,2026-01-23 19:59:59.999000+00:00,4816955196.06090,1179653,26129.183,2360600524.76890,0
2026-01-23 20:00:00+00:00,89938.3,90124.1,89163.6,89558.7,12846.231,2026-01-23 23:59:59.999000+00:00,1150208479.11900,407169,6371.412,570535530.00520,0
2026-01-24 00:00:00+00:00,89558.7,89893.9,89383.5,89738.4,5898.549,2026-01-24 03:59:59.999000+00:00,528705423.01070,156051,3465.613,310664932.03750,0
2026-01-24 04:00:00+00:00,89738.4,89820.1,89530.6,89581.2,4004.245,2026-01-24 07:59:59.999000+00:00,359121923.27590,112295,1965.712,176300241.60960,0
2026-01-24 08:00:00+00:00,89581.3,89659.2,89539.5,89548.5,3259.833,2026-01-24 11:59:59.999000+00:00,292041128.13410,71687,1739.403,155826353.03730,0
2026-01-24 12:00:00+00:00,89548.5,89554.9,89131.2,89235.0,8263.039,2026-01-24 15:59:59.999000+00:00,738442507.74710,156698,3584.946,320390562.16960,0
2026-01-24 16:00:00+00:00,89234.9,89425.2,89116.9,89286.0,6341.109,2026-01-24 19:59:59.999000+00:00,566084320.00150,124596,2885.498,257595043.74030,0
2026-01-24 20:00:00+00:00,89286.1,89444.4,89155.0,89180.7,2969.162,2026-01-24 23:59:59.999000+00:00,265167147.43980,83576,1335.346,119273748.81100,0
2026-01-25 00:00:00+00:00,89180.7,89281.6,88800.0,88920.0,5837.206,2026-01-25 03:59:59.999000+00:00,519757214.57140,156459,2513.903,223883148.11550,0
2026-01-25 04:00:00+00:00,88920.0,89057.8,88600.0,88630.3,6941.923,2026-01-25 07:59:59.999000+00:00,616528712.96800,185645,3543.586,314744536.01220,0
2026-01-25 08:00:00+00:00,88630.3,88727.2,88084.0,88531.0,12171.295,2026-01-25 11:59:59.999000+00:00,1076128048.50360,276405,6106.356,539927573.09380,0
2026-01-25 12:00:00+00:00,88530.9,88947.1,88306.6,88406.0,12877.754,2026-01-25 15:59:59.999000+00:00,1141797817.87440,282844,6052.166,536611021.28990,0
2026-01-25 16:00:00+00:00,88406.0,88410.0,86100.0,86459.4,55909.37,2026-01-25 19:59:59.999000+00:00,4879819697.40530,1248650,24921.092,2176235964.34660,0
2026-01-25 20:00:00+00:00,86459.4,86966.4,86021.7,86628.9,31141.815,2026-01-25 23:59:59.999000+00:00,2692558435.56170,740808,16253.718,1405646229.61540,0
2026-01-26 00:00:00+00:00,86628.9,87922.0,86463.2,87233.1,28640.303,2026-01-26 03:59:59.999000+00:00,2500875244.93170,737506,13229.659,1155084534.21080,0
2026-01-26 04:00:00+00:00,87233.1,88059.6,87188.3,87968.9,13632.75,2026-01-26 07:59:59.999000+00:00,1196706866.98130,407310,6667.915,585345742.25580,0
2026-01-26 08:00:00+00:00,87969.0,88367.5,87556.9,87810.0,12963.85,2026-01-26 11:59:59.999000+00:00,1139316653.26970,346058,6706.656,589503293.45410,0
2026-01-26 12:00:00+00:00,87810.1,88834.1,87278.5,87609.5,37919.782,2026-01-26 15:59:59.999000+00:00,3336965656.61640,1002495,19104.505,1681046196.58350,0
2026-01-26 16:00:00+00:00,87609.4,88496.4,86960.0,87965.6,28639.512,2026-01-26 19:59:59.999000+00:00,2512742073.61060,803951,14359.412,1259765562.73230,0
2026-01-26 20:00:00+00:00,87965.5,88637.4,87506.8,88300.6,12813.294,2026-01-26 23:59:59.999000+00:00,1128250918.88200,358535,6398.600,563337367.92210,0
2026-01-27 00:00:00+00:00,88300.6,88880.6,88157.4,88744.6,12771.372,2026-01-27 03:59:59.999000+00:00,1130676006.05840,321359,6294.050,557373615.44980,0
2026-01-27 04:00:00+00:00,88744.7,88983.3,88239.9,88287.9,8861.368,2026-01-27 07:59:59.999000+00:00,784533544.84410,242180,3987.370,353035011.69230,0
2026-01-27 08:00:00+00:00,88288.0,88365.6,87707.1,87947.5,10960.454,2026-01-27 11:59:59.999000+00:00,964446911.57360,287009,5558.923,489134625.06840,0
2026-01-27 12:00:00+00:00,87947.4,88418.8,87530.0,88000.1,21717.911,2026-01-27 15:59:59.999000+00:00,1909317364.39360,642714,11551.641,1015747979.86380,0
2026-01-27 16:00:00+00:00,88000.1,88836.3,87265.4,88378.1,38341.683,2026-01-27 19:59:59.999000+00:00,3376774539.97880,1017401,19740.693,1738908514.57470,0
2026-01-27 20:00:00+00:00,88378.1,89499.0,88335.6,89197.8,25273.326,2026-01-27 23:59:59.999000+00:00,2252943696.13230,622011,12584.061,1121791783.05370,0
2026-01-28 00:00:00+00:00,89197.8,89454.6,88932.6,89079.8,10026.193,2026-01-28 03:59:59.999000+00:00,894444042.61530,316206,4372.523,390117918.87360,0
2026-01-28 04:00:00+00:00,89079.8,89366.0,88786.0,89106.8,9710.807,2026-01-28 07:59:59.999000+00:00,864684202.90880,281789,4583.915,408222408.09540,0
2026-01-28 08:00:00+00:00,89106.8,90122.0,88831.9,90036.9,19303.904,2026-01-28 11:59:59.999000+00:00,1727282611.45140,493992,10655.134,953640612.75370,0
2026-01-28 12:00:00+00:00,90036.9,90444.4,88852.2,89444.4,38056.703,2026-01-28 15:59:59.999000+00:00,3415160888.88650,956948,18912.640,1697163588.57790,0
2026-01-28 16:00:00+00:00,89444.5,90592.7,88974.0,89363.6,32992.134,2026-01-28 19:59:59.999000+00:00,2958162359.11020,991401,16400.382,1470937410.83400,0
2026-01-28 20:00:00+00:00,89363.5,89880.1,88829.0,89261.7,13795.118,2026-01-28 23:59:59.999000+00:00,1231552245.54830,451555,6812.846,608395779.40420,0
2026-01-29 00:00:00+00:00,89261.7,89316.8,87650.1,88003.2,26173.956,2026-01-29 03:59:59.999000+00:00,2311570166.43140,699727,12338.754,1089719776.04840,0
2026-01-29 04:00:00+00:00,88003.2,88394.2,87863.0,88310.9,9421.294,2026-01-29 07:59:59.999000+00:00,830965463.66920,272201,4999.414,440984439.14650,0
2026-01-29 08:00:00+00:00,88310.9,88461.2,87711.0,87795.2,16008.75,2026-01-29 11:59:59.999000+00:00,1408657769.70220,370097,8032.092,706753952.54560,0
2026-01-29 12:00:00+00:00,87795.1,88133.2,84335.4,84898.0,74469.515,2026-01-29 15:59:59.999000+00:00,6402188996.54220,1581057,33297.172,2863059472.90650,0
2026-01-29 16:00:00+00:00,84897.9,85596.1,83338.3,83979.4,83125.553,2026-01-29 19:59:59.999000+00:00,7018268473.17990,1846759,39978.982,3375795146.95610,0
2026-01-29 20:00:00+00:00,83979.5,84699.9,83785.6,84604.7,17562.523,2026-01-29 23:59:59.999000+00:00,1480351294.99870,476246,8954.183,754804338.43140,0
2026-01-30 00:00:00+00:00,84604.7,84697.2,81000.0,82640.9,76402.239,2026-01-30 03:59:59.999000+00:00,6298918594.36020,1716459,35163.356,2897756362.79610,0
2026-01-30 04:00:00+00:00,82640.9,83300.0,82021.1,82770.1,33705.929,2026-01-30 07:59:59.999000+00:00,2789316046.66300,761999,17743.594,1468536734.80940,0
2026-01-30 08:00:00+00:00,82770.1,83280.6,82108.4,83104.8,24459.859,2026-01-30 11:59:59.999000+00:00,2020554136.99360,653884,11959.675,988336007.90480,0
2026-01-30 12:00:00+00:00,83104.7,83779.2,82328.6,82850.2,42061.2,2026-01-30 15:59:59.999000+00:00,3491759019.51780,1392801,20731.658,1721238243.77320,0
2026-01-30 16:00:00+00:00,82850.1,84599.0,81832.0,84200.0,52992.028,2026-01-30 19:59:59.999000+00:00,4411705034.11240,1867773,26194.470,2181313887.68290,0
2026-01-30 20:00:00+00:00,84199.9,84487.7,83501.0,84211.4,25173.261,2026-01-30 23:59:59.999000+00:00,2114495980.83920,863525,13763.649,1156310016.04410,0
2026-01-31 00:00:00+00:00,84211.4,84239.5,83775.5,83987.5,9341.051,2026-01-31 03:59:59.999000+00:00,785041971.60580,279276,4321.598,363194856.21910,0
2026-01-31 04:00:00+00:00,83987.5,84110.0,83368.0,83514.4,10028.444,2026-01-31 07:59:59.999000+00:00,839564583.38850,261843,4516.347,378115969.62580,0
2026-01-31 08:00:00+00:00,83514.3,83598.0,82530.2,82983.2,23221.921,2026-01-31 11:59:59.999000+00:00,1928017691.34350,638826,10871.741,902483600.21180,0
2026-01-31 12:00:00+00:00,82983.2,83115.3,80754.3,81268.6,51733.36,2026-01-31 15:59:59.999000+00:00,4224962130.06010,1440000,25081.513,2048311354.38090,0
2026-01-31 16:00:00+00:00,81268.6,82200.0,75500.0,77707.9,140211.477,2026-01-31 19:59:59.999000+00:00,11058247983.60120,3475936,60660.376,4791932755.31710,0
2026-01-31 20:00:00+00:00,77707.9,79200.0,77037.8,78706.8,37012.258,2026-01-31 23:59:59.999000+00:00,2889481105.78310,1343098,20225.561,1579454192.30740,0
2026-02-01 00:00:00+00:00,78706.7,79396.8,78245.7,78826.3,19245.976,2026-02-01 03:59:59.999000+00:00,1516357182.97910,864454,9945.902,783736405.30090,0
2026-02-01 04:00:00+00:00,78826.3,79094.9,77899.9,78320.8,18661.217,2026-02-01 07:59:59.999000+00:00,1464999264.21260,610640,8473.002,665272898.05910,0
2026-02-01 08:00:00+00:00,78320.8,79194.0,78099.8,78712.1,18582.65,2026-02-01 11:59:59.999000+00:00,1460620155.07120,662869,9346.083,734834823.43800,0
2026-02-01 12:00:00+00:00,78712.1,78732.0,76752.5,77563.8,45953.015,2026-02-01 15:59:59.999000+00:00,3572444518.70240,1415405,22023.591,1712464059.72960,0
2026-02-01 16:00:00+00:00,77563.8,78421.6,76950.9,77142.4,29864.884,2026-02-01 19:59:59.999000+00:00,2317961314.78800,1233484,14588.138,1132427812.52240,0
2026-02-01 20:00:00+00:00,77142.4,77753.6,75644.0,76931.5,54676.338,2026-02-01 23:59:59.999000+00:00,4197965624.02370,1975206,25134.250,1930585845.19930,0
2026-02-02 00:00:00+00:00,76931.6,78111.0,74555.0,76256.2,70032.518,2026-02-02 03:59:59.999000+00:00,5337659067.48010,2758976,33257.253,2535589361.47290,0
2026-02-02 04:00:00+00:00,76256.2,76930.0,74853.0,76612.6,56149.261,2026-02-02 07:59:59.999000+00:00,4260870099.92440,2355191,28277.599,2146884704.38740,0
2026-02-02 08:00:00+00:00,76612.6,77937.7,76576.7,77716.1,30912.995,2026-02-02 11:59:59.999000+00:00,2390983352.57870,1163152,16620.792,1285605488.58370,0
2026-02-02 12:00:00+00:00,77716.0,79311.0,77515.6,78800.6,58953.88,2026-02-02 15:59:59.999000+00:00,4615973740.23460,2147065,29999.966,2349332519.67730,0
2026-02-02 16:00:00+00:00,78800.5,79248.0,78234.9,78299.2,27195.435,2026-02-02 19:59:59.999000+00:00,2141870217.00730,1268632,13412.960,1056467115.61340,0
2026-02-02 20:00:00+00:00,78299.1,78935.9,77843.2,78692.5,16402.325,2026-02-02 23:59:59.999000+00:00,1285770887.85300,663238,8659.380,678912425.20920,0
2026-02-03 00:00:00+00:00,78692.5,79163.0,77566.5,78710.7,24856.12,2026-02-03 03:59:59.999000+00:00,1949088277.97630,876759,11946.441,937078002.30350,0
2026-02-03 04:00:00+00:00,78710.7,78967.9,77900.1,78749.9,19860.497,2026-02-03 07:59:59.999000+00:00,1559544896.23060,642518,9709.034,762559708.61290,0
2026-02-03 08:00:00+00:00,78750.0,79049.0,77900.0,78040.1,23203.397,2026-02-03 11:59:59.999000+00:00,1817721577.28180,721411,11397.248,892985628.91480,0
2026-02-03 12:00:00+00:00,78040.1,78425.8,77000.5,78094.1,51447.122,2026-02-03 15:59:59.999000+00:00,4001555172.60110,1622747,25066.693,1949813832.70430,0
2026-02-03 16:00:00+00:00,78094.2,78101.5,72889.2,74893.8,138235.631,2026-02-03 19:59:59.999000+00:00,10371907588.62580,3522184,66497.149,4988778183.47430,0
2026-02-03 20:00:00+00:00,74893.9,76920.7,74541.0,75732.4,50122.749,2026-02-03 23:59:59.999000+00:00,3807454649.25870,1518652,25980.763,1973525309.98970,0
2026-02-04 00:00:00+00:00,75732.4,76952.5,75420.0,76661.1,25230.293,2026-02-04 03:59:59.999000+00:00,1923729213.86710,889145,12247.807,933858629.23980,0
2026-02-04 04:00:00+00:00,76661.1,76809.4,76072.0,76478.9,13166.927,2026-02-04 07:59:59.999000+00:00,1006920031.49730,474717,6551.346,501003860.58780,0
2026-02-04 08:00:00+00:00,76478.9,76568.0,75629.9,75987.6,23832.37,2026-02-04 11:59:59.999000+00:00,1813746350.18270,725578,11156.827,849192886.43020,0
2026-02-04 12:00:00+00:00,75987.6,76245.5,73756.0,74107.0,78049.845,2026-02-04 15:59:59.999000+00:00,5846625299.42210,2427802,38105.868,2854363165.24170,0
2026-02-04 16:00:00+00:00,74107.0,74211.8,72101.0,73895.3,110739.361,2026-02-04 19:59:59.999000+00:00,8108643633.89020,3173569,56159.016,4112629703.95030,0
2026-02-04 20:00:00+00:00,73895.2,74141.1,71838.0,73137.4,42105.843,2026-02-04 23:59:59.999000+00:00,3072459519.09250,1455447,20376.124,1487878816.77930,0
2026-02-05 00:00:00+00:00,73137.5,73316.3,71111.0,71198.9,61677.796,2026-02-05 03:59:59.999000+00:00,4447740447.06080,2215156,28440.909,2051873864.13920,0
2026-02-05 04:00:00+00:00,71199.0,71600.0,70085.3,70716.1,70629.246,2026-02-05 07:59:59.999000+00:00,5005247658.15780,2163484,32848.559,2329368476.97980,0
2026-02-05 08:00:00+00:00,70716.1,71944.4,69862.0,70279.0,55156.137,2026-02-05 11:59:59.999000+00:00,3908810404.58060,1769232,25763.914,1826471192.17200,0
2026-02-05 12:00:00+00:00,70279.1,70848.6,66666.0,67451.9,168792.675,2026-02-05 15:59:59.999000+00:00,11593597320.10920,4563677,82514.552,5668301702.45960,0
2026-02-05 16:00:00+00:00,67452.0,68667.4,65160.0,65237.4,138785.242,2026-02-05 19:59:59.999000+00:00,9263000141.56130,4112872,66984.134,4473245704.37330,0
2026-02-05 20:00:00+00:00,65237.5,65678.1,62233.3,62868.1,175048.645,2026-02-05 23:59:59.999000+00:00,11165057200.34680,4757139,85557.196,5458716080.26610,0
2026-02-06 00:00:00+00:00,62868.1,65969.5,59800.0,64138.1,176970.308,2026-02-06 03:59:59.999000+00:00,11166669878.23920,4606830,86286.108,5451597586.05670,0
2026-02-06 04:00:00+00:00,64138.1,66783.0,63924.7,64811.2,70097.968,2026-02-06 07:59:59.999000+00:00,4584945494.30200,2119316,35436.355,2317232757.99050,0
2026-02-06 08:00:00+00:00,64811.2,66773.4,64438.9,66586.1,54110.748,2026-02-06 11:59:59.999000+00:00,3549462510.35810,1534235,27149.604,1782405424.37510,0
2026-02-06 12:00:00+00:00,66586.1,69157.9,66072.0,68577.5,105687.051,2026-02-06 15:59:59.999000+00:00,7146913975.77710,3208450,55108.975,3727347828.29600,0
2026-02-06 16:00:00+00:00,68577.5,71451.6,68348.0,70675.5,107975.296,2026-02-06 19:59:59.999000+00:00,7565178421.84070,3297574,56525.372,3961709733.54080,0
2026-02-06 20:00:00+00:00,70675.5,71714.4,69764.7,70544.5,44341.398,2026-02-06 23:59:59.999000+00:00,3133984395.44910,1566499,22967.557,1623655821.92710,0
2026-02-07 00:00:00+00:00,70544.5,70899.5,69674.5,70887.1,31855.755,2026-02-07 03:59:59.999000+00:00,2237671558.15190,1180498,15930.958,1119236047.07420,0
2026-02-07 04:00:00+00:00,70887.2,71690.0,67250.0,68050.5,88703.15,2026-02-07 07:59:59.999000+00:00,6134186834.62350,2464884,40102.586,2771396633.62020,0
2026-02-07 08:00:00+00:00,68050.5,68797.8,67550.2,67935.1,39834.145,2026-02-07 11:59:59.999000+00:00,2715182837.98240,1336595,21573.125,1471093528.86520,0
2026-02-07 12:00:00+00:00,67935.0,70000.0,67870.2,69122.1,59726.379,2026-02-07 15:59:59.999000+00:00,4125810566.19200,1934729,31010.192,2142963943.08950,0
2026-02-07 16:00:00+00:00,69122.1,69887.7,68478.1,69341.4,34087.255,2026-02-07 19:59:59.999000+00:00,2361083292.92490,1324476,17161.535,1189144316.25430,0
2026-02-07 20:00:00+00:00,69341.3,69688.2,68734.6,69254.2,12456.967,2026-02-07 23:59:59.999000+00:00,862924242.12310,543063,6007.144,416248122.77670,0
2026-02-08 00:00:00+00:00,69254.3,69666.0,68843.7,69064.7,14911.652,2026-02-08 03:59:59.999000+00:00,1032531794.45730,613429,7477.825,517837797.95370,0
2026-02-08 04:00:00+00:00,69064.7,69693.0,68928.0,69665.0,12103.435,2026-02-08 07:59:59.999000+00:00,838838940.83590,486602,6566.815,455178102.33930,0
2026-02-08 08:00:00+00:00,69665.1,71199.9,69467.9,70954.0,43821.848,2026-02-08 11:59:59.999000+00:00,3082077123.30160,1347239,23539.107,1655751841.58990,0
2026-02-08 12:00:00+00:00,70954.0,71524.9,70653.0,71152.6,28255.244,2026-02-08 15:59:59.999000+00:00,2009466958.45040,1073898,14384.848,1023152117.52960,0
2026-02-08 16:00:00+00:00,71152.5,71480.0,70220.1,71381.0,23445.872,2026-02-08 19:59:59.999000+00:00,1661039048.14260,954080,11552.025,818558725.09190,0
2026-02-08 20:00:00+00:00,71381.0,72300.0,69913.3,70288.1,40215.536,2026-02-08 23:59:59.999000+00:00,2853541163.06940,1283489,20560.568,1460031570.95150,0
2026-02-09 00:00:00+00:00,70288.2,71434.9,70013.3,71269.9,28075.139,2026-02-09 03:59:59.999000+00:00,1982617499.31810,1297622,15092.027,1065961389.40930,0
2026-02-09 04:00:00+00:00,71269.8,71320.0,70251.1,70393.5,19162.987,2026-02-09 07:59:59.999000+00:00,1355387012.75990,747247,10092.716,713901339.44640,0
2026-02-09 08:00:00+00:00,70393.5,70583.3,68373.9,68899.9,49010.982,2026-02-09 11:59:59.999000+00:00,3395943518.23270,1498365,22606.960,1566194256.91480,0
2026-02-09 12:00:00+00:00,68900.0,69843.7,68271.7,69528.9,56527.819,2026-02-09 15:59:59.999000+00:00,3904468798.22280,1937605,28858.778,1993786439.38320,0
2026-02-09 16:00:00+00:00,69528.9,71041.0,69050.0,70912.7,46984.623,2026-02-09 19:59:59.999000+00:00,3300592263.56030,1702633,24287.442,1706071179.19700,0
2026-02-09 20:00:00+00:00,70912.6,71085.0,69776.1,70110.5,22681.278,2026-02-09 23:59:59.999000+00:00,1597223878.72150,817075,10561.002,743672846.40640,0
2026-02-10 00:00:00+00:00,70110.6,70499.9,69155.8,69473.3,22533.107,2026-02-10 03:59:59.999000+00:00,1574733417.26280,805650,10740.368,750822323.61530,0
2026-02-10 04:00:00+00:00,69473.2,69886.1,68633.3,68882.1,26911.354,2026-02-10 07:59:59.999000+00:00,1863345520.62220,870568,12545.782,869110308.14320,0
2026-02-10 08:00:00+00:00,68882.2,69376.3,68406.4,68489.9,24790.436,2026-02-10 11:59:59.999000+00:00,1708663754.62980,708871,12285.231,847163059.95510,0
2026-02-10 12:00:00+00:00,68489.9,69554.7,67883.0,69251.5,61160.036,2026-02-10 15:59:59.999000+00:00,4204266476.21510,1895505,30614.750,2104952370.02500,0
2026-02-10 16:00:00+00:00,69251.4,69957.9,68555.6,69031.4,34739.185,2026-02-10 19:59:59.999000+00:00,2407369481.21130,1365477,17534.610,1215186538.54190,0
2026-02-10 20:00:00+00:00,69031.3,69116.9,68322.1,68805.3,13738.491,2026-02-10 23:59:59.999000+00:00,943651439.19480,589510,6788.779,466341489.91910,0
2026-02-11 00:00:00+00:00,68805.3,69262.7,67951.8,68143.6,19145.197,2026-02-11 03:59:59.999000+00:00,1314330788.60180,706519,8918.304,612450833.71730,0
2026-02-11 04:00:00+00:00,68143.6,68288.0,66511.0,67000.0,43120.56,2026-02-11 07:59:59.999000+00:00,2899899026.24580,1340307,20293.401,1364526133.52730,0
2026-02-11 08:00:00+00:00,67000.0,67094.4,66342.6,67023.0,25236.662,2026-02-11 11:59:59.999000+00:00,1685266848.38040,860883,12489.050,834200950.56750,0
2026-02-11 12:00:00+00:00,67022.9,68821.1,65718.5,66489.3,94588.83,2026-02-11 15:59:59.999000+00:00,6347055189.17570,2772064,48546.638,3258897813.35370,0
2026-02-11 16:00:00+00:00,66489.4,67831.4,65834.5,67547.7,47502.511,2026-02-11 19:59:59.999000+00:00,3172441061.04430,1777563,23683.086,1581598575.30210,0
2026-02-11 20:00:00+00:00,67547.6,68315.0,66757.4,67054.4,27031.764,2026-02-11 23:59:59.999000+00:00,1826170590.56290,904212,13333.204,901318892.41260,0
2026-02-12 00:00:00+00:00,67054.8,68021.0,67016.6,67550.2,19130.074,2026-02-12 03:59:59.999000+00:00,1291789969.92650,710909,9588.195,647359962.31250,0
2026-02-12 04:00:00+00:00,67550.3,67659.6,66640.0,67181.5,17969.216,2026-02-12 07:59:59.999000+00:00,1206159030.41890,625391,8584.903,576062272.35170,0
2026-02-12 08:00:00+00:00,67181.5,68265.5,66860.0,68031.8,23709.827,2026-02-12 11:59:59.999000+00:00,1603590511.46860,728835,11898.638,804712196.90370,0
2026-02-12 12:00:00+00:00,68031.8,68385.0,66958.0,67107.0,45122.558,2026-02-12 15:59:59.999000+00:00,3055124981.52740,1450470,22353.844,1513517728.06650,0
2026-02-12 16:00:00+00:00,67107.0,67221.9,65081.0,65760.7,70971.692,2026-02-12 19:59:59.999000+00:00,4680463445.47250,2174166,33764.056,2227083990.81810,0
2026-02-12 20:00:00+00:00,65760.7,66460.8,65177.8,66243.1,23089.892,2026-02-12 23:59:59.999000+00:00,1521162901.47640,791061,11434.150,753229390.73920,0
2026-02-13 00:00:00+00:00,66243.2,66778.5,65833.9,66519.6,18050.465,2026-02-13 03:59:59.999000+00:00,1197628896.67560,665012,8949.293,593744652.63310,0
2026-02-13 04:00:00+00:00,66519.6,66650.2,65964.2,66183.3,15780.838,2026-02-13 07:59:59.999000+00:00,1045985421.30440,536805,7866.853,521459871.09180,0
2026-02-13 08:00:00+00:00,66183.3,67196.8,66159.9,67137.8,22860.438,2026-02-13 11:59:59.999000+00:00,1526851613.82250,683700,11660.907,778924177.01580,0
2026-02-13 12:00:00+00:00,67137.8,69289.5,66823.6,68652.0,71464.15,2026-02-13 15:59:59.999000+00:00,4855346095.91650,1944005,37387.642,2541864855.34080,0
2026-02-13 16:00:00+00:00,68652.1,69473.7,68500.0,68904.2,38164.259,2026-02-13 19:59:59.999000+00:00,2634058936.90890,1197034,18629.649,1286153958.33030,0
2026-02-13 20:00:00+00:00,68904.3,69055.9,68639.7,68821.5,16723.139,2026-02-13 23:59:59.999000+00:00,1151231430.65250,479868,8340.608,574188568.94010,0
2026-02-14 00:00:00+00:00,68821.5,69118.1,68736.2,68947.7,9642.697,2026-02-14 03:59:59.999000+00:00,664694134.30690,290220,5183.941,357353181.13250,0
2026-02-14 04:00:00+00:00,68947.7,69318.2,68689.1,69182.2,9127.385,2026-02-14 07:59:59.999000+00:00,629267429.06410,252441,4969.232,342710235.32270,0
2026-02-14 08:00:00+00:00,69182.1,70557.7,69174.5,70464.8,27428.772,2026-02-14 11:59:59.999000+00:00,1916377052.79450,709232,15845.373,1107280589.78800,0
2026-02-14 12:00:00+00:00,70464.8,70499.4,69163.7,69754.2,36370.367,2026-02-14 15:59:59.999000+00:00,2535438644.46390,921709,15595.568,1087161848.55570,0
2026-02-14 16:00:00+00:00,69754.2,69903.3,69259.1,69849.0,15953.444,2026-02-14 19:59:59.999000+00:00,1111161334.19200,524668,8746.890,609283557.64310,0
2026-02-14 20:00:00+00:00,69848.9,70230.6,69600.0,69795.4,16011.581,2026-02-14 23:59:59.999000+00:00,1118995599.33270,403231,8790.449,614408831.87150,0
2026-02-15 00:00:00+00:00,69795.4,69967.4,69212.2,69926.0,18571.897,2026-02-15 03:59:59.999000+00:00,1292577924.80240,545988,10164.992,707701360.17600,0
2026-02-15 04:00:00+00:00,69925.9,70907.7,69925.9,70784.0,26247.372,2026-02-15 07:59:59.999000+00:00,1847364243.16910,704155,14259.891,1003723768.04860,0
2026-02-15 08:00:00+00:00,70784.0,70938.5,70114.8,70268.7,18316.803,2026-02-15 11:59:59.999000+00:00,1290029380.76160,532574,8385.019,590567655.22700,0
2026-02-15 12:00:00+00:00,70268.6,70391.0,68741.4,69068.1,41787.049,2026-02-15 15:59:59.999000+00:00,2897533488.41910,976740,20273.661,1405733278.27510,0
2026-02-15 16:00:00+00:00,69068.1,69074.0,68029.6,68263.6,30584.219,2026-02-15 19:59:59.999000+00:00,2095734522.41040,857616,14092.538,965744237.10330,0
2026-02-15 20:00:00+00:00,68263.7,69049.2,68100.2,68796.9,15742.79,2026-02-15 23:59:59.999000+00:00,1080740568.34720,513997,8244.534,565999111.93890,0
2026-02-16 00:00:00+00:00,68796.9,69033.6,68112.2,68392.6,13437.439,2026-02-16 03:59:59.999000+00:00,921174387.04670,497073,6471.211,443610587.53540,0
2026-02-16 04:00:00+00:00,68392.6,68869.8,68183.3,68552.4,12323.489,2026-02-16 07:59:59.999000+00:00,844272737.75090,362237,6489.270,444574260.29000,0
2026-02-16 08:00:00+00:00,68552.5,69029.9,68300.0,68769.4,15845.783,2026-02-16 11:59:59.999000+00:00,1088912385.40630,464104,8160.000,560767362.68280,0
2026-02-16 12:00:00+00:00,68769.4,70110.9,67250.0,67505.5,69582.444,2026-02-16 15:59:59.999000+00:00,4775293502.05090,1778742,33596.657,2307556910.73360,0
2026-02-16 16:00:00+00:00,67505.5,68221.7,67475.0,67883.6,20666.719,2026-02-16 19:59:59.999000+00:00,1402409994.86210,644334,10423.657,707253207.55060,0
2026-02-16 20:00:00+00:00,67883.5,68962.1,67788.6,68862.5,17723.874,2026-02-16 23:59:59.999000+00:00,1214289228.28530,534590,9471.958,649049661.21940,0
2026-02-17 00:00:00+00:00,68862.6,69228.6,68350.0,68443.6,16477.877,2026-02-17 03:59:59.999000+00:00,1133630136.21440,602028,7946.876,546862605.49540,0
2026-02-17 04:00:00+00:00,68443.6,68681.8,67854.2,68353.4,15435.494,2026-02-17 07:59:59.999000+00:00,1053542360.82650,461254,7356.719,502163200.31370,0
2026-02-17 08:00:00+00:00,68353.4,68445.8,67655.0,67824.4,15199.471,2026-02-17 11:59:59.999000+00:00,1032886862.25280,466928,7324.543,497805023.63010,0
2026-02-17 12:00:00+00:00,67824.3,68350.0,66588.0,67363.6,51182.908,2026-02-17 15:59:59.999000+00:00,3448868190.99080,1472039,24935.494,1680711043.95030,0
2026-02-17 16:00:00+00:00,67363.6,68220.1,66824.5,67766.9,40921.1,2026-02-17 19:59:59.999000+00:00,2767764916.71160,1311604,20039.089,1355666826.24120,0
2026-02-17 20:00:00+00:00,67766.9,67897.6,67355.7,67475.9,9968.272,2026-02-17 23:59:59.999000+00:00,673921316.25100,421798,4885.953,330313662.88510,0
2026-02-18 00:00:00+00:00,67475.9,67683.4,66850.1,67590.2,13859.457,2026-02-18 03:59:59.999000+00:00,932377992.99850,449430,6858.142,461460271.07630,0
2026-02-18 04:00:00+00:00,67590.3,68190.2,67456.6,68078.4,13751.365,2026-02-18 07:59:59.999000+00:00,932352276.53420,387009,7435.436,504211999.13810,0
2026-02-18 08:00:00+00:00,68078.5,68438.0,67037.2,67345.4,27303.081,2026-02-18 11:59:59.999000+00:00,1850252791.13520,634389,13523.076,916287904.71870,0
2026-02-18 12:00:00+00:00,67345.4,68336.0,66666.2,67671.0,43142.829,2026-02-18 15:59:59.999000+00:00,2910570450.05170,1169795,21553.154,1454394343.35010,0
2026-02-18 16:00:00+00:00,67671.1,67684.6,65826.1,66138.2,48354.052,2026-02-18 19:59:59.999000+00:00,3226173140.28540,1260419,22692.206,1514437452.53580,0
2026-02-18 20:00:00+00:00,66138.3,66528.8,65993.1,66422.8,17562.607,2026-02-18 23:59:59.999000+00:00,1164175608.55050,513892,8921.871,591470936.96470,0
2026-02-19 00:00:00+00:00,66422.8,66975.0,66301.8,66950.4,11949.431,2026-02-19 03:59:59.999000+00:00,796897405.12860,407416,6384.632,425762871.02180,0
2026-02-19 04:00:00+00:00,66950.4,67299.4,66651.8,67180.4,12987.831,2026-02-19 07:59:59.999000+00:00,870027680.13880,407686,6662.391,446369677.91960,0
2026-02-19 08:00:00+00:00,67180.4,67180.4,66431.1,66468.9,17634.609,2026-02-19 11:59:59.999000+00:00,1178369119.46400,490174,7766.468,519091612.14680,0
2026-02-19 12:00:00+00:00,66468.8,66723.0,65595.7,66362.7,53345.665,2026-02-19 15:59:59.999000+00:00,3531007381.65420,1404179,25197.212,1667995680.39660,0
2026-02-19 16:00:00+00:00,66362.6,67174.0,65863.8,67022.9,39321.698,2026-02-19 19:59:59.999000+00:00,2619762683.11980,1123391,20795.700,1385390103.00780,0
2026-02-19 20:00:00+00:00,67022.8,67147.8,66618.2,66974.0,12193.367,2026-02-19 23:59:59.999000+00:00,816000078.68080,410755,6260.777,419043097.91800,0
2026-02-20 00:00:00+00:00,66973.9,67490.0,66912.4,67327.2,16163.093,2026-02-20 03:59:59.999000+00:00,1087133241.94320,434786,8480.285,570405840.65240,0
2026-02-20 04:00:00+00:00,67327.2,67999.9,67079.3,67794.7,23131.392,2026-02-20 07:59:59.999000+00:00,1564496913.38010,504221,11890.299,804364068.08690,0
2026-02-20 08:00:00+00:00,67794.8,68283.7,67250.0,67290.5,27634.024,2026-02-20 11:59:59.999000+00:00,1876247320.56330,618776,12891.377,875486946.90390,0
2026-02-20 12:00:00+00:00,67290.4,68099.9,66408.1,67547.6,89010.872,2026-02-20 15:59:59.999000+00:00,5973536835.33630,1860757,44251.694,2969633489.49040,0
2026-02-20 16:00:00+00:00,67547.6,67998.9,66915.0,67616.5,53992.045,2026-02-20 19:59:59.999000+00:00,3643638010.92720,1340228,28099.175,1896000401.56400,0
2026-02-20 20:00:00+00:00,67616.5,68220.0,67486.6,67979.3,15372.545,2026-02-20 23:59:59.999000+00:00,1043058897.19680,405383,8201.592,556499532.55470,0
2026-02-21 00:00:00+00:00,67979.3,68079.0,67488.9,67637.0,13484.385,2026-02-21 03:59:59.999000+00:00,914304801.42480,300734,6030.070,408996319.86680,0
2026-02-21 04:00:00+00:00,67636.9,67899.0,67555.2,67821.0,6835.056,2026-02-21 07:59:59.999000+00:00,463072918.50950,173704,3338.800,226224630.21170,0
2026-02-21 08:00:00+00:00,67821.0,68280.0,67776.2,68060.9,16424.915,2026-02-21 11:59:59.999000+00:00,1118910410.06830,292906,8810.958,600268734.69110,0
2026-02-21 12:00:00+00:00,68061.0,68687.0,67882.8,68571.5,21938.833,2026-02-21 15:59:59.999000+00:00,1498969488.85410,411919,12507.753,854574133.82100,0
2026-02-21 16:00:00+00:00,68571.5,68632.5,68066.0,68516.3,16510.563,2026-02-21 19:59:59.999000+00:00,1128827619.05250,383924,8424.739,576063912.06250,0
2026-02-21 20:00:00+00:00,68516.3,68568.1,67860.0,67933.1,12301.741,2026-02-21 23:59:59.999000+00:00,838590550.18960,283442,6032.368,411193627.00260,0
2026-02-22 00:00:00+00:00,67933.2,68198.5,67763.7,68010.5,12501.071,2026-02-22 03:59:59.999000+00:00,849455284.41420,300185,5982.930,406586677.48100,0
2026-02-22 04:00:00+00:00,68010.5,68204.3,67850.4,67973.0,8942.586,2026-02-22 07:59:59.999000+00:00,608166481.49580,178383,4296.824,292263714.34550,0
2026-02-22 08:00:00+00:00,67973.0,68220.0,67877.0,68183.4,9086.0,2026-02-22 11:59:59.999000+00:00,618212787.83050,178288,4669.419,317764926.31480,0
2026-02-22 12:00:00+00:00,68183.4,68205.1,67275.0,67659.9,31174.344,2026-02-22 15:59:59.999000+00:00,2108971553.14840,609059,15511.892,1049266789.67100,0
2026-02-22 16:00:00+00:00,67660.0,67712.0,67150.0,67402.2,12981.135,2026-02-22 19:59:59.999000+00:00,874936404.61050,325067,6583.825,443696262.96860,0
2026-02-22 20:00:00+00:00,67402.1,67728.0,67324.1,67613.5,9658.286,2026-02-22 23:59:59.999000+00:00,652170780.89320,272724,5503.971,371641213.39250,0
2026-02-23 00:00:00+00:00,67613.6,67655.8,64232.8,64894.0,89086.873,2026-02-23 03:59:59.999000+00:00,5817822458.39180,2045543,41957.192,2738495803.48030,0
2026-02-23 04:00:00+00:00,64894.1,65980.0,64628.5,65915.8,31480.866,2026-02-23 07:59:59.999000+00:00,2056743701.91510,709438,15941.322,1041802918.18050,0
2026-02-23 08:00:00+00:00,65915.7,66574.5,65534.6,66170.8,30726.787,2026-02-23 11:59:59.999000+00:00,2031014209.58660,672603,15206.236,1005176709.04240,0
2026-02-23 12:00:00+00:00,66170.8,66490.0,65500.0,65633.1,44068.051,2026-02-23 15:59:59.999000+00:00,2908041790.94170,1113111,22700.418,1498239973.53190,0
2026-02-23 16:00:00+00:00,65633.1,65701.2,64050.0,64273.9,57061.836,2026-02-23 19:59:59.999000+00:00,3698010043.06260,1442116,28415.657,1841550466.58390,0
2026-02-23 20:00:00+00:00,64273.9,64989.0,63860.0,64625.8,24726.883,2026-02-23 23:59:59.999000+00:00,1594120319.88950,647808,12707.655,819399286.73420,0
2026-02-24 00:00:00+00:00,64625.8,64980.0,63303.9,63570.5,44780.755,2026-02-24 03:59:59.999000+00:00,2867865672.50180,1208296,20806.362,1332863749.50840,0
2026-02-24 04:00:00+00:00,63570.5,63606.3,62655.0,63155.3,43162.099,2026-02-24 07:59:59.999000+00:00,2723559968.32150,1108747,19934.361,1257954685.20010,0
2026-02-24 08:00:00+00:00,63155.4,63432.4,62900.0,63192.2,17864.35,2026-02-24 11:59:59.999000+00:00,1128700468.98710,514818,8783.916,555029746.29930,0
2026-02-24 12:00:00+00:00,63192.1,63993.1,62401.7,63933.4,55745.736,2026-02-24 15:59:59.999000+00:00,3524787726.51670,1401109,28275.172,1788250259.63360,0
2026-02-24 16:00:00+00:00,63933.4,64719.1,63664.8,64405.4,44265.128,2026-02-24 19:59:59.999000+00:00,2841551311.61260,1076103,23033.934,1478913940.88040,0
2026-02-24 20:00:00+00:00,64405.4,64566.5,63769.2,64031.3,17332.501,2026-02-24 23:59:59.999000+00:00,1111397608.54590,449383,8417.693,539740122.00040,0
2026-02-25 00:00:00+00:00,64031.4,66283.1,63876.0,65361.7,56855.085,2026-02-25 03:59:59.999000+00:00,3729069789.20970,1351969,29955.977,1963887718.58050,0
2026-02-25 04:00:00+00:00,65361.7,65627.5,64720.4,65001.1,26612.513,2026-02-25 07:59:59.999000+00:00,1732644297.55960,648757,13572.265,883777528.16890,0
2026-02-25 08:00:00+00:00,65001.2,65674.1,64929.7,65396.7,19061.581,2026-02-25 11:59:59.999000+00:00,1246105009.55410,484966,9746.288,637099945.74670,0
2026-02-25 12:00:00+00:00,65396.6,67548.0,65280.1,67362.3,69345.322,2026-02-25 15:59:59.999000+00:00,4614969649.91960,1526051,38324.386,2550418151.09960,0
2026-02-25 16:00:00+00:00,67362.4,69531.3,67354.2,69005.2,77165.838,2026-02-25 19:59:59.999000+00:00,5290484241.85880,1751723,40980.863,2809856619.59710,0
2026-02-25 20:00:00+00:00,69005.2,69999.0,67557.0,67952.5,50198.479,2026-02-25 23:59:59.999000+00:00,3451273507.30980,1233374,24827.695,1707917696.32740,0
2026-02-26 00:00:00+00:00,67952.5,68666.0,67690.1,68187.5,24179.246,2026-02-26 03:59:59.999000+00:00,1648773045.33660,861309,12270.379,836811504.81650,0
2026-02-26 04:00:00+00:00,68187.4,68850.0,67780.0,67800.0,20005.173,2026-02-26 07:59:59.999000+00:00,1366369381.00040,632045,9633.284,658194826.92010,0
2026-02-26 08:00:00+00:00,67800.0,68689.7,67750.0,68025.2,23034.015,2026-02-26 11:59:59.999000+00:00,1571699130.74880,619251,11898.772,811846582.55400,0
2026-02-26 12:00:00+00:00,68025.2,68270.9,66730.7,67353.4,50416.384,2026-02-26 15:59:59.999000+00:00,3404884560.53090,1441378,23598.867,1594133211.09100,0
2026-02-26 16:00:00+00:00,67353.3,67888.0,66462.0,67550.7,47321.725,2026-02-26 19:59:59.999000+00:00,3173856808.21970,1329896,24283.479,1629343128.47460,0
2026-02-26 20:00:00+00:00,67550.7,67790.1,67114.0,67448.2,12880.512,2026-02-26 23:59:59.999000+00:00,868835086.52130,453689,6091.788,410936181.20510,0
2026-02-27 00:00:00+00:00,67448.1,67670.0,66841.6,67557.4,22307.866,2026-02-27 03:59:59.999000+00:00,1499736387.62020,664330,10759.073,723398825.22100,0
2026-02-27 04:00:00+00:00,67557.4,68188.8,67417.4,67644.1,22791.161,2026-02-27 07:59:59.999000+00:00,1543818107.73220,588467,11060.499,749346620.33130,0
2026-02-27 08:00:00+00:00,67644.1,68127.8,65923.0,66094.1,50214.113,2026-02-27 11:59:59.999000+00:00,3358907827.17450,1117247,23351.902,1562261333.51980,0
2026-02-27 12:00:00+00:00,66094.0,66320.0,65626.1,66072.6,53927.286,2026-02-27 15:59:59.999000+00:00,3558475326.62010,1340131,28164.005,1858688630.32380,0
2026-02-27 16:00:00+00:00,66072.5,66095.2,65080.0,65365.4,37731.794,2026-02-27 19:59:59.999000+00:00,2472232092.82110,1140457,18408.057,1205921842.81170,0
2026-02-27 20:00:00+00:00,65365.4,65921.7,64875.6,65836.0,18985.144,2026-02-27 23:59:59.999000+00:00,1243482692.01410,551757,9760.541,639721270.34680,0
2026-02-28 00:00:00+00:00,65836.0,65994.7,65681.9,65763.8,10665.044,2026-02-28 03:59:59.999000+00:00,702291470.48350,286032,4854.728,319731880.95020,0
2026-02-28 04:00:00+00:00,65763.8,65786.8,62979.5,63788.4,77198.277,2026-02-28 07:59:59.999000+00:00,4951577512.31360,1665414,34473.463,2209701815.07220,0
2026-02-28 08:00:00+00:00,63787.4,64267.9,63313.9,63810.4,35913.713,2026-02-28 11:59:59.999000+00:00,2289461597.07070,954053,17989.156,1147332120.82080,0
2026-02-28 12:00:00+00:00,63810.4,65335.8,63782.2,64800.0,55609.039,2026-02-28 15:59:59.999000+00:00,3592783759.98800,1303170,29586.189,1911992146.57580,0
2026-02-28 16:00:00+00:00,64800.1,66642.8,64635.0,66318.1,39161.254,2026-02-28 19:59:59.999000+00:00,2570835253.65880,1072423,21009.817,1379974868.55290,0
2026-02-28 20:00:00+00:00,66318.1,67735.0,66150.0,66937.1,39375.459,2026-02-28 23:59:59.999000+00:00,2632996762.08070,1128671,20598.912,1377624173.31090,0
2026-03-01 00:00:00+00:00,66937.0,68189.0,65812.0,67474.7,56559.864,2026-03-01 03:59:59.999000+00:00,3806506008.35210,1380095,28173.561,1897215616.43710,0
2026-03-01 04:00:00+00:00,67474.8,67582.2,66757.2,67113.9,24461.609,2026-03-01 07:59:59.999000+00:00,1642645027.63700,671324,11431.896,767759960.80460,0
2026-03-01 08:00:00+00:00,67114.0,67275.5,66160.4,66439.0,25330.042,2026-03-01 11:59:59.999000+00:00,1686538896.72310,746775,12578.153,837481902.98500,0
2026-03-01 12:00:00+00:00,66439.0,67333.0,66100.0,66810.8,31465.641,2026-03-01 15:59:59.999000+00:00,2102706411.88670,996096,16131.116,1078177352.16480,0
2026-03-01 16:00:00+00:00,66810.8,67083.0,65681.3,65926.0,39092.282,2026-03-01 19:59:59.999000+00:00,2588253117.55930,1038073,17972.703,1190416364.16250,0
2026-03-01 20:00:00+00:00,65925.9,66888.0,65011.0,65750.0,42201.998,2026-03-01 23:59:59.999000+00:00,2768890579.40770,1129000,22727.256,1492165925.14130,0
2026-03-02 00:00:00+00:00,65749.9,67082.5,65726.0,66787.3,30045.733,2026-03-02 03:59:59.999000+00:00,1996157353.18480,1179716,15476.005,1028391802.65030,0
2026-03-02 04:00:00+00:00,66787.3,66966.0,65509.0,65981.3,23909.56,2026-03-02 07:59:59.999000+00:00,1584499618.05670,817893,11335.523,751395128.30880,0
2026-03-02 08:00:00+00:00,65981.2,66707.5,65612.4,66329.9,25846.474,2026-03-02 11:59:59.999000+00:00,1710098095.49020,824079,13060.484,864302819.79060,0
2026-03-02 12:00:00+00:00,66329.8,69588.0,65234.4,69089.1,100518.31,2026-03-02 15:59:59.999000+00:00,6788703631.48280,2331506,52449.934,3544269507.10110,0
2026-03-02 16:00:00+00:00,69089.1,70100.0,68519.8,68928.4,69288.61,2026-03-02 19:59:59.999000+00:00,4799111295.95940,1607171,35478.909,2458191396.87890,0
2026-03-02 20:00:00+00:00,68928.4,69500.0,68529.5,68801.8,27769.345,2026-03-02 23:59:59.999000+00:00,1918832672.31850,834035,14400.352,995161036.46510,0
2026-03-03 00:00:00+00:00,68801.8,69221.6,68142.1,68349.3,24654.008,2026-03-03 03:59:59.999000+00:00,1691967427.84260,781711,12561.139,862272571.54960,0
2026-03-03 04:00:00+00:00,68349.4,68561.9,67759.6,68138.3,25184.326,2026-03-03 07:59:59.999000+00:00,1714620805.93540,693806,12914.720,879472834.48640,0
2026-03-03 08:00:00+00:00,68138.2,68281.6,66270.7,67000.0,57583.252,2026-03-03 11:59:59.999000+00:00,3857651919.67470,1290790,28653.596,1919156347.55450,0
2026-03-03 12:00:00+00:00,67000.0,68000.0,66080.0,67692.5,67933.027,2026-03-03 15:59:59.999000+00:00,4557355175.40670,1919603,33424.902,2243204463.63180,0
2026-03-03 16:00:00+00:00,67692.5,68972.9,67440.0,68395.9,61502.223,2026-03-03 19:59:59.999000+00:00,4198444516.63190,1880655,31871.127,2175704263.96530,0
2026-03-03 20:00:00+00:00,68395.9,68821.5,67778.4,68295.3,20613.064,2026-03-03 23:59:59.999000+00:00,1407031550.63700,689519,10257.756,700258002.82570,0
2026-03-04 00:00:00+00:00,68295.2,68887.9,67350.0,67700.1,33692.828,2026-03-04 03:59:59.999000+00:00,2294829318.31750,1056944,16605.127,1131356069.84600,0
2026-03-04 04:00:00+00:00,67700.1,69676.4,67421.9,69464.5,39330.795,2026-03-04 07:59:59.999000+00:00,2691075162.52670,1037526,22491.620,1539969349.74880,0
2026-03-04 08:00:00+00:00,69464.5,71887.9,69100.2,71082.4,94611.132,2026-03-04 11:59:59.999000+00:00,6711563500.15370,2159666,50191.157,3560244868.88440,0
2026-03-04 12:00:00+00:00,71082.3,73436.4,70559.7,73339.7,92618.5,2026-03-04 15:59:59.999000+00:00,6660370946.67680,2277078,51133.412,3678427107.84230,0
2026-03-04 16:00:00+00:00,73339.7,74046.5,72467.2,73580.2,67026.008,2026-03-04 19:59:59.999000+00:00,4914135962.18500,1758360,34876.310,2558008622.16590,0
2026-03-04 20:00:00+00:00,73580.3,73678.2,72273.0,72641.4,29864.233,2026-03-04 23:59:59.999000+00:00,2179535366.13620,823722,14990.112,1094193853.81600,0
2026-03-05 00:00:00+00:00,72641.4,73295.7,72300.0,72469.6,23591.685,2026-03-05 03:59:59.999000+00:00,1714728386.58090,832494,11987.792,871407240.35580,0
2026-03-05 04:00:00+00:00,72469.5,73060.0,71740.0,72025.5,32629.087,2026-03-05 07:59:59.999000+00:00,2361725943.03400,838806,15294.761,1107526463.63610,0
2026-03-05 08:00:00+00:00,72025.4,73539.1,71716.3,72879.9,38402.512,2026-03-05 11:59:59.999000+00:00,2793606295.03040,1105831,19665.873,1431082296.88540,0
2026-03-05 12:00:00+00:00,72880.0,73032.0,71136.2,71611.7,62191.887,2026-03-05 15:59:59.999000+00:00,4483643292.22910,1607544,31307.485,2257238571.69090,0
2026-03-05 16:00:00+00:00,71611.7,71620.6,70612.8,70875.5,50962.285,2026-03-05 19:59:59.999000+00:00,3619763249.14990,1249295,24712.212,1755823919.44020,0
2026-03-05 20:00:00+00:00,70875.5,71530.4,70737.9,70854.8,18390.824,2026-03-05 23:59:59.999000+00:00,1308500717.69600,574065,9227.008,656578395.70370,0
2026-03-06 00:00:00+00:00,70854.8,71387.5,70339.6,71045.4,23279.92,2026-03-06 03:59:59.999000+00:00,1652070151.81080,683888,11656.322,827340528.92320,0
2026-03-06 04:00:00+00:00,71045.4,71168.0,70100.0,71026.7,29611.984,2026-03-06 07:59:59.999000+00:00,2089350172.68270,754860,14688.175,1036572359.87060,0
2026-03-06 08:00:00+00:00,71026.7,71035.3,70164.9,70185.6,25068.966,2026-03-06 11:59:59.999000+00:00,1769123008.58860,667782,11807.831,833234269.93280,0
2026-03-06 12:00:00+00:00,70185.6,70328.5,68121.6,68468.4,84732.612,2026-03-06 15:59:59.999000+00:00,5862014638.77030,1931759,39883.294,2758775910.34110,0
2026-03-06 16:00:00+00:00,68468.3,68759.5,67712.3,68101.0,34900.467,2026-03-06 19:59:59.999000+00:00,2380981735.20960,1049134,16783.171,1145220047.32200,0
2026-03-06 20:00:00+00:00,68100.9,68406.6,67731.0,68083.0,15788.754,2026-03-06 23:59:59.999000+00:00,1075234309.91340,451333,8051.259,548412783.27340,0
2026-03-07 00:00:00+00:00,68083.0,68524.9,68018.7,68063.2,14174.659,2026-03-07 03:59:59.999000+00:00,967215038.60430,333559,7230.298,493381205.53130,0
2026-03-07 04:00:00+00:00,68063.3,68130.7,67411.0,67809.4,20253.761,2026-03-07 07:59:59.999000+00:00,1373160889.63530,467396,9576.928,649324387.46050,0
2026-03-07 08:00:00+00:00,67809.5,68215.6,67675.0,67975.9,13839.088,2026-03-07 11:59:59.999000+00:00,940545158.99210,350443,7077.551,481023497.61820,0
2026-03-07 12:00:00+00:00,67976.0,68061.1,67568.4,67844.8,13378.413,2026-03-07 15:59:59.999000+00:00,908083741.40170,368090,6517.557,442429873.18160,0
2026-03-07 16:00:00+00:00,67844.8,67913.6,66850.1,67042.6,19525.49,2026-03-07 19:59:59.999000+00:00,1316471681.51680,475990,8360.355,563858361.04000,0
2026-03-07 20:00:00+00:00,67042.6,67445.9,67028.0,67232.1,13398.751,2026-03-07 23:59:59.999000+00:00,901457716.51030,315279,7092.378,477156805.24340,0
2026-03-08 00:00:00+00:00,67232.1,67459.0,66720.8,66974.9,16885.389,2026-03-08 03:59:59.999000+00:00,1133181977.03540,412247,8308.521,557766385.89410,0
2026-03-08 04:00:00+00:00,66974.9,67430.0,66508.0,67277.2,18554.059,2026-03-08 07:59:59.999000+00:00,1243469762.88840,446248,9686.263,649464323.81710,0
2026-03-08 08:00:00+00:00,67277.1,68171.6,67121.1,67490.0,27801.877,2026-03-08 11:59:59.999000+00:00,1881648704.74060,614106,15422.225,1043883333.00130,0
2026-03-08 12:00:00+00:00,67490.1,67623.0,66730.0,67174.7,27339.604,2026-03-08 15:59:59.999000+00:00,1835779288.08510,754773,13221.041,887818328.28760,0
2026-03-08 16:00:00+00:00,67174.6,67459.2,66707.0,67299.0,18854.836,2026-03-08 19:59:59.999000+00:00,1263531809.26860,550267,9547.028,639944752.92420,0
2026-03-08 20:00:00+00:00,67299.0,67496.4,65569.2,65934.3,46312.208,2026-03-08 23:59:59.999000+00:00,3069286061.07910,1158334,20642.767,1368265435.01240,0
2026-03-09 00:00:00+00:00,65934.3,67646.0,65770.5,67165.3,41435.983,2026-03-09 03:59:59.999000+00:00,2762029624.23070,1300538,21736.223,1449288815.99960,0
2026-03-09 04:00:00+00:00,67165.3,68038.4,66833.9,67504.8,42658.686,2026-03-09 07:59:59.999000+00:00,2880395338.50490,968227,21530.548,1453754557.50990,0
2026-03-09 08:00:00+00:00,67504.9,68441.5,67301.0,67723.3,33413.817,2026-03-09 11:59:59.999000+00:00,2266314432.12280,937686,17384.318,1179213427.19880,0
2026-03-09 12:00:00+00:00,67723.3,69449.1,67714.2,68832.3,64501.076,2026-03-09 15:59:59.999000+00:00,4437466142.79490,1588207,32734.825,2252231950.84130,0
2026-03-09 16:00:00+00:00,68832.4,69498.0,68200.1,68951.8,39934.468,2026-03-09 19:59:59.999000+00:00,2747129088.31670,1122016,20896.269,1437588769.70760,0
2026-03-09 20:00:00+00:00,68951.8,69100.2,68333.0,68394.1,15267.517,2026-03-09 23:59:59.999000+00:00,1050008699.23730,485462,7691.204,529030779.34600,0
2026-03-10 00:00:00+00:00,68394.0,70555.0,68345.0,69391.0,51529.442,2026-03-10 03:59:59.999000+00:00,3587590769.67360,1096710,26577.943,1850695820.61540,0
2026-03-10 04:00:00+00:00,69391.0,70500.0,69391.0,70374.7,28318.564,2026-03-10 07:59:59.999000+00:00,1982943633.44570,742996,15261.243,1068897288.74790,0
2026-03-10 08:00:00+00:00,70374.7,71272.4,70332.2,70570.1,38904.133,2026-03-10 11:59:59.999000+00:00,2754503227.98020,878116,20438.956,1447256640.89900,0
2026-03-10 12:00:00+00:00,70570.1,71748.1,69184.8,71296.9,79824.041,2026-03-10 15:59:59.999000+00:00,5628149515.91070,1810007,40167.706,2832989340.32970,0
2026-03-10 16:00:00+00:00,71296.9,71665.8,69688.0,70005.2,43473.679,2026-03-10 19:59:59.999000+00:00,3069359016.27550,1331126,21543.833,1520806660.58250,0
2026-03-10 20:00:00+00:00,70005.1,70375.4,69388.0,69901.9,23624.625,2026-03-10 23:59:59.999000+00:00,1649445841.13920,588940,11891.757,830433826.18320,0
2026-03-11 00:00:00+00:00,69901.8,70139.6,69455.6,69517.0,19934.411,2026-03-11 03:59:59.999000+00:00,1392013849.87820,596858,9544.064,666588926.13720,0
2026-03-11 04:00:00+00:00,69517.0,70249.1,69329.7,69622.1,22428.745,2026-03-11 07:59:59.999000+00:00,1564325300.74800,598100,11847.764,826479981.92390,0
2026-03-11 08:00:00+00:00,69622.2,69750.0,69098.0,69144.0,19591.571,2026-03-11 11:59:59.999000+00:00,1361215607.47060,532736,9256.914,643334832.26310,0
2026-03-11 12:00:00+00:00,69144.0,71060.7,68932.9,70186.9,81262.52,2026-03-11 15:59:59.999000+00:00,5698970663.33080,1889102,41893.304,2937996911.33960,0
2026-03-11 16:00:00+00:00,70187.0,71286.0,70093.2,70600.8,37304.834,2026-03-11 19:59:59.999000+00:00,2637248170.59650,1096461,19334.100,1367016803.30410,0
2026-03-11 20:00:00+00:00,70600.7,70931.9,70078.6,70150.0,15105.875,2026-03-11 23:59:59.999000+00:00,1064088340.25230,440712,7976.841,561955026.14830,0
2026-03-12 00:00:00+00:00,70150.0,70314.1,69180.0,69402.6,24677.582,2026-03-12 03:59:59.999000+00:00,1719139096.01800,632894,12657.244,881687000.28360,0
2026-03-12 04:00:00+00:00,69402.6,69818.8,69150.0,69782.6,17621.83,2026-03-12 07:59:59.999000+00:00,1224306095.34110,431609,9346.682,649578883.74880,0
2026-03-12 08:00:00+00:00,69782.7,70756.5,69540.9,70388.5,35040.695,2026-03-12 11:59:59.999000+00:00,2456836760.35920,797247,18042.334,1265234889.76620,0
2026-03-12 12:00:00+00:00,70388.6,70625.0,69303.8,70282.9,60362.28,2026-03-12 15:59:59.999000+00:00,4226846849.67380,1615404,28760.277,2013908018.39240,0
2026-03-12 16:00:00+00:00,70282.8,70530.0,69725.0,70393.7,33038.945,2026-03-12 19:59:59.999000+00:00,2318936930.02580,1073603,16538.948,1160783056.73350,0
2026-03-12 20:00:00+00:00,70393.7,70727.9,69974.7,70480.1,15749.261,2026-03-12 23:59:59.999000+00:00,1107922242.80260,476895,8128.209,571877996.24800,0
2026-03-13 00:00:00+00:00,70480.1,71979.2,70342.7,71366.3,49074.595,2026-03-13 03:59:59.999000+00:00,3502281596.98260,1204985,26163.287,1866947232.35690,0
2026-03-13 04:00:00+00:00,71366.3,71649.7,71150.0,71585.3,22770.578,2026-03-13 07:59:59.999000+00:00,1625896529.89950,576239,12560.464,897027335.52430,0
2026-03-13 08:00:00+00:00,71585.2,72547.0,71347.1,72189.9,43793.534,2026-03-13 11:59:59.999000+00:00,3155771599.13420,878806,23338.109,1681496376.79940,0
2026-03-13 12:00:00+00:00,72189.8,73870.0,71700.0,71800.0,95514.604,2026-03-13 15:59:59.999000+00:00,6957074974.27260,1943274,49812.255,3628855212.30000,0
2026-03-13 16:00:00+00:00,71800.1,72215.1,70811.0,71148.0,67789.571,2026-03-13 19:59:59.999000+00:00,4841832058.73180,1314653,34725.044,2480369346.05640,0
2026-03-13 20:00:00+00:00,71148.1,71452.1,70510.8,70895.5,21289.239,2026-03-13 23:59:59.999000+00:00,1510651113.18160,494832,10263.851,728326983.70080,0
2026-03-14 00:00:00+00:00,70895.5,71141.7,70436.2,71034.3,17911.298,2026-03-14 03:59:59.999000+00:00,1267721323.80340,419726,9476.230,670839463.22060,0
2026-03-14 04:00:00+00:00,71034.3,71272.3,70256.0,70565.6,20769.739,2026-03-14 07:59:59.999000+00:00,1469361281.88130,461524,9460.137,669414815.98630,0
2026-03-14 08:00:00+00:00,70565.6,70745.1,70350.0,70705.0,11804.118,2026-03-14 11:59:59.999000+00:00,832839298.82550,295274,5840.038,412094361.55750,0
2026-03-14 12:00:00+00:00,70705.0,70914.6,70444.1,70554.6,12725.591,2026-03-14 15:59:59.999000+00:00,899656276.05090,309252,6283.758,444298970.70060,0
2026-03-14 16:00:00+00:00,70554.7,70707.9,70455.6,70664.1,5710.845,2026-03-14 19:59:59.999000+00:00,403185541.30170,161971,2896.537,204505832.22830,0
2026-03-14 20:00:00+00:00,70664.1,71221.9,70607.7,71174.4,10361.423,2026-03-14 23:59:59.999000+00:00,734676833.57200,238716,5767.254,409023436.10630,0
2026-03-15 00:00:00+00:00,71174.4,71599.9,70815.7,71314.8,17119.67,2026-03-15 03:59:59.999000+00:00,1219374326.42480,432872,8568.594,610400658.75790,0
2026-03-15 04:00:00+00:00,71314.8,71750.0,71277.1,71420.8,16031.421,2026-03-15 07:59:59.999000+00:00,1146558258.11050,387626,8160.754,583680506.87120,0
2026-03-15 08:00:00+00:00,71420.8,71897.9,71420.8,71800.0,14103.141,2026-03-15 11:59:59.999000+00:00,1011566223.08780,353881,7698.675,552206615.28810,0
2026-03-15 12:00:00+00:00,71800.1,71800.1,71220.1,71444.4,19469.966,2026-03-15 15:59:59.999000+00:00,1391260096.04670,449194,9656.801,689994610.51490,0
2026-03-15 16:00:00+00:00,71444.4,71971.8,71275.0,71515.2,17115.499,2026-03-15 19:59:59.999000+00:00,1224665571.43570,415048,9316.616,666883712.02260,0
2026-03-15 20:00:00+00:00,71515.2,73199.9,71396.4,72778.9,42634.545,2026-03-15 23:59:59.999000+00:00,3087024897.89930,1006956,23527.920,1703718281.73080,0
2026-03-16 00:00:00+00:00,72778.8,74307.3,72235.6,73539.5,50880.921,2026-03-16 03:59:59.999000+00:00,3730379525.74090,1065259,27716.592,2032766480.01030,0
2026-03-16 04:00:00+00:00,73539.5,74444.0,73345.9,73427.7,55945.157,2026-03-16 07:59:59.999000+00:00,4129594598.29290,994773,29690.458,2191702621.45630,0
2026-03-16 08:00:00+00:00,73427.8,73856.6,72841.9,73515.3,30983.237,2026-03-16 11:59:59.999000+00:00,2272192608.39810,752206,16217.522,1189631641.69060,0
2026-03-16 12:00:00+00:00,73515.3,74481.5,72926.4,73240.2,65250.406,2026-03-16 15:59:59.999000+00:00,4810100871.71720,1619787,32976.536,2432287066.10270,0
2026-03-16 16:00:00+00:00,73240.2,74399.9,73122.0,73928.8,31945.377,2026-03-16 19:59:59.999000+00:00,2359628152.65440,1027301,17279.904,1276219341.33190,0
2026-03-16 20:00:00+00:00,73928.8,74880.0,73819.0,74846.4,34071.892,2026-03-16 23:59:59.999000+00:00,2538262089.39680,809197,18314.110,1364324592.56320,0
2026-03-17 00:00:00+00:00,74846.4,75998.9,74231.6,74424.9,58475.828,2026-03-17 03:59:59.999000+00:00,4395221943.11790,1466906,30613.178,2301584752.81690,0
2026-03-17 04:00:00+00:00,74424.9,74652.2,73723.4,74212.7,34915.028,2026-03-17 07:59:59.999000+00:00,2589705814.72590,803656,17065.084,1265982060.76070,0
2026-03-17 08:00:00+00:00,74212.8,74418.5,73512.0,73997.1,29483.915,2026-03-17 11:59:59.999000+00:00,2179618903.99850,670302,14894.626,1101264071.14270,0
2026-03-17 12:00:00+00:00,73997.1,74856.2,73330.3,73878.5,51694.124,2026-03-17 15:59:59.999000+00:00,3823188884.17810,1340762,27050.600,2000886785.61500,0
2026-03-17 16:00:00+00:00,73878.5,74763.6,73826.8,74460.8,27312.217,2026-03-17 19:59:59.999000+00:00,2031342004.84760,755154,14381.666,1069453893.00290,0
2026-03-17 20:00:00+00:00,74460.8,74777.0,73829.5,73872.4,16397.861,2026-03-17 23:59:59.999000+00:00,1218831021.69870,443098,8052.912,598664742.56980,0
2026-03-18 00:00:00+00:00,73872.3,74633.0,73492.0,74414.6,17853.087,2026-03-18 03:59:59.999000+00:00,1322241501.88850,575380,9138.813,676927211.74570,0
2026-03-18 04:00:00+00:00,74414.7,74455.7,73636.5,73840.0,16057.317,2026-03-18 07:59:59.999000+00:00,1188208818.78340,402704,7450.428,551258510.77070,0
2026-03-18 08:00:00+00:00,73840.1,74246.2,72731.6,72906.4,34321.746,2026-03-18 11:59:59.999000+00:00,2520814827.63330,726129,16293.782,1196984015.46760,0
2026-03-18 12:00:00+00:00,72906.4,72947.4,70821.2,71436.4,94292.645,2026-03-18 15:59:59.999000+00:00,6777258176.07250,1882982,44805.307,3221687849.45570,0
2026-03-18 16:00:00+00:00,71436.3,71980.5,70858.3,71030.3,40790.497,2026-03-18 19:59:59.999000+00:00,2911386604.25060,1155262,20807.104,1485365462.11280,0
2026-03-18 20:00:00+00:00,71030.3,71438.1,70456.0,71202.9,23440.177,2026-03-18 23:59:59.999000+00:00,1663729209.32400,613667,11094.741,787846161.37440,0
2026-03-19 00:00:00+00:00,71202.9,71598.3,70858.4,71180.0,16806.3,2026-03-19 03:59:59.999000+00:00,1196539500.09840,559494,8841.736,629572344.75550,0
2026-03-19 04:00:00+00:00,71180.0,71180.0,69421.1,70145.1,45952.411,2026-03-19 07:59:59.999000+00:00,3228168838.42770,971676,19215.705,1350217462.11840,0
2026-03-19 08:00:00+00:00,70145.0,70535.0,69860.3,69926.8,28698.426,2026-03-19 11:59:59.999000+00:00,2013318366.73910,679538,13475.037,945630436.71030,0
2026-03-19 12:00:00+00:00,69926.8,70144.6,68750.0,69372.7,72865.933,2026-03-19 15:59:59.999000+00:00,5057342263.09450,1739796,35905.935,2492131177.36330,0
2026-03-19 16:00:00+00:00,69372.8,70563.5,69065.4,70233.1,36895.021,2026-03-19 19:59:59.999000+00:00,2575467282.56250,1129158,19028.597,1328968795.70740,0
2026-03-19 20:00:00+00:00,70233.0,70655.2,69677.1,69887.4,17428.086,2026-03-19 23:59:59.999000+00:00,1223614145.26760,491501,8388.155,589017584.06000,0
2026-03-20 00:00:00+00:00,69887.4,70777.0,69801.3,70696.1,18120.173,2026-03-20 03:59:59.999000+00:00,1274961281.04610,576462,9896.090,696316714.58910,0
2026-03-20 04:00:00+00:00,70696.1,70944.9,70161.0,70811.9,21998.628,2026-03-20 07:59:59.999000+00:00,1553529497.29110,591415,11568.458,817126857.04550,0
2026-03-20 08:00:00+00:00,70812.0,71342.2,70175.0,70439.9,35467.865,2026-03-20 11:59:59.999000+00:00,2508183160.04610,827714,17410.361,1231321427.87890,0
2026-03-20 12:00:00+00:00,70440.0,70647.5,69450.0,69829.5,61685.772,2026-03-20 15:59:59.999000+00:00,4314478899.06020,1424588,31446.988,2199864895.76550,0
2026-03-20 16:00:00+00:00,69829.5,70161.0,69350.0,70141.9,28032.496,2026-03-20 19:59:59.999000+00:00,1956268215.90310,937971,14475.254,1010383304.90460,0
2026-03-20 20:00:00+00:00,70141.9,70888.0,69701.3,70472.7,20936.583,2026-03-20 23:59:59.999000+00:00,1473717776.11580,530574,10861.275,764653014.00370,0
2026-03-21 00:00:00+00:00,70472.6,70803.1,70403.2,70638.0,8766.87,2026-03-21 03:59:59.999000+00:00,618964370.01700,298164,4258.455,300688835.46360,0
2026-03-21 04:00:00+00:00,70637.9,70849.2,70582.7,70687.3,8316.4,2026-03-21 07:59:59.999000+00:00,588061352.62340,242193,4141.403,292860423.28100,0
2026-03-21 08:00:00+00:00,70687.4,70721.7,70455.6,70618.3,8839.546,2026-03-21 11:59:59.999000+00:00,623949405.90940,214978,4044.363,285482624.63190,0
2026-03-21 12:00:00+00:00,70618.2,71077.7,70420.0,70599.1,14845.433,2026-03-21 15:59:59.999000+00:00,1050150525.84940,358106,7633.179,540073701.59130,0
2026-03-21 16:00:00+00:00,70599.1,70620.2,70163.0,70365.9,10277.605,2026-03-21 19:59:59.999000+00:00,723204523.34280,270436,5300.939,373007099.18320,0
2026-03-21 20:00:00+00:00,70365.8,70482.2,68511.3,68881.5,23039.032,2026-03-21 23:59:59.999000+00:00,1601275098.18330,494720,9321.962,648219209.00270,0
2026-03-22 00:00:00+00:00,68881.5,69555.8,68189.0,69307.0,35724.348,2026-03-22 03:59:59.999000+00:00,2461647605.69230,940355,18450.976,1271715224.58260,0
2026-03-22 04:00:00+00:00,69307.1,69493.2,68846.4,68884.5,13159.053,2026-03-22 07:59:59.999000+00:00,910066813.89440,350600,6048.000,418359017.84770,0
2026-03-22 08:00:00+00:00,68884.5,68950.0,68030.0,68177.0,22401.831,2026-03-22 11:59:59.999000+00:00,1536104643.74920,573848,10074.947,691032265.03620,0
2026-03-22 12:00:00+00:00,68177.0,69000.0,68153.1,68814.9,20510.702,2026-03-22 15:59:59.999000+00:00,1408108481.54350,534271,10836.614,744034933.71590,0
2026-03-22 16:00:00+00:00,68814.9,68852.3,68108.0,68170.6,11335.985,2026-03-22 19:59:59.999000+00:00,776501030.45320,376562,5238.657,358859777.78470,0
2026-03-22 20:00:00+00:00,68170.6,68470.6,67300.0,67830.6,31748.645,2026-03-22 23:59:59.999000+00:00,2156015013.99210,880768,15460.085,1049940276.77280,0
2026-03-23 00:00:00+00:00,67830.7,68555.5,67400.1,68045.1,25498.732,2026-03-23 03:59:59.999000+00:00,1733472594.46080,883304,13057.416,887762764.07970,0
2026-03-23 04:00:00+00:00,68045.2,68872.4,67456.7,68306.0,38017.808,2026-03-23 07:59:59.999000+00:00,2593723036.10030,1001715,19174.491,1308369068.56300,0
2026-03-23 08:00:00+00:00,68305.9,71468.0,67880.0,70097.3,98820.429,2026-03-23 11:59:59.999000+00:00,6929452031.45080,1801211,50314.939,3527878356.46550,0
2026-03-23 12:00:00+00:00,70097.2,71789.8,69644.0,70112.2,82230.708,2026-03-23 15:59:59.999000+00:00,5824525622.03670,2212289,41977.515,2973594922.52490,0
2026-03-23 16:00:00+00:00,70112.2,71232.0,70100.5,70647.1,33568.0,2026-03-23 19:59:59.999000+00:00,2372410621.01400,1100238,18008.858,1272797499.78950,0
2026-03-23 20:00:00+00:00,70647.1,70976.3,70370.0,70865.9,12964.001,2026-03-23 23:59:59.999000+00:00,916676428.69320,421207,6874.219,486096780.90290,0
2026-03-24 00:00:00+00:00,70866.0,71080.0,70232.0,70512.1,16904.604,2026-03-24 03:59:59.999000+00:00,1193348099.91020,603002,8503.119,600356894.00560,0
2026-03-24 04:00:00+00:00,70512.1,71377.5,70075.5,71255.2,25264.519,2026-03-24 07:59:59.999000+00:00,1784325358.98020,632919,13162.447,930087011.03040,0
2026-03-24 08:00:00+00:00,71255.2,71339.8,70812.7,71116.4,20900.666,2026-03-24 11:59:59.999000+00:00,1485766890.79980,578301,10461.497,743744202.76280,0
2026-03-24 12:00:00+00:00,71116.4,71144.0,69467.8,69837.7,60563.264,2026-03-24 15:59:59.999000+00:00,4248580280.20470,1391629,29480.217,2068097042.09250,0
2026-03-24 16:00:00+00:00,69837.6,69979.0,68884.5,69342.6,40454.956,2026-03-24 19:59:59.999000+00:00,2806604101.75820,950215,19595.797,1359423649.07200,0
2026-03-24 20:00:00+00:00,69342.6,70800.0,69257.9,70523.9,32103.941,2026-03-24 23:59:59.999000+00:00,2254020532.16920,764719,16866.461,1184360854.57130,0
2026-03-25 00:00:00+00:00,70524.0,71028.0,70375.0,70689.3,20167.741,2026-03-25 03:59:59.999000+00:00,1425404472.15840,562978,10215.801,722195092.95070,0
2026-03-25 04:00:00+00:00,70689.2,71319.9,70659.9,70900.0,20176.191,2026-03-25 07:59:59.999000+00:00,1433414877.42670,473899,9847.121,699621219.73770,0
2026-03-25 08:00:00+00:00,70899.9,71999.9,70752.5,71650.3,31609.885,2026-03-25 11:59:59.999000+00:00,2258711402.38200,721505,17441.388,1246505884.65640,0
2026-03-25 12:00:00+00:00,71650.3,71933.3,70531.4,70792.4,50063.907,2026-03-25 15:59:59.999000+00:00,3568829514.10640,1313403,24791.403,1767406102.08430,0
2026-03-25 16:00:00+00:00,70792.4,71742.2,70623.4,70853.2,30523.044,2026-03-25 19:59:59.999000+00:00,2169494278.32640,828418,16001.091,1137389236.31040,0
2026-03-25 20:00:00+00:00,70853.3,71606.0,70603.0,71297.5,13975.081,2026-03-25 23:59:59.999000+00:00,993364299.14440,375948,7269.679,516800875.67600,0
2026-03-26 00:00:00+00:00,71297.5,71408.1,70640.0,70881.9,15369.374,2026-03-26 03:59:59.999000+00:00,1091387909.60760,429736,7106.620,504550168.60400,0
2026-03-26 04:00:00+00:00,70882.0,70882.0,69722.6,70053.8,28170.739,2026-03-26 07:59:59.999000+00:00,1977527085.55280,613035,13060.052,916626253.09840,0
2026-03-26 08:00:00+00:00,70053.8,70131.5,69127.2,69239.3,31299.448,2026-03-26 11:59:59.999000+00:00,2178026826.45680,681477,14230.404,990467716.07870,0
2026-03-26 12:00:00+00:00,69239.3,69872.2,68553.4,69054.8,49114.5,2026-03-26 15:59:59.999000+00:00,3403599140.18850,1092910,24597.849,1705554728.56680,0
2026-03-26 16:00:00+00:00,69054.9,69138.8,68115.8,68502.7,32420.866,2026-03-26 19:59:59.999000+00:00,2224034914.98620,785752,15399.554,1056564797.00050,0
2026-03-26 20:00:00+00:00,68502.7,69466.6,68378.5,68788.0,30098.687,2026-03-26 23:59:59.999000+00:00,2076466628.55790,692964,14981.498,1033852058.02250,0
2026-03-27 00:00:00+00:00,68788.1,69142.7,68458.5,68728.8,15782.447,2026-03-27 03:59:59.999000+00:00,1085842779.49630,436790,7890.550,542899226.88560,0
2026-03-27 04:00:00+00:00,68728.8,68925.0,68257.2,68501.7,22617.561,2026-03-27 07:59:59.999000+00:00,1551466403.37380,513982,11270.128,773188304.19280,0
2026-03-27 08:00:00+00:00,68501.8,68619.9,66175.4,66663.2,66255.788,2026-03-27 11:59:59.999000+00:00,4456587187.25350,1313151,28696.453,1929940036.93490,0
2026-03-27 12:00:00+00:00,66663.3,66742.2,65681.5,66092.0,59804.127,2026-03-27 15:59:59.999000+00:00,3959998211.56060,1353869,27673.926,1832734796.11800,0
2026-03-27 16:00:00+00:00,66091.9,66267.4,65501.0,66005.4,34760.006,2026-03-27 19:59:59.999000+00:00,2289358453.86850,932260,16977.730,1118379859.89820,0
2026-03-27 20:00:00+00:00,66005.5,66384.0,65766.1,66364.2,13131.119,2026-03-27 23:59:59.999000+00:00,867334738.86810,332288,6787.901,448461342.67440,0
2026-03-28 00:00:00+00:00,66364.1,66472.4,65888.0,66191.8,13447.828,2026-03-28 03:59:59.999000+00:00,889788223.85210,351585,6288.203,416088803.93400,0
2026-03-28 04:00:00+00:00,66191.8,66533.9,66068.3,66520.8,9361.184,2026-03-28 07:59:59.999000+00:00,620914380.10590,219217,4873.431,323277588.79660,0
2026-03-28 08:00:00+00:00,66520.9,66529.4,66087.3,66288.5,10694.728,2026-03-28 11:59:59.999000+00:00,709059597.20150,221985,5107.804,338644087.94340,0
2026-03-28 12:00:00+00:00,66288.4,67284.0,66191.7,66982.3,31909.105,2026-03-28 15:59:59.999000+00:00,2132184154.23730,600890,17562.369,1173634090.75690,0
2026-03-28 16:00:00+00:00,66982.4,67065.0,66644.0,66873.0,11262.952,2026-03-28 19:59:59.999000+00:00,753215564.95370,256392,5826.056,389667480.24030,0
2026-03-28 20:00:00+00:00,66873.0,66978.0,66233.6,66334.8,12697.695,2026-03-28 23:59:59.999000+00:00,845416086.48830,286242,6206.679,413171238.14810,0
2026-03-29 00:00:00+00:00,66334.8,67100.0,66235.6,66875.7,15037.104,2026-03-29 03:59:59.999000+00:00,1002533658.93400,327847,8004.190,533672428.69810,0
2026-03-29 04:00:00+00:00,66875.7,66907.5,66521.4,66632.5,10557.62,2026-03-29 07:59:59.999000+00:00,704120002.11780,243734,4377.109,291913023.73900,0
2026-03-29 08:00:00+00:00,66632.4,66986.8,66375.5,66780.8,11793.427,2026-03-29 11:59:59.999000+00:00,786060882.31020,297622,5863.718,390906233.47900,0
2026-03-29 12:00:00+00:00,66780.8,66849.0,66288.1,66500.0,16588.365,2026-03-29 15:59:59.999000+00:00,1104260204.65280,417031,7931.112,527971608.44310,0
2026-03-29 16:00:00+00:00,66499.9,66639.0,66111.0,66320.2,12137.954,2026-03-29 19:59:59.999000+00:00,805609358.62770,323096,5625.916,373495327.70730,0
2026-03-29 20:00:00+00:00,66320.3,66767.9,64918.2,65977.9,44163.926,2026-03-29 23:59:59.999000+00:00,2909507278.30410,959917,20364.165,1342425839.19860,0
2026-03-30 00:00:00+00:00,65978.0,67487.7,65754.2,67139.8,43452.227,2026-03-30 03:59:59.999000+00:00,2900347438.43330,1221741,23226.978,1550827715.27000,0
2026-03-30 04:00:00+00:00,67140.0,67777.0,67129.3,67595.9,24988.604,2026-03-30 07:59:59.999000+00:00,1685405867.51060,702418,12691.227,856036327.30860,0
2026-03-30 08:00:00+00:00,67595.9,67998.0,67333.3,67651.5,25240.799,2026-03-30 11:59:59.999000+00:00,1707460862.50310,588545,13095.252,885903538.24900,0
2026-03-30 12:00:00+00:00,67651.5,68148.4,67055.0,67590.2,42769.125,2026-03-30 15:59:59.999000+00:00,2892415164.94510,1037837,21146.184,1430300377.71040,0
2026-03-30 16:00:00+00:00,67590.2,67614.9,66200.1,66516.0,34170.069,2026-03-30 19:59:59.999000+00:00,2281918809.18090,812733,16881.199,1127178318.26080,0
2026-03-30 20:00:00+00:00,66515.9,66973.5,66377.1,66764.4,16438.241,2026-03-30 23:59:59.999000+00:00,1096183275.67150,393905,8696.276,579898377.00050,0
2026-03-31 00:00:00+00:00,66764.4,68377.0,66498.9,67670.8,38783.787,2026-03-31 03:59:59.999000+00:00,2623772941.48690,945711,20349.631,1376579516.35030,0
2026-03-31 04:00:00+00:00,67670.8,67865.7,67071.9,67343.8,21775.2,2026-03-31 07:59:59.999000+00:00,1468854594.31330,567705,10689.684,721065754.89840,0
2026-03-31 08:00:00+00:00,67343.9,67476.9,65938.0,66652.4,45906.629,2026-03-31 11:59:59.999000+00:00,3055858889.61290,969593,21596.124,1437654245.46420,0
2026-03-31 12:00:00+00:00,66652.4,67765.8,66374.4,66700.0,60392.206,2026-03-31 15:59:59.999000+00:00,4048978150.48480,1455157,30531.705,2047512322.78910,0
2026-03-31 16:00:00+00:00,66700.0,68600.0,66695.9,67803.0,60172.062,2026-03-31 19:59:59.999000+00:00,4080315714.41700,1432082,33211.174,2252244761.13070,0
2026-03-31 20:00:00+00:00,67803.0,68382.9,67794.8,68241.5,16303.201,2026-03-31 23:59:59.999000+00:00,1110461698.12860,492115,8237.273,561124704.85420,0
2026-04-01 00:00:00+00:00,68241.4,68330.0,67534.9,68134.0,21051.997,2026-04-01 03:59:59.999000+00:00,1430471295.41230,617651,10320.947,701432765.16330,0
2026-04-01 04:00:00+00:00,68134.0,69288.0,67965.0,68651.9,39490.528,2026-04-01 07:59:59.999000+00:00,2713139248.89940,764824,20704.560,1422603095.97620,0
2026-04-01 08:00:00+00:00,68651.9,68821.5,68360.0,68669.9,19706.052,2026-04-01 11:59:59.999000+00:00,1351217679.20220,525260,9857.252,675973486.12880,0
2026-04-01 12:00:00+00:00,68670.0,68938.8,67883.7,68877.0,38470.852,2026-04-01 15:59:59.999000+00:00,2631787988.69630,1028791,19719.166,1349420410.39230,0
2026-04-01 16:00:00+00:00,68876.9,69142.6,67900.4,68143.8,27241.301,2026-04-01 19:59:59.999000+00:00,1864074877.49440,780571,13888.690,950371522.44120,0
2026-04-01 20:00:00+00:00,68143.7,68510.6,67927.0,68086.5,11315.49,2026-04-01 23:59:59.999000+00:00,771525752.31280,389670,5618.751,383147221.06190,0
2026-04-02 00:00:00+00:00,68086.4,68639.1,66455.9,66538.4,51050.567,2026-04-02 03:59:59.999000+00:00,3440080994.34160,1388584,23849.191,1607717613.08670,0
2026-04-02 04:00:00+00:00,66538.4,66898.5,66171.8,66887.9,25041.797,2026-04-02 07:59:59.999000+00:00,1665967454.58610,519604,12435.675,827368269.15910,0
2026-04-02 08:00:00+00:00,66887.8,66887.9,66065.1,66180.6,19810.094,2026-04-02 11:59:59.999000+00:00,1315373245.37680,460702,9122.859,605732509.29020,0
2026-04-02 12:00:00+00:00,66180.6,67080.0,65676.1,66810.6,54090.961,2026-04-02 15:59:59.999000+00:00,3589846538.20540,1235929,25282.471,1678890550.95190,0
2026-04-02 16:00:00+00:00,66810.6,67400.0,66550.0,66943.2,29514.463,2026-04-02 19:59:59.999000+00:00,1976160220.61080,768790,15410.908,1032011943.69370,0
2026-04-02 20:00:00+00:00,66943.2,67078.9,66681.3,66868.5,8851.039,2026-04-02 23:59:59.999000+00:00,592088715.41370,265029,4454.822,298017591.63320,0
2026-04-03 00:00:00+00:00,66868.6,66976.2,66240.0,66550.0,18212.835,2026-04-03 03:59:59.999000+00:00,1212476770.43550,444021,8120.691,540620410.94860,0
2026-04-03 04:00:00+00:00,66550.1,67233.3,66375.1,67008.8,13472.972,2026-04-03 07:59:59.999000+00:00,899794606.82420,389600,7462.886,498550016.84290,0
2026-04-03 08:00:00+00:00,67008.8,67258.0,66644.0,66983.4,12486.352,2026-04-03 11:59:59.999000+00:00,835617799.03370,334377,6111.226,409006072.06010,0
2026-04-03 12:00:00+00:00,66983.5,67350.0,66478.5,66806.1,22358.522,2026-04-03 15:59:59.999000+00:00,1494116493.95260,478169,10958.555,732527347.72630,0
2026-04-03 16:00:00+00:00,66806.0,67046.1,66714.1,66857.0,7921.876,2026-04-03 19:59:59.999000+00:00,529694153.82550,217757,4075.505,272521370.64520,0
2026-04-03 20:00:00+00:00,66857.0,66946.3,66791.8,66930.0,4815.276,2026-04-03 23:59:59.999000+00:00,321980253.13480,128827,2819.867,188563245.41790,0
2026-04-04 00:00:00+00:00,66930.0,66935.3,66773.3,66799.1,3902.732,2026-04-04 03:59:59.999000+00:00,260861512.82860,103881,1839.746,122972506.51120,0
2026-04-04 04:00:00+00:00,66799.1,67023.7,66745.5,66982.0,6007.355,2026-04-04 07:59:59.999000+00:00,401951084.77780,125324,3205.681,214500165.91150,0
2026-04-04 08:00:00+00:00,66982.1,67223.8,66874.5,67128.9,7992.931,2026-04-04 11:59:59.999000+00:00,535823306.87410,161654,4139.131,277500991.20510,0
2026-04-04 12:00:00+00:00,67128.9,67554.5,67003.7,67357.3,16379.357,2026-04-04 15:59:59.999000+00:00,1101104537.92260,246173,8315.289,559347078.70400,0
2026-04-04 16:00:00+00:00,67357.4,67523.8,67226.4,67262.7,11176.887,2026-04-04 19:59:59.999000+00:00,752959998.31980,205694,5353.027,360632820.60630,0
2026-04-04 20:00:00+00:00,67262.8,67452.7,67150.6,67271.0,5311.075,2026-04-04 23:59:59.999000+00:00,357398162.30480,131999,2786.271,187502815.56620,0
2026-04-05 00:00:00+00:00,67271.1,67279.2,66900.0,67113.5,6903.652,2026-04-05 03:59:59.999000+00:00,463200968.97690,151313,3466.146,232590715.62310,0
2026-04-05 04:00:00+00:00,67113.4,67160.0,66575.5,66787.4,13916.33,2026-04-05 07:59:59.999000+00:00,929725513.42330,251836,6666.710,445341023.42960,0
2026-04-05 08:00:00+00:00,66787.4,67132.8,66782.1,66972.7,6904.214,2026-04-05 11:59:59.999000+00:00,462254893.19760,150335,3622.372,242534875.83640,0
2026-04-05 12:00:00+00:00,66972.7,67828.6,66650.0,67272.2,27564.797,2026-04-05 15:59:59.999000+00:00,1851758137.56170,467444,14902.229,1001439951.53400,0
2026-04-05 16:00:00+00:00,67272.2,67540.0,67132.2,67329.1,10633.01,2026-04-05 19:59:59.999000+00:00,715744058.36660,253987,5329.302,358783128.04270,0
2026-04-05 20:00:00+00:00,67329.1,69108.0,67302.4,68997.9,38996.166,2026-04-05 23:59:59.999000+00:00,2660548764.97730,819836,22734.959,1550987776.17130,0
2026-04-06 00:00:00+00:00,68997.9,69583.0,68740.2,69092.4,31472.532,2026-04-06 03:59:59.999000+00:00,2176397515.41140,823037,15594.202,1078648165.87890,0
2026-04-06 04:00:00+00:00,69092.3,69338.2,68769.6,69089.7,16774.749,2026-04-06 07:59:59.999000+00:00,1158116065.54400,409214,8029.727,554356628.03200,0
2026-04-06 08:00:00+00:00,69089.8,70252.9,69047.7,69583.6,31538.644,2026-04-06 11:59:59.999000+00:00,2198512969.94540,652685,17221.768,1200639770.02710,0
2026-04-06 12:00:00+00:00,69583.5,69931.9,69088.0,69922.5,31536.197,2026-04-06 15:59:59.999000+00:00,2191329074.46170,902579,15873.691,1103325663.18250,0
2026-04-06 16:00:00+00:00,69922.4,70332.5,69240.0,69704.8,28697.393,2026-04-06 19:59:59.999000+00:00,2001480495.96370,758509,14233.348,992901663.17010,0
2026-04-06 20:00:00+00:00,69704.8,69940.0,68227.5,68817.9,26737.721,2026-04-06 23:59:59.999000+00:00,1843467047.23430,567854,12051.631,831193261.10880,0
2026-04-07 00:00:00+00:00,68817.9,69111.8,68241.9,68746.3,22331.356,2026-04-07 03:59:59.999000+00:00,1533529042.15480,584752,11218.197,770505863.25080,0
2026-04-07 04:00:00+00:00,68746.4,68955.6,68400.6,68592.1,12350.999,2026-04-07 07:59:59.999000+00:00,847743003.16030,328689,6306.917,432909758.17560,0
2026-04-07 08:00:00+00:00,68592.0,69219.0,68033.0,68310.8,32353.624,2026-04-07 11:59:59.999000+00:00,2219835210.16860,732874,16373.619,1123370200.78190,0
2026-04-07 12:00:00+00:00,68310.7,68613.8,67711.0,68138.4,38539.121,2026-04-07 15:59:59.999000+00:00,2626023868.54770,1038207,18763.287,1278552566.16720,0
2026-04-07 16:00:00+00:00,68138.5,69068.6,68049.9,68975.9,28366.793,2026-04-07 19:59:59.999000+00:00,1944811324.94100,782209,14919.487,1023117066.50300,0
2026-04-07 20:00:00+00:00,68975.9,72743.4,68975.9,71890.2,98886.354,2026-04-07 23:59:59.999000+00:00,7010337093.90150,1906817,56033.980,3971201385.14380,0
2026-04-08 00:00:00+00:00,71890.2,72086.4,71186.0,71259.6,26757.697,2026-04-08 03:59:59.999000+00:00,1916324416.29950,622599,13335.207,955260190.85490,0
2026-04-08 04:00:00+00:00,71259.7,71919.0,71250.0,71612.0,17009.861,2026-04-08 07:59:59.999000+00:00,1218555000.45460,392654,8688.478,622444771.83150,0
2026-04-08 08:00:00+00:00,71612.1,71945.0,71367.0,71650.2,14461.09,2026-04-08 11:59:59.999000+00:00,1035944297.76960,372727,7334.764,525448568.81340,0
2026-04-08 12:00:00+00:00,71650.2,72858.5,70671.6,71274.8,79220.378,2026-04-08 15:59:59.999000+00:00,5683740865.55210,1506883,40955.672,2940079128.57640,0
2026-04-08 16:00:00+00:00,71274.9,71934.5,70980.0,71283.0,32164.665,2026-04-08 19:59:59.999000+00:00,2298130662.88500,799086,15965.553,1140702532.01190,0
2026-04-08 20:00:00+00:00,71283.0,71726.7,70850.9,71038.1,13764.801,2026-04-08 23:59:59.999000+00:00,980788482.56830,389806,7151.653,509687809.84430,0
2026-04-09 00:00:00+00:00,71038.2,71168.0,70428.0,70961.2,21193.853,2026-04-09 03:59:59.999000+00:00,1500833925.37740,568038,10023.703,709987264.85850,0
2026-04-09 04:00:00+00:00,70961.2,71087.8,70666.0,70945.0,12002.442,2026-04-09 07:59:59.999000+00:00,851061353.48760,298505,5961.888,422798515.42330,0
2026-04-09 08:00:00+00:00,70945.0,71533.0,70831.9,71109.9,17310.192,2026-04-09 11:59:59.999000+00:00,1233162726.41990,430645,8860.514,631246405.19610,0
2026-04-09 12:00:00+00:00,71109.9,72320.0,70470.2,72108.0,49151.802,2026-04-09 15:59:59.999000+00:00,3507646334.77520,1145078,25674.279,1833148673.97070,0
2026-04-09 16:00:00+00:00,72108.0,72517.9,71688.8,72055.9,41877.194,2026-04-09 19:59:59.999000+00:00,3019530858.05460,1044701,20892.388,1506599162.90330,0
2026-04-09 20:00:00+00:00,72055.8,73128.0,71539.9,71750.4,34270.974,2026-04-09 23:59:59.999000+00:00,2477779936.44560,753812,19007.979,1374773801.41840,0
2026-04-10 00:00:00+00:00,71750.4,72350.0,71546.0,71837.3,21715.955,2026-04-10 03:59:59.999000+00:00,1562685100.86680,575305,11482.119,826344375.93840,0
2026-04-10 04:00:00+00:00,71837.3,72243.6,71382.1,71461.2,16485.581,2026-04-10 07:59:59.999000+00:00,1184200148.34650,398737,7392.154,531180251.87440,0
2026-04-10 08:00:00+00:00,71461.2,72229.0,71395.0,72092.7,19118.232,2026-04-10 11:59:59.999000+00:00,1373272701.86530,434729,9884.948,709988793.15700,0
2026-04-10 12:00:00+00:00,72092.8,73255.7,71868.5,72421.0,57943.465,2026-04-10 15:59:59.999000+00:00,4205821495.03160,1165256,29665.177,2153569394.33990,0
2026-04-10 16:00:00+00:00,72421.1,73223.4,72350.0,73187.3,23358.005,2026-04-10 19:59:59.999000+00:00,1702258399.78370,552872,12351.570,900227845.79370,0
2026-04-10 20:00:00+00:00,73187.4,73450.0,72669.1,72917.4,17948.428,2026-04-10 23:59:59.999000+00:00,1311531008.24920,404007,9406.243,687472908.28670,0
2026-04-11 00:00:00+00:00,72917.4,73066.2,72615.0,72835.1,10123.999,2026-04-11 03:59:59.999000+00:00,737733647.63880,238376,5117.962,373019837.81570,0
2026-04-11 04:00:00+00:00,72835.1,72921.5,72566.4,72707.7,11906.343,2026-04-11 07:59:59.999000+00:00,865766281.50970,211773,6403.952,465633730.21110,0
2026-04-11 08:00:00+00:00,72707.8,72886.0,72580.0,72868.2,8113.981,2026-04-11 11:59:59.999000+00:00,590363518.12020,184872,4264.742,310314756.20040,0
2026-04-11 12:00:00+00:00,72868.2,72945.0,72451.9,72817.3,12417.345,2026-04-11 15:59:59.999000+00:00,902645326.89600,272945,5778.143,420115735.25620,0
2026-04-11 16:00:00+00:00,72817.3,73773.4,72775.3,73635.9,23634.789,2026-04-11 19:59:59.999000+00:00,1733603527.25820,505694,13533.326,992777270.53240,0
2026-04-11 20:00:00+00:00,73635.9,73648.8,72861.2,73013.4,13973.213,2026-04-11 23:59:59.999000+00:00,1023574917.12140,343666,6742.134,493914448.04590,0
2026-04-12 00:00:00+00:00,73013.4,73094.4,71259.0,71563.6,43169.182,2026-04-12 03:59:59.999000+00:00,3104285991.12930,855332,21381.843,1537200835.54180,0
2026-04-12 04:00:00+00:00,71563.6,71750.0,71369.7,71628.1,12023.589,2026-04-12 07:59:59.999000+00:00,860630029.39670,267095,5966.680,427132432.12820,0
2026-04-12 08:00:00+00:00,71628.2,71750.0,71309.7,71435.0,8820.093,2026-04-12 11:59:59.999000+00:00,630740036.56670,201997,4019.301,287435282.58540,0
2026-04-12 12:00:00+00:00,71435.0,71478.0,70566.5,70856.2,34941.462,2026-04-12 15:59:59.999000+00:00,2479343270.82140,567520,15353.639,1089411058.30290,0
2026-04-12 16:00:00+00:00,70856.1,71199.0,70777.0,71055.2,11517.812,2026-04-12 19:59:59.999000+00:00,817833838.46280,252276,6217.185,441455872.46800,0
2026-04-12 20:00:00+00:00,71055.2,71423.9,70458.2,70711.1,24350.851,2026-04-12 23:59:59.999000+00:00,1726563886.87630,556149,12011.678,851951413.24340,0
2026-04-13 00:00:00+00:00,70711.2,71245.0,70574.0,70944.8,15132.601,2026-04-13 03:59:59.999000+00:00,1074663593.20940,406292,7543.331,535696804.02080,0
2026-04-13 04:00:00+00:00,70944.8,71114.9,70627.9,70780.0,11392.397,2026-04-13 07:59:59.999000+00:00,807167174.54610,304925,5790.010,410249137.86650,0
2026-04-13 08:00:00+00:00,70780.1,70960.3,70517.3,70883.9,11273.638,2026-04-13 11:59:59.999000+00:00,797503887.19540,300155,5369.975,379945260.12190,0
2026-04-13 12:00:00+00:00,70883.9,72431.0,70722.3,71823.6,57450.265,2026-04-13 15:59:59.999000+00:00,4112524867.59040,1164440,28922.679,2070729289.26200,0
2026-04-13 16:00:00+00:00,71823.6,73441.7,71629.5,73272.2,56314.37,2026-04-13 19:59:59.999000+00:00,4085111991.81940,1025896,31641.277,2296381660.48080,0
2026-04-13 20:00:00+00:00,73272.1,74870.0,72953.3,74385.0,61466.248,2026-04-13 23:59:59.999000+00:00,4552827277.35460,1155394,32806.053,2430326550.18940,0
2026-04-14 00:00:00+00:00,74384.9,74583.1,73946.9,74408.8,19651.083,2026-04-14 03:59:59.999000+00:00,1459802466.50750,511630,9958.136,739840787.78290,0
2026-04-14 04:00:00+00:00,74408.8,74900.0,74112.2,74513.4,16214.625,2026-04-14 07:59:59.999000+00:00,1207566816.12800,380446,8661.335,645153689.08420,0
2026-04-14 08:00:00+00:00,74513.3,74873.5,74267.2,74342.4,16225.412,2026-04-14 11:59:59.999000+00:00,1209361410.92730,429582,8641.431,644114503.50860,0
2026-04-14 12:00:00+00:00,74342.4,76009.0,74234.0,75268.1,75098.043,2026-04-14 15:59:59.999000+00:00,5643860478.65310,1490914,40707.201,3059751795.12250,0
2026-04-14 16:00:00+00:00,75268.1,75684.9,73789.7,74176.4,41947.024,2026-04-14 19:59:59.999000+00:00,3127133887.14170,955697,20156.949,1503249162.73250,0
2026-04-14 20:00:00+00:00,74176.5,74387.7,73766.8,74106.9,14125.303,2026-04-14 23:59:59.999000+00:00,1046649744.67640,449736,7517.547,557068118.31840,0
2026-04-15 00:00:00+00:00,74106.9,74739.2,74085.0,74296.8,16203.804,2026-04-15 03:59:59.999000+00:00,1206016685.53150,469953,8638.220,642979330.57570,0
2026-04-15 04:00:00+00:00,74296.8,74400.0,73449.0,73705.1,19300.982,2026-04-15 07:59:59.999000+00:00,1425655698.03870,437800,9034.093,667253740.58540,0
2026-04-15 08:00:00+00:00,73705.2,74227.5,73640.1,74155.1,17459.363,2026-04-15 11:59:59.999000+00:00,1291668892.81250,404528,9199.927,680617340.30260,0
2026-04-15 12:00:00+00:00,74155.0,74473.5,73540.0,73797.5,32291.529,2026-04-15 15:59:59.999000+00:00,2391114285.24510,834150,15465.448,1145387789.05570,0
2026-04-15 16:00:00+00:00,73797.5,75240.0,73714.9,74957.8,24574.563,2026-04-15 19:59:59.999000+00:00,1829391970.95630,733559,13516.057,1006460796.83590,0
2026-04-15 20:00:00+00:00,74957.7,75425.6,74466.5,74776.2,21199.53,2026-04-15 23:59:59.999000+00:00,1586508278.75110,556956,10839.901,811511271.78460,0
2026-04-16 00:00:00+00:00,74776.3,75232.7,74400.0,74851.9,15651.25,2026-04-16 03:59:59.999000+00:00,1170702922.91170,524075,7845.128,586859881.28860,0
2026-04-16 04:00:00+00:00,74851.9,75130.0,74590.3,74667.7,17045.274,2026-04-16 07:59:59.999000+00:00,1276672185.14530,379810,8827.353,661290165.30340,0
2026-04-16 08:00:00+00:00,74667.7,74866.9,74226.2,74528.4,20577.67,2026-04-16 11:59:59.999000+00:00,1532755790.10430,480847,9596.827,714896532.85180,0
2026-04-16 12:00:00+00:00,74528.4,74981.1,73256.8,74659.5,56715.81,2026-04-16 15:59:59.999000+00:00,4202334342.03760,1252908,28529.695,2114447844.02300,0
2026-04-16 16:00:00+00:00,74659.5,75378.1,73873.5,75309.4,32912.364,2026-04-16 19:59:59.999000+00:00,2455664240.58360,948807,17135.922,1279109560.81420,0
2026-04-16 20:00:00+00:00,75309.5,75500.0,74736.5,75106.8,15495.357,2026-04-16 23:59:59.999000+00:00,1163264532.18260,494637,7962.677,597847967.44480,0
2026-04-17 00:00:00+00:00,75106.8,75118.4,74480.0,74582.8,13107.45,2026-04-17 03:59:59.999000+00:00,979645023.91670,354825,6034.651,451042633.58040,0
2026-04-17 04:00:00+00:00,74582.8,75060.4,74508.2,75047.4,11691.865,2026-04-17 07:59:59.999000+00:00,874593993.74060,295962,6327.910,473367777.65960,0
2026-04-17 08:00:00+00:00,75047.4,76350.0,74951.6,75542.2,53474.253,2026-04-17 11:59:59.999000+00:00,4040841944.79180,1035768,28457.107,2150903352.46680,0
2026-04-17 12:00:00+00:00,75542.1,77999.9,75481.8,77736.2,107834.631,2026-04-17 15:59:59.999000+00:00,8300378690.01410,2360161,55775.446,4293949556.99340,0
2026-04-17 16:00:00+00:00,77736.2,78300.0,76921.9,77348.8,40552.358,2026-04-17 19:59:59.999000+00:00,3145512451.87880,1107495,20986.051,1628148770.74530,0
2026-04-17 20:00:00+00:00,77349.2,77566.0,76854.2,77030.6,12735.358,2026-04-17 23:59:59.999000+00:00,983653046.03370,389098,6622.654,511556166.85360,0
2026-04-18 00:00:00+00:00,77030.6,77380.0,76903.2,76964.3,9887.034,2026-04-18 03:59:59.999000+00:00,762764405.93610,314928,4968.826,383401560.47630,0
2026-04-18 04:00:00+00:00,76964.4,77233.6,76824.1,76951.0,10695.009,2026-04-18 07:59:59.999000+00:00,823689574.37200,255545,5388.620,415032970.64240,0
2026-04-18 08:00:00+00:00,76951.0,77004.2,75710.6,76002.0,37691.022,2026-04-18 11:59:59.999000+00:00,2877214216.90210,725060,16253.234,1240422129.89070,0
2026-04-18 12:00:00+00:00,76002.0,76342.7,75738.0,76124.8,17432.324,2026-04-18 15:59:59.999000+00:00,1326658262.87380,465259,9450.419,719314391.31210,0
2026-04-18 16:00:00+00:00,76124.8,76176.6,75395.9,75604.2,23009.346,2026-04-18 19:59:59.999000+00:00,1742681860.90950,472976,10171.015,770371176.86490,0
2026-04-18 20:00:00+00:00,75604.2,75843.3,75551.0,75653.8,7179.656,2026-04-18 23:59:59.999000+00:00,543561027.83000,214527,3934.167,297852747.43460,0
2026-04-19 00:00:00+00:00,75653.8,75804.0,75314.0,75473.0,10862.513,2026-04-19 03:59:59.999000+00:00,820390800.57130,305212,5087.239,384287271.98900,0
2026-04-19 04:00:00+00:00,75472.9,75747.3,74824.3,75205.6,18131.041,2026-04-19 07:59:59.999000+00:00,1365093449.67680,429202,8732.757,657709889.35200,0
2026-04-19 08:00:00+00:00,75205.7,75589.2,74863.6,75557.4,14364.469,2026-04-19 11:59:59.999000+00:00,1080330151.08820,399240,7804.941,587118951.00460,0
2026-04-19 12:00:00+00:00,75557.5,76200.0,75342.3,75807.6,28969.611,2026-04-19 15:59:59.999000+00:00,2195523013.01570,781600,15106.663,1145036654.72340,0
2026-04-19 16:00:00+00:00,75807.7,75817.7,74550.0,74917.9,25232.576,2026-04-19 19:59:59.999000+00:00,1893152579.67240,769569,11909.462,893474791.24690,0
2026-04-19 20:00:00+00:00,74918.0,74920.2,73700.2,73758.4,31418.001,2026-04-19 23:59:59.999000+00:00,2329346068.93550,854801,14417.227,1068917710.48740,0
2026-04-20 00:00:00+00:00,73758.4,74697.6,73669.0,74593.9,21233.994,2026-04-20 03:59:59.999000+00:00,1577339665.23160,547914,11577.456,860096480.77130,0
2026-04-20 04:00:00+00:00,74593.9,75539.3,74061.2,74795.5,25444.888,2026-04-20 07:59:59.999000+00:00,1902753962.18640,638733,12740.001,953111895.66090,0
2026-04-20 08:00:00+00:00,74795.5,75375.1,74563.2,75148.7,18020.188,2026-04-20 11:59:59.999000+00:00,1351305732.65550,587445,9203.763,690206033.64950,0
2026-04-20 12:00:00+00:00,75148.8,75750.0,74639.5,75668.1,42510.02,2026-04-20 15:59:59.999000+00:00,3198814095.64510,1343749,21511.334,1619159344.77480,0
2026-04-20 16:00:00+00:00,75668.1,76449.8,75242.5,76252.5,38692.836,2026-04-20 19:59:59.999000+00:00,2940042195.54740,864075,21092.900,1603017998.17470,0
2026-04-20 20:00:00+00:00,76252.5,76531.0,75556.2,75790.1,20247.741,2026-04-20 23:59:59.999000+00:00,1539807096.10520,430589,10473.676,796832205.68820,0
2026-04-21 00:00:00+00:00,75790.1,76232.3,75433.1,75669.1,13838.396,2026-04-21 03:59:59.999000+00:00,1048685903.96070,463247,6909.399,523662830.65560,0
2026-04-21 04:00:00+00:00,75669.1,76276.6,75558.8,76050.0,14272.52,2026-04-21 07:59:59.999000+00:00,1083421661.82060,426574,7671.593,582420174.24160,0
2026-04-21 08:00:00+00:00,76050.0,76999.0,76025.0,76408.3,27821.111,2026-04-21 11:59:59.999000+00:00,2127850999.36380,733142,14878.844,1138245371.71770,0
2026-04-21 12:00:00+00:00,76408.3,76574.3,75355.2,75799.9,48277.16,2026-04-21 15:59:59.999000+00:00,3667435786.44960,1239476,22700.626,1724513269.83790,0
2026-04-21 16:00:00+00:00,75800.0,76155.0,74777.9,74988.6,38568.672,2026-04-21 19:59:59.999000+00:00,2909957179.94030,1095758,18777.120,1416937736.68410,0
2026-04-21 20:00:00+00:00,74988.7,76396.2,74942.2,76288.2,21983.128,2026-04-21 23:59:59.999000+00:00,1663065282.16880,578647,11818.320,894306100.70590,0
2026-04-22 00:00:00+00:00,76288.3,77699.0,76078.6,77488.3,39061.724,2026-04-22 03:59:59.999000+00:00,3007502350.65710,878662,20545.898,1582191203.20490,0
2026-04-22 04:00:00+00:00,77488.4,78447.5,77321.7,77979.8,41227.885,2026-04-22 07:59:59.999000+00:00,3215043575.62300,804511,22210.760,1732098465.88250,0
2026-04-22 08:00:00+00:00,77979.7,78365.8,77895.3,78263.2,15681.688,2026-04-22 11:59:59.999000+00:00,1224501878.34320,464902,8387.229,654989413.63570,0
2026-04-22 12:00:00+00:00,78263.2,79370.0,78060.0,79234.3,53011.501,2026-04-22 15:59:59.999000+00:00,4175229579.44870,1352839,29277.358,2306432473.27080,0
2026-04-22 16:00:00+00:00,79234.3,79444.0,78586.7,78791.3,27094.127,2026-04-22 19:59:59.999000+00:00,2137975258.56910,746600,14144.162,1116195575.22040,0
2026-04-22 20:00:00+00:00,78791.3,78868.9,78111.6,78139.8,15010.171,2026-04-22 23:59:59.999000+00:00,1178120496.70500,407289,7427.150,583075971.67280,0
2026-04-23 00:00:00+00:00,78139.7,78534.9,77410.7,77704.3,29046.607,2026-04-23 03:59:59.999000+00:00,2264735923.92240,904967,14074.820,1097654039.32820,0
2026-04-23 04:00:00+00:00,77704.3,78310.1,77627.4,78009.1,17571.723,2026-04-23 07:59:59.999000+00:00,1370678924.05300,487126,9309.291,726224627.94320,0
2026-04-23 08:00:00+00:00,78009.1,78142.2,76504.6,77649.9,35463.4,2026-04-23 11:59:59.999000+00:00,2746502287.17290,652716,16000.927,1240017614.91750,0
2026-04-23 12:00:00+00:00,77650.0,78648.0,77322.8,78329.2,35494.645,2026-04-23 15:59:59.999000+00:00,2765798979.68530,942576,17765.638,1384615835.82620,0
2026-04-23 16:00:00+00:00,78329.3,78466.8,76900.1,77670.5,43195.351,2026-04-23 19:59:59.999000+00:00,3356162497.87240,1069759,21393.765,1662187783.48050,0
2026-04-23 20:00:00+00:00,77670.4,78299.0,77598.4,78216.8,11713.286,2026-04-23 23:59:59.999000+00:00,913517297.05100,327052,6174.434,481577812.72840,0
2026-04-24 00:00:00+00:00,78217.4,78546.0,77500.0,77690.1,23409.633,2026-04-24 03:59:59.999000+00:00,1827068927.63650,545555,10752.164,839643775.04480,0
2026-04-24 04:00:00+00:00,77690.1,78019.2,77401.5,77620.5,17255.414,2026-04-24 07:59:59.999000+00:00,1340960004.27890,394700,8733.688,678883434.09720,0
2026-04-24 08:00:00+00:00,77620.5,78346.1,77355.8,78194.8,25294.889,2026-04-24 11:59:59.999000+00:00,1969294999.75640,582307,13206.457,1028220022.55650,0
2026-04-24 12:00:00+00:00,78194.9,78432.9,77521.0,78007.3,31389.885,2026-04-24 15:59:59.999000+00:00,2447657696.85170,834982,16079.214,1253808507.48250,0
2026-04-24 16:00:00+00:00,78007.3,78031.9,77308.0,77596.1,20079.534,2026-04-24 19:59:59.999000+00:00,1558515275.97540,508007,10105.221,784321102.56050,0
2026-04-24 20:00:00+00:00,77596.0,77727.0,77206.8,77395.4,10353.65,2026-04-24 23:59:59.999000+00:00,802032796.32240,245970,5018.923,388802072.67830,0
2026-04-25 00:00:00+00:00,77395.3,77678.0,77254.7,77629.0,6659.441,2026-04-25 03:59:59.999000+00:00,516001622.94510,175114,3451.995,267508802.63780,0
2026-04-25 04:00:00+00:00,77629.0,77653.2,77400.0,77449.9,5246.887,2026-04-25 07:59:59.999000+00:00,406633903.55600,128946,2633.381,204094544.26630,0
2026-04-25 08:00:00+00:00,77449.9,77847.0,77444.0,77638.7,8566.49,2026-04-25 11:59:59.999000+00:00,665378692.26740,181301,4451.745,345789767.84150,0
2026-04-25 12:00:00+00:00,77638.7,77719.1,77263.0,77289.3,9750.494,2026-04-25 15:59:59.999000+00:00,755947243.29850,199896,4236.405,328515190.64430,0
2026-04-25 16:00:00+00:00,77289.3,77411.8,77100.0,77285.6,10601.66,2026-04-25 19:59:59.999000+00:00,819328201.89480,246553,5375.525,415484111.18710,0
2026-04-25 20:00:00+00:00,77285.7,77615.7,77267.3,77585.0,5767.514,2026-04-25 23:59:59.999000+00:00,446807471.52390,142761,2940.378,227796565.43380,0
2026-04-26 00:00:00+00:00,77585.0,77607.7,77280.0,77349.3,6370.913,2026-04-26 03:59:59.999000+00:00,493518321.94870,160285,2650.898,205338021.93270,0
2026-04-26 04:00:00+00:00,77349.3,78164.7,77338.4,78061.5,15176.812,2026-04-26 07:59:59.999000+00:00,1182166160.97520,326963,8147.857,634572254.13020,0
2026-04-26 08:00:00+00:00,78061.5,78182.8,77880.0,78050.0,6338.101,2026-04-26 11:59:59.999000+00:00,494427641.62530,170701,2967.584,231512790.79780,0
2026-04-26 12:00:00+00:00,78050.0,78136.5,77715.0,78007.9,11383.992,2026-04-26 15:59:59.999000+00:00,887322860.47530,263533,5106.463,398056799.71420,0
2026-04-26 16:00:00+00:00,78007.9,78477.9,77815.0,78183.1,15250.276,2026-04-26 19:59:59.999000+00:00,1191857083.45310,358820,8595.841,671859516.17010,0
2026-04-26 20:00:00+00:00,78183.2,78994.8,77777.0,78613.5,25423.211,2026-04-26 23:59:59.999000+00:00,1993281861.03360,678158,13263.721,1040325627.65880,0
2026-04-27 00:00:00+00:00,78614.4,79455.0,78319.1,79065.1,28332.003,2026-04-27 03:59:59.999000+00:00,2239160433.64140,775419,14278.565,1128723609.07190,0
2026-04-27 04:00:00+00:00,79065.1,79128.1,77408.6,77556.7,46056.494,2026-04-27 07:59:59.999000+00:00,3591030115.60180,844449,20005.120,1559340170.57960,0
2026-04-27 08:00:00+00:00,77556.7,77949.9,77500.0,77804.3,15085.328,2026-04-27 11:59:59.999000+00:00,1173033609.44650,311222,7429.915,577753002.74830,0
2026-04-27 12:00:00+00:00,77804.3,78232.0,76524.0,76760.0,45532.905,2026-04-27 15:59:59.999000+00:00,3523336914.31710,1020574,21222.360,1642343304.58160,0
2026-04-27 16:00:00+00:00,76760.0,76902.7,76400.0,76844.4,20255.064,2026-04-27 19:59:59.999000+00:00,1553256337.09450,523615,9876.520,757472464.33240,0
2026-04-27 20:00:00+00:00,76844.3,77419.7,76714.8,77331.2,13839.089,2026-04-27 23:59:59.999000+00:00,1066170951.61930,284334,6968.264,536983664.48820,0
2026-04-28 00:00:00+00:00,77331.2,77450.0,76632.4,76770.6,16306.693,2026-04-28 03:59:59.999000+00:00,1256061461.92680,424095,7797.458,600509732.04870,0
2026-04-28 04:00:00+00:00,76770.6,77132.4,76324.1,76828.4,17501.573,2026-04-28 07:59:59.999000+00:00,1343343377.11670,421057,8038.225,617095717.79690,0
2026-04-28 08:00:00+00:00,76828.3,76956.0,76088.0,76198.8,16237.845,2026-04-28 11:59:59.999000+00:00,1241909203.41460,420617,7786.582,595615887.46600,0
2026-04-28 12:00:00+00:00,76198.9,76403.7,75635.6,76027.8,32920.405,2026-04-28 15:59:59.999000+00:00,2502611867.35800,899792,16702.344,1269771430.18940,0
2026-04-28 16:00:00+00:00,76027.7,76352.0,75840.3,76293.6,12516.735,2026-04-28 19:59:59.999000+00:00,952684067.14230,385785,7042.579,536094632.57540,0
2026-04-28 20:00:00+00:00,76293.5,76448.0,76150.0,76298.1,8435.626,2026-04-28 23:59:59.999000+00:00,643785457.47600,204184,3956.921,301991822.98690,0
2026-04-29 00:00:00+00:00,76298.2,77098.8,76138.7,76955.7,17757.966,2026-04-29 03:59:59.999000+00:00,1360786325.74430,438558,9591.553,735020910.08520,0
2026-04-29 04:00:00+00:00,76955.7,77432.1,76839.8,77003.8,24024.0,2026-04-29 07:59:59.999000+00:00,1853084950.55420,436949,12273.225,946686722.64020,0
2026-04-29 08:00:00+00:00,77003.8,77873.2,76918.5,77552.5,25723.964,2026-04-29 11:59:59.999000+00:00,1994442763.07070,524726,13286.289,1030086378.06550,0
2026-04-29 12:00:00+00:00,77552.5,77563.6,75675.2,75889.1,47484.616,2026-04-29 15:59:59.999000+00:00,3637026067.97340,1015962,23146.759,1772921743.94370,0
2026-04-29 16:00:00+00:00,75889.1,76220.0,74868.0,75518.5,54386.306,2026-04-29 19:59:59.999000+00:00,4104670415.68490,960286,26644.932,2011143085.23650,0
2026-04-29 20:00:00+00:00,75518.4,76061.2,75448.0,75749.9,17156.651,2026-04-29 23:59:59.999000+00:00,1299549480.80050,368175,8075.321,611720226.83050,0
2026-04-30 00:00:00+00:00,75749.9,76445.0,75448.9,75882.1,22074.553,2026-04-30 03:59:59.999000+00:00,1677015699.65370,546214,11265.651,855967311.66800,0
2026-04-30 04:00:00+00:00,75881.6,76148.0,75273.5,76129.9,15761.964,2026-04-30 07:59:59.999000+00:00,1193258384.82600,384687,8478.346,641997211.79150,0
2026-04-30 08:00:00+00:00,76129.9,76332.6,75836.0,76032.9,15331.776,2026-04-30 11:59:59.999000+00:00,1166079060.26870,349778,7733.935,588276823.02970,0
2026-04-30 12:00:00+00:00,76032.9,76630.3,76009.8,76423.0,26961.697,2026-04-30 15:59:59.999000+00:00,2058144355.45280,743325,14307.411,1092208298.50000,0
2026-04-30 16:00:00+00:00,76423.0,76470.5,76060.4,76366.7,11760.837,2026-04-30 19:59:59.999000+00:00,897402339.08710,341735,6236.331,475900774.56520,0
2026-04-30 20:00:00+00:00,76366.7,76536.2,76155.1,76305.4,7863.633,2026-04-30 23:59:59.999000+00:00,600388790.97350,215909,3717.715,283866694.40130,0
2026-05-01 00:00:00+00:00,76305.4,77421.2,76265.4,77082.6,21673.031,2026-05-01 03:59:59.999000+00:00,1666754725.91800,451468,12199.797,938349288.99130,0
2026-05-01 04:00:00+00:00,77082.6,77177.1,76833.7,77100.0,12318.418,2026-05-01 07:59:59.999000+00:00,948908384.99210,303204,5902.122,454660479.65460,0
2026-05-01 08:00:00+00:00,77099.9,77588.4,77010.5,77429.5,17873.319,2026-05-01 11:59:59.999000+00:00,1382063360.38560,340791,9345.201,722673453.78230,0
2026-05-01 12:00:00+00:00,77429.6,78879.9,77368.2,78395.4,66947.87,2026-05-01 15:59:59.999000+00:00,5238692081.24940,1259417,35470.757,2775082729.65600,0
2026-05-01 16:00:00+00:00,78395.4,78642.0,78081.5,78316.9,19035.818,2026-05-01 19:59:59.999000+00:00,1491806779.61320,521695,10027.936,785869454.07530,0
2026-05-01 20:00:00+00:00,78317.0,78402.9,77717.7,78192.0,15149.85,2026-05-01 23:59:59.999000+00:00,1182701661.03430,316839,7022.098,548240099.83710,0
2026-05-02 00:00:00+00:00,78191.9,78503.9,78123.0,78377.7,8115.878,2026-05-02 03:59:59.999000+00:00,635560406.58310,227389,4390.648,343871038.86790,0
2026-05-02 04:00:00+00:00,78377.7,78416.8,77979.3,78181.6,10254.585,2026-05-02 07:59:59.999000+00:00,801624353.28390,215048,4884.618,381874963.15390,0
2026-05-02 08:00:00+00:00,78181.6,78359.2,78055.7,78105.7,5555.41,2026-05-02 11:59:59.999000+00:00,434413977.15600,139958,2733.888,213795451.04160,0
2026-05-02 12:00:00+00:00,78105.7,78458.2,78056.0,78449.8,8234.343,2026-05-02 15:59:59.999000+00:00,644803481.12000,180805,4822.975,377658571.40770,0
2026-05-02 16:00:00+00:00,78449.8,78565.9,78277.0,78443.8,5602.226,2026-05-02 19:59:59.999000+00:00,439392089.36420,155580,2864.347,224690330.10270,0
2026-05-02 20:00:00+00:00,78444.1,79145.0,78376.0,78652.9,13678.666,2026-05-02 23:59:59.999000+00:00,1077726324.24690,302083,7627.323,600993771.29010,0
2026-05-03 00:00:00+00:00,78652.8,78740.5,78069.0,78162.4,13209.701,2026-05-03 03:59:59.999000+00:00,1034068829.32710,275973,5897.813,461709486.85360,0
2026-05-03 04:00:00+00:00,78162.3,78415.4,78027.0,78316.6,7080.944,2026-05-03 07:59:59.999000+00:00,553893857.35960,173217,4066.461,318096977.31960,0
2026-05-03 08:00:00+00:00,78316.6,78814.7,78295.1,78620.5,9195.937,2026-05-03 11:59:59.999000+00:00,722099734.69810,221960,5102.131,400696728.67830,0
2026-05-03 12:00:00+00:00,78620.6,78850.0,78522.9,78625.2,9849.891,2026-05-03 15:59:59.999000+00:00,775097145.10730,252405,4457.654,350802103.17990,0
2026-05-03 16:00:00+00:00,78625.2,78832.2,78514.2,78729.1,5743.945,2026-05-03 19:59:59.999000+00:00,451928742.67100,193644,3024.870,238015251.25660,0
2026-05-03 20:00:00+00:00,78729.1,79428.9,78440.0,78529.0,26953.203,2026-05-03 23:59:59.999000+00:00,2128607738.76330,652611,14272.098,1127471081.14150,0
2026-05-04 00:00:00+00:00,78529.0,80426.0,78235.4,80278.7,59484.212,2026-05-04 03:59:59.999000+00:00,4736865706.28030,1258209,33363.923,2657718639.58910,0
2026-05-04 04:00:00+00:00,80278.7,80590.2,79440.0,79663.5,30796.491,2026-05-04 07:59:59.999000+00:00,2464659522.56670,646479,15889.304,1271885678.61820,0
2026-05-04 08:00:00+00:00,79663.4,79900.0,78128.3,78753.5,64999.688,2026-05-04 11:59:59.999000+00:00,5123700571.85990,1062989,28017.336,2209333412.86380,0
2026-05-04 12:00:00+00:00,78753.5,80528.9,78450.0,79976.7,75904.797,2026-05-04 15:59:59.999000+00:00,6040795512.65170,1431158,37477.238,2982644913.37940,0
2026-05-04 16:00:00+00:00,79976.6,80771.7,79562.0,80018.4,38924.278,2026-05-04 19:59:59.999000+00:00,3121675237.90980,891195,19128.774,1534456393.14710,0
2026-05-04 20:00:00+00:00,80018.3,80363.2,79715.9,79826.1,10807.116,2026-05-04 23:59:59.999000+00:00,864774485.34550,298201,5862.707,469113278.99130,0
2026-05-05 00:00:00+00:00,79826.1,81050.0,79761.2,80836.9,24027.045,2026-05-05 03:59:59.999000+00:00,1935008232.04720,522159,13883.305,1118333062.51690,0
2026-05-05 04:00:00+00:00,80836.8,81278.2,80671.4,80815.8,26966.917,2026-05-05 07:59:59.999000+00:00,2183179166.89820,499850,14568.140,1179692272.59690,0
2026-05-05 08:00:00+00:00,80815.8,81071.0,80480.6,80973.0,21914.277,2026-05-05 11:59:59.999000+00:00,1769707057.97640,370972,12311.086,994311610.92170,0
2026-05-05 12:00:00+00:00,80973.1,81656.6,80879.5,81488.7,49091.49,2026-05-05 15:59:59.999000+00:00,3994034808.09730,1014389,28005.040,2278817371.96390,0
2026-05-05 16:00:00+00:00,81488.7,81636.4,81000.0,81554.4,20374.894,2026-05-05 19:59:59.999000+00:00,1657107981.34170,498044,10814.965,879794146.53840,0
2026-05-05 20:00:00+00:00,81554.3,81745.4,80716.8,80861.9,28546.905,2026-05-05 23:59:59.999000+00:00,2320460096.95140,612433,15196.831,1235863454.89130,0
2026-05-06 00:00:00+00:00,80861.9,81716.3,80651.2,81535.9,19335.861,2026-05-06 03:59:59.999000+00:00,1570458139.47300,528308,10249.737,832516322.58580,0
2026-05-06 04:00:00+00:00,81535.9,81599.0,81005.6,81333.3,13068.658,2026-05-06 07:59:59.999000+00:00,1062947492.77730,381719,6485.356,527500552.14300,0
2026-05-06 08:00:00+00:00,81333.4,82828.7,81280.0,82485.4,52877.103,2026-05-06 11:59:59.999000+00:00,4341663169.49270,1000561,30141.345,2475022691.84190,0
2026-05-06 12:00:00+00:00,82485.3,82508.7,81073.1,81656.4,47013.667,2026-05-06 15:59:59.999000+00:00,3844219712.29180,1123250,22359.744,1828142467.61420,0
2026-05-06 16:00:00+00:00,81656.4,81855.0,81137.8,81416.5,14700.188,2026-05-06 19:59:59.999000+00:00,1197583221.49770,474428,6773.305,551847001.91440,0
2026-05-06 20:00:00+00:00,81416.5,81655.0,80929.8,81390.1,11205.031,2026-05-06 23:59:59.999000+00:00,911022725.39460,306009,5333.163,433672739.92000,0
2026-05-07 00:00:00+00:00,81390.0,81450.5,80767.1,80797.3,18369.798,2026-05-07 03:59:59.999000+00:00,1488327880.28990,481881,8892.662,720565164.08190,0
2026-05-07 04:00:00+00:00,80797.4,81680.6,80675.8,81480.1,19556.646,2026-05-07 07:59:59.999000+00:00,1587947801.41900,420372,10369.568,841850947.00930,0
2026-05-07 08:00:00+00:00,81480.0,81564.6,80521.8,80827.9,20018.567,2026-05-07 11:59:59.999000+00:00,1621031917.52560,457547,9072.952,734606103.52000,0
2026-05-07 12:00:00+00:00,80827.9,81158.7,79605.0,79861.6,40977.456,2026-05-07 15:59:59.999000+00:00,3290521533.59320,1007976,19230.799,1544463960.64130,0
2026-05-07 16:00:00+00:00,79861.5,80235.0,79461.5,80103.1,22970.036,2026-05-07 19:59:59.999000+00:00,1834941988.01220,661822,11453.439,915030171.97770,0
2026-05-07 20:00:00+00:00,80103.1,80331.6,79531.1,79969.4,12835.149,2026-05-07 23:59:59.999000+00:00,1024903881.46620,351147,6029.824,481558019.60500,0
2026-05-08 00:00:00+00:00,79969.5,80106.3,79137.4,79540.0,17479.539,2026-05-08 03:59:59.999000+00:00,1390801468.35360,463151,8418.823,669840785.24320,0
2026-05-08 04:00:00+00:00,79539.9,79743.8,79208.0,79635.0,12514.453,2026-05-08 07:59:59.999000+00:00,995022202.17400,334458,6601.735,524906502.24500,0
2026-05-08 08:00:00+00:00,79635.0,80287.0,79626.0,80181.9,19245.773,2026-05-08 11:59:59.999000+00:00,1539216614.38010,437614,10234.187,818482570.53630,0
2026-05-08 12:00:00+00:00,80181.8,80478.0,79507.6,80119.1,35525.912,2026-05-08 15:59:59.999000+00:00,2840006276.28150,908212,17558.942,1403779625.64510,0
2026-05-08 16:00:00+00:00,80119.1,80266.6,79692.4,80147.7,15204.84,2026-05-08 19:59:59.999000+00:00,1216731338.56300,500243,7818.304,625664176.77880,0
2026-05-08 20:00:00+00:00,80147.9,80376.0,80044.7,80155.2,6792.396,2026-05-08 23:59:59.999000+00:00,544795457.36730,194000,3431.091,275213023.03820,0
2026-05-09 00:00:00+00:00,80155.2,80542.0,80080.0,80340.6,7422.748,2026-05-09 03:59:59.999000+00:00,596198662.67390,202293,4030.729,323765827.77700,0
2026-05-09 04:00:00+00:00,80340.7,80641.8,80084.3,80181.7,10981.652,2026-05-09 07:59:59.999000+00:00,882117834.12860,228723,5349.391,429782251.89390,0
2026-05-09 08:00:00+00:00,80181.6,80422.3,80124.8,80310.4,7358.212,2026-05-09 11:59:59.999000+00:00,590763030.30430,168412,3832.716,307714298.69980,0
2026-05-09 12:00:00+00:00,80310.4,80566.0,80190.0,80488.3,9589.206,2026-05-09 15:59:59.999000+00:00,770510802.30140,199162,5311.380,426832812.15730,0
2026-05-09 16:00:00+00:00,80488.3,81043.2,80440.0,80896.9,15965.786,2026-05-09 19:59:59.999000+00:00,1289488251.40410,338976,8367.352,675730892.80390,0
2026-05-09 20:00:00+00:00,80897.1,80900.0,80569.0,80634.0,4639.73,2026-05-09 23:59:59.999000+00:00,374538994.28230,133817,2024.362,163423561.59820,0
2026-05-10 00:00:00+00:00,80634.0,80859.9,80533.7,80735.1,6239.685,2026-05-10 03:59:59.999000+00:00,503300909.92910,166954,3205.061,258537258.38070,0
2026-05-10 04:00:00+00:00,80735.2,80809.4,80619.6,80695.9,3918.369,2026-05-10 07:59:59.999000+00:00,316245259.74820,122691,1865.409,150555372.70250,0
2026-05-10 08:00:00+00:00,80695.9,80939.5,80641.5,80782.1,7173.695,2026-05-10 11:59:59.999000+00:00,579491539.51490,164241,4094.469,330758104.20110,0
2026-05-10 12:00:00+00:00,80782.1,81423.2,80743.2,81381.4,15739.641,2026-05-10 15:59:59.999000+00:00,1276106197.29070,318731,8471.269,686938459.72070,0
2026-05-10 16:00:00+00:00,81381.5,81587.9,81105.6,81398.0,15380.911,2026-05-10 19:59:59.999000+00:00,1251196581.04230,368419,8298.186,675132884.81780,0
2026-05-10 20:00:00+00:00,81398.0,82460.5,80225.1,82177.7,46498.502,2026-05-10 23:59:59.999000+00:00,3784527414.74000,1108291,23169.445,1886666306.04230,0
2026-05-11 00:00:00+00:00,82177.7,82350.0,80470.1,80693.4,34137.133,2026-05-11 03:59:59.999000+00:00,2773365307.47100,854672,15662.394,1272299962.58460,0
2026-05-11 04:00:00+00:00,80693.4,81033.3,80597.8,80708.9,11262.175,2026-05-11 07:59:59.999000+00:00,909809775.49170,300399,5813.753,469656681.66870,0
2026-05-11 08:00:00+00:00,80708.8,81172.6,80580.0,81167.1,10673.423,2026-05-11 11:59:59.999000+00:00,863823362.61860,293558,5688.447,460414830.81800,0
2026-05-11 12:00:00+00:00,81167.1,81434.8,80394.0,81403.4,29458.505,2026-05-11 15:59:59.999000+00:00,2386002925.98660,764001,14164.696,1147431424.15200,0
2026-05-11 16:00:00+00:00,81403.4,82098.9,81297.5,81917.1,27429.743,2026-05-11 19:59:59.999000+00:00,2243104830.19440,656646,13208.721,1080162832.88180,0
2026-05-11 20:00:00+00:00,81917.8,82051.1,81521.5,81699.1,9029.442,2026-05-11 23:59:59.999000+00:00,738364798.75330,265020,4549.764,372078956.62080,0
2026-05-12 00:00:00+00:00,81699.1,81757.3,80661.2,81028.3,20957.01,2026-05-12 03:59:59.999000+00:00,1700768459.30350,461427,10335.527,838735674.02640,0
2026-05-12 04:00:00+00:00,81028.3,81270.2,80756.0,80809.2,14722.452,2026-05-12 07:59:59.999000+00:00,1193197534.30110,290104,6941.694,562644260.79740,0
2026-05-12 08:00:00+00:00,80809.2,80930.7,80444.0,80742.7,16396.375,2026-05-12 11:59:59.999000+00:00,1323486531.56090,342353,8589.879,693428653.84500,0
2026-05-12 12:00:00+00:00,80742.7,80968.6,80143.0,80301.6,36183.842,2026-05-12 15:59:59.999000+00:00,2915363923.47130,837741,17951.408,1446420560.83490,0
2026-05-12 16:00:00+00:00,80301.6,80836.5,79801.0,80799.5,25607.157,2026-05-12 19:59:59.999000+00:00,2056045534.60480,565732,12912.061,1036948785.40640,0
2026-05-12 20:00:00+00:00,80799.6,80848.6,80393.9,80461.0,7447.12,2026-05-12 23:59:59.999000+00:00,600277756.85290,207465,3522.523,283921808.76040,0
2026-05-13 00:00:00+00:00,80461.0,81268.0,80364.5,81217.1,14181.69,2026-05-13 03:59:59.999000+00:00,1148035316.27360,368299,7739.131,626565476.02160,0
2026-05-13 04:00:00+00:00,81217.0,81253.5,80847.0,80981.9,9637.715,2026-05-13 07:59:59.999000+00:00,781080954.24650,216500,4630.901,375301532.24410,0
2026-05-13 08:00:00+00:00,80981.9,81270.2,80444.0,80460.1,17712.804,2026-05-13 11:59:59.999000+00:00,1432888920.52280,369456,8326.951,673933148.53470,0
2026-05-13 12:00:00+00:00,80460.0,80558.0,78753.1,78794.7,57778.155,2026-05-13 15:59:59.999000+00:00,4603721644.63260,1089227,28225.336,2249896827.72340,0
2026-05-13 16:00:00+00:00,78794.7,79776.2,78713.8,79604.8,29131.57,2026-05-13 19:59:59.999000+00:00,2307963777.63520,581843,14527.622,1150980858.16200,0
2026-05-13 20:00:00+00:00,79604.8,79729.1,79188.0,79288.3,11258.711,2026-05-13 23:59:59.999000+00:00,894099401.20290,282103,5618.852,446272969.64470,0
2026-05-14 00:00:00+00:00,79288.2,79659.9,78869.4,79005.3,18671.685,2026-05-14 03:59:59.999000+00:00,1481560616.23600,481529,9023.637,716021760.55780,0
2026-05-14 04:00:00+00:00,79005.4,79962.5,78934.8,79699.9,18751.597,2026-05-14 07:59:59.999000+00:00,1493324331.07190,448830,9756.496,776920745.66730,0
2026-05-14 08:00:00+00:00,79700.0,79900.0,79188.0,79216.6,13577.35,2026-05-14 11:59:59.999000+00:00,1080265977.72870,353668,6928.029,551202189.60940,0
2026-05-14 12:00:00+00:00,79216.7,81270.2,79196.4,81245.5,60173.208,2026-05-14 15:59:59.999000+00:00,4837407200.02670,1115385,32746.860,2632845182.73380,0
2026-05-14 16:00:00+00:00,81245.6,81999.0,81020.5,81373.7,54556.282,2026-05-14 19:59:59.999000+00:00,4448243954.07140,1045271,28277.659,2305671051.72040,0
2026-05-14 20:00:00+00:00,81373.8,81540.0,81007.9,81048.9,10153.503,2026-05-14 23:59:59.999000+00:00,825400738.94150,290562,5089.219,413748740.10700,0
2026-05-15 00:00:00+00:00,81048.8,81623.8,80706.9,81022.7,21653.619,2026-05-15 03:59:59.999000+00:00,1756886040.05020,577408,11514.558,934297466.83570,0
2026-05-15 04:00:00+00:00,81022.7,81073.2,80266.8,80782.8,26883.433,2026-05-15 07:59:59.999000+00:00,2166550743.37880,577220,13404.485,1080301618.69800,0
2026-05-15 08:00:00+00:00,80782.9,80793.0,80323.0,80582.1,13997.963,2026-05-15 11:59:59.999000+00:00,1127454909.23380,381566,6863.254,552783407.52510,0
2026-05-15 12:00:00+00:00,80582.0,80596.7,78610.0,79118.0,69441.517,2026-05-15 15:59:59.999000+00:00,5511324307.25480,1366098,34791.983,2760148838.67240,0
2026-05-15 16:00:00+00:00,79118.1,79532.1,79012.5,79104.2,14707.787,2026-05-15 19:59:59.999000+00:00,1165572719.26520,445597,6884.531,545680856.22480,0
2026-05-15 20:00:00+00:00,79104.3,79185.0,78861.6,79074.0,7139.186,2026-05-15 23:59:59.999000+00:00,564383953.07950,210301,3304.181,261220431.54200,0
2026-05-16 00:00:00+00:00,79074.0,79199.7,78970.4,79041.7,6619.717,2026-05-16 03:59:59.999000+00:00,523571723.07260,176015,3483.920,275564179.63880,0
2026-05-16 04:00:00+00:00,79041.7,79096.8,78000.4,78334.3,27621.111,2026-05-16 07:59:59.999000+00:00,2169356535.52100,519842,11612.156,911978213.58520,0
2026-05-16 08:00:00+00:00,78334.3,78527.8,77601.8,78042.5,28313.225,2026-05-16 11:59:59.999000+00:00,2208944923.19500,575554,13039.088,1017508191.50220,0
2026-05-16 12:00:00+00:00,78042.5,78327.0,77800.0,78194.1,12794.404,2026-05-16 15:59:59.999000+00:00,998536562.65200,321862,6941.189,541790737.71610,0
2026-05-16 16:00:00+00:00,78194.0,78337.4,78069.1,78223.8,6585.171,2026-05-16 19:59:59.999000+00:00,515024168.22980,185426,3336.723,260993010.15240,0
2026-05-16 20:00:00+00:00,78223.8,78287.8,78085.2,78104.2,4216.823,2026-05-16 23:59:59.999000+00:00,329770088.68630,115285,1942.452,151914893.77800,0
2026-05-17 00:00:00+00:00,78104.3,78213.9,77675.4,77990.2,13609.963,2026-05-17 03:59:59.999000+00:00,1060438503.15800,319195,6334.537,493609112.95360,0
2026-05-17 04:00:00+00:00,77990.2,78300.0,77957.2,78137.2,7162.403,2026-05-17 07:59:59.999000+00:00,559478275.29780,173597,3914.529,305808095.87780,0
2026-05-17 08:00:00+00:00,78137.3,78564.3,77992.1,78371.5,10980.395,2026-05-17 11:59:59.999000+00:00,859916916.38740,249462,5901.645,462231290.95510,0
2026-05-17 12:00:00+00:00,78371.4,78515.7,77800.0,78006.9,11904.251,2026-05-17 15:59:59.999000+00:00,929848675.61020,302136,5239.293,409315000.48800,0
2026-05-17 16:00:00+00:00,78006.9,78432.0,77811.5,78369.0,8566.532,2026-05-17 19:59:59.999000+00:00,668965319.52380,238793,4632.818,361853774.11470,0
2026-05-17 20:00:00+00:00,78368.9,78453.0,76666.0,77430.4,33994.125,2026-05-17 23:59:59.999000+00:00,2634300479.99260,652063,14315.898,1110131250.02970,0
2026-05-18 00:00:00+00:00,77430.4,77452.7,76668.8,76900.0,30154.057,2026-05-18 03:59:59.999000+00:00,2321823034.87920,802871,15338.155,1181045824.92700,0
2026-05-18 04:00:00+00:00,76900.1,77059.6,76534.5,77039.4,18240.676,2026-05-18 07:59:59.999000+00:00,1401918891.12040,462274,8754.598,672991985.86190,0
2026-05-18 08:00:00+00:00,77039.5,77375.0,76627.0,77255.0,17609.267,2026-05-18 11:59:59.999000+00:00,1355655206.33900,447467,9498.443,731277576.86770,0
2026-05-18 12:00:00+00:00,77255.1,77757.5,76014.2,76393.5,61736.012,2026-05-18 15:59:59.999000+00:00,4738758701.98040,1419479,29404.956,2257480315.51880,0
2026-05-18 16:00:00+00:00,76393.6,76963.7,76107.7,76898.5,33886.684,2026-05-18 19:59:59.999000+00:00,2592785759.82510,846919,17353.848,1327985391.30760,0
2026-05-18 20:00:00+00:00,76898.5,77187.3,76753.6,76963.2,16736.803,2026-05-18 23:59:59.999000+00:00,1288722529.27100,348863,7734.022,595608350.83450,0
2026-05-19 00:00:00+00:00,76963.2,77384.6,76451.3,76749.9,17833.975,2026-05-19 03:59:59.999000+00:00,1370790456.08260,460450,8949.709,687992695.19550,0
2026-05-19 04:00:00+00:00,76750.0,77247.7,76595.7,77200.4,12417.774,2026-05-19 07:59:59.999000+00:00,955579277.64620,345294,6668.299,513164456.09040,0
2026-05-19 08:00:00+00:00,77200.4,77291.3,76576.8,76677.1,15551.171,2026-05-19 11:59:59.999000+00:00,1195606157.02050,401621,7337.102,564092973.45680,0
2026-05-19 12:00:00+00:00,76677.0,77033.9,76107.1,76487.9,31454.773,2026-05-19 15:59:59.999000+00:00,2408465623.82360,819926,14629.300,1120248359.58450,0
2026-05-19 16:00:00+00:00,76488.0,77042.3,76377.0,76780.0,15271.39,2026-05-19 19:59:59.999000+00:00,1172251166.89630,437465,7386.480,567048653.89680,0
2026-05-19 20:00:00+00:00,76780.0,77003.1,76610.4,76799.9,6517.556,2026-05-19 23:59:59.999000+00:00,500685236.31720,200860,3126.380,240173508.83620,0
2026-05-20 00:00:00+00:00,76800.0,76900.0,76485.0,76689.6,14717.509,2026-05-20 03:59:59.999000+00:00,1128488669.71800,401633,6054.060,464177399.36440,0
2026-05-20 04:00:00+00:00,76689.6,77444.0,76650.0,77249.9,18552.191,2026-05-20 07:59:59.999000+00:00,1431542288.77730,386409,10395.921,802186485.11320,0
2026-05-20 08:00:00+00:00,77250.0,77639.3,77170.3,77351.2,16338.696,2026-05-20 11:59:59.999000+00:00,1265302393.92910,300549,8326.530,644878594.78510,0
2026-05-20 12:00:00+00:00,77351.2,77825.8,76855.0,77423.0,33242.241,2026-05-20 15:59:59.999000+00:00,2571666480.27260,886761,17131.426,1325609165.82410,0
2026-05-20 16:00:00+00:00,77423.0,77685.4,76975.0,77630.6,15341.814,2026-05-20 19:59:59.999000+00:00,1187396128.84250,478625,7554.439,584739965.00800,0
2026-05-20 20:00:00+00:00,77630.5,77735.6,77183.7,77510.3,9414.955,2026-05-20 23:59:59.999000+00:00,729627162.26410,288646,4766.175,369347515.50180,0
2026-05-21 00:00:00+00:00,77510.3,78150.0,77472.5,78039.1,17039.221,2026-05-21 03:59:59.999000+00:00,1327208891.90450,386736,9619.643,749322652.69450,0
2026-05-21 04:00:00+00:00,78039.2,78143.2,77485.1,77846.2,13018.714,2026-05-21 07:59:59.999000+00:00,1012504924.12530,290225,6225.707,484181171.42500,0
2026-05-21 08:00:00+00:00,77846.1,78180.0,77111.0,77157.4,23155.618,2026-05-21 11:59:59.999000+00:00,1795414035.16220,495041,11142.313,864067524.52470,0
2026-05-21 12:00:00+00:00,77157.3,77379.1,76696.7,77224.3,25558.755,2026-05-21 15:59:59.999000+00:00,1969131329.49570,736655,11970.979,922439760.29450,0
2026-05-21 16:00:00+00:00,77224.3,78063.8,76970.0,77657.1,32159.154,2026-05-21 19:59:59.999000+00:00,2496207106.80110,770270,16031.369,1244387064.58770,0
2026-05-21 20:00:00+00:00,77657.1,77777.2,77490.8,77586.2,6163.699,2026-05-21 23:59:59.999000+00:00,478660280.41230,187782,3048.217,236726328.10440,0
2026-05-22 00:00:00+00:00,77586.3,77775.9,77288.0,77740.0,7709.423,2026-05-22 03:59:59.999000+00:00,597876368.79240,249828,4127.891,320131273.74600,0
2026-05-22 04:00:00+00:00,77739.9,77862.7,77237.1,77366.9,12647.782,2026-05-22 07:59:59.999000+00:00,980057995.37510,262145,5976.437,463105588.29280,0
2026-05-22 08:00:00+00:00,77366.8,77505.7,77138.3,77394.8,8553.583,2026-05-22 11:59:59.999000+00:00,661080961.48830,243142,4482.790,346483985.45390,0
2026-05-22 12:00:00+00:00,77394.8,77548.5,76528.0,76756.5,33117.496,2026-05-22 15:59:59.999000+00:00,2548274980.57830,640040,16648.944,1280977262.59080,0
2026-05-22 16:00:00+00:00,76756.5,77070.1,75620.0,75827.1,36277.266,2026-05-22 19:59:59.999000+00:00,2766772732.74850,767973,16296.974,1243319352.99040,0
2026-05-22 20:00:00+00:00,75827.1,76054.1,75322.0,75513.1,17900.663,2026-05-22 23:59:59.999000+00:00,1355865912.20390,406221,7953.240,602538591.04510,0
2026-05-23 00:00:00+00:00,75513.1,75633.7,75184.9,75599.1,15436.518,2026-05-23 03:59:59.999000+00:00,1164318396.87180,369988,7779.463,586861805.49790,0
2026-05-23 04:00:00+00:00,75599.0,75620.0,74203.6,74573.1,31515.125,2026-05-23 07:59:59.999000+00:00,2359989281.88120,474257,13818.442,1034473327.60720,0
2026-05-23 08:00:00+00:00,74573.2,74839.1,74307.0,74763.3,20421.659,2026-05-23 11:59:59.999000+00:00,1523916754.33130,357435,11202.450,835975082.67650,0
2026-05-23 12:00:00+00:00,74763.3,75670.8,74620.9,75486.9,29233.849,2026-05-23 15:59:59.999000+00:00,2199168555.26160,483938,15789.547,1187872204.22420,0
2026-05-23 16:00:00+00:00,75487.0,76000.2,75333.3,75949.5,15418.261,2026-05-23 19:59:59.999000+00:00,1166892170.41170,377086,8842.500,669443851.18520,0
2026-05-23 20:00:00+00:00,75949.5,77427.0,75913.9,76715.2,41802.341,2026-05-23 23:59:59.999000+00:00,3205560978.18030,942156,22530.094,1727282301.51220,0
2026-05-24 00:00:00+00:00,76715.3,76983.1,76596.9,76702.8,10877.601,2026-05-24 03:59:59.999000+00:00,835392553.48860,276309,5278.029,405384739.18160,0
2026-05-24 04:00:00+00:00,76702.8,77040.0,76611.0,76771.3,9167.64,2026-05-24 07:59:59.999000+00:00,704016357.13240,218774,4815.737,369836340.50920,0
2026-05-24 08:00:00+00:00,76771.4,77600.0,76691.4,77289.5,17222.638,2026-05-24 11:59:59.999000+00:00,1328601459.87770,352488,10377.616,800748022.30440,0
2026-05-24 12:00:00+00:00,77289.5,77294.4,76159.7,76343.7,24088.222,2026-05-24 15:59:59.999000+00:00,1845747905.18430,525621,10759.615,824364692.50830,0
2026-05-24 16:00:00+00:00,76343.8,76777.0,76343.7,76738.5,9107.609,2026-05-24 19:59:59.999000+00:00,697741207.74300,275064,5089.889,389949833.06560,0
2026-05-24 20:00:00+00:00,76738.5,77193.4,76056.0,77030.3,20670.567,2026-05-24 23:59:59.999000+00:00,1583684957.62460,585882,10630.576,814809945.79190,0
2026-05-25 00:00:00+00:00,77030.3,77450.6,76871.4,76989.0,14649.301,2026-05-25 03:59:59.999000+00:00,1130007698.35290,441971,7498.755,578537578.60410,0
2026-05-25 04:00:00+00:00,76989.0,77677.6,76950.0,77377.0,14584.247,2026-05-25 07:59:59.999000+00:00,1127868018.04890,367278,8043.678,622134264.62590,0
2026-05-25 08:00:00+00:00,77376.9,77699.0,77241.7,77318.2,13640.885,2026-05-25 11:59:59.999000+00:00,1056841083.96780,254177,7668.420,594143654.83820,0
2026-05-25 12:00:00+00:00,77318.2,77887.9,77244.8,77587.2,15234.635,2026-05-25 15:59:59.999000+00:00,1181053435.07810,360327,7633.145,591877177.10370,0
2026-05-25 16:00:00+00:00,77587.2,77784.9,77313.0,77403.3,9008.916,2026-05-25 19:59:59.999000+00:00,698738701.81530,227559,4041.878,313531230.91040,0
2026-05-25 20:00:00+00:00,77403.4,77472.0,77011.3,77281.5,9590.424,2026-05-25 23:59:59.999000+00:00,740809121.19860,279693,4735.664,365830639.92630,0
2026-05-26 00:00:00+00:00,77281.5,77319.6,76434.0,76629.0,18506.397,2026-05-26 03:59:59.999000+00:00,1420277458.75080,468813,8642.264,663139246.81660,0
2026-05-26 04:00:00+00:00,76629.0,77045.9,76556.9,76685.1,12547.087,2026-05-26 07:59:59.999000+00:00,963092481.32420,266435,6389.906,490487101.63670,0
2026-05-26 08:00:00+00:00,76685.0,77600.0,76543.8,77153.9,20838.26,2026-05-26 11:59:59.999000+00:00,1607446034.71220,478272,10729.755,827695874.17750,0
2026-05-26 12:00:00+00:00,77153.8,78077.1,76234.7,76478.2,66727.635,2026-05-26 15:59:59.999000+00:00,5141206387.05840,1304064,32810.586,2528944685.44180,0
2026-05-26 16:00:00+00:00,76478.2,76678.7,75711.0,76028.3,35332.115,2026-05-26 19:59:59.999000+00:00,2689693662.35610,849265,17829.605,1357429607.33130,0
2026-05-26 20:00:00+00:00,76028.4,76157.8,75641.2,75905.5,10968.588,2026-05-26 23:59:59.999000+00:00,832340266.08400,298801,5396.191,409471124.88570,0
2026-05-27 00:00:00+00:00,75905.6,76083.9,75555.1,75635.6,12261.144,2026-05-27 03:59:59.999000+00:00,929872722.43890,338048,6033.083,457586206.90190,0
2026-05-27 04:00:00+00:00,75635.6,75940.0,75277.8,75935.0,18142.226,2026-05-27 07:59:59.999000+00:00,1371472423.86370,367623,8911.101,673758155.52700,0
2026-05-27 08:00:00+00:00,75935.0,76038.0,75666.0,75737.9,12192.202,2026-05-27 11:59:59.999000+00:00,925087708.27810,279312,5755.866,436752785.33330,0
2026-05-27 12:00:00+00:00,75737.9,76155.5,74735.7,75300.0,51264.201,2026-05-27 15:59:59.999000+00:00,3856472355.44950,1202475,25040.984,1883584504.05710,0
2026-05-27 16:00:00+00:00,75300.0,75382.6,74632.0,75039.9,22646.635,2026-05-27 19:59:59.999000+00:00,1698207764.14880,590078,10652.264,798844173.01710,0
2026-05-27 20:00:00+00:00,75039.8,75391.0,74210.0,74418.1,28209.053,2026-05-27 23:59:59.999000+00:00,2103668956.36540,671224,12488.284,931503849.02170,0
2026-05-28 00:00:00+00:00,74418.0,74565.3,73036.0,73224.5,43587.778,2026-05-28 03:59:59.999000+00:00,3215181739.55870,880477,19004.770,1402035202.94760,0
2026-05-28 04:00:00+00:00,73224.4,73485.0,72667.9,73467.0,34578.879,2026-05-28 07:59:59.999000+00:00,2525874398.92560,715980,17860.702,1304917013.54070,0
2026-05-28 08:00:00+00:00,73467.0,73592.1,73167.4,73479.1,13907.056,2026-05-28 11:59:59.999000+00:00,1020675016.86890,379381,6542.199,480147412.11920,0
2026-05-28 12:00:00+00:00,73479.0,73557.3,72556.0,72899.1,51087.566,2026-05-28 15:59:59.999000+00:00,3730751998.52190,1097281,26575.580,1940868086.87350,0
2026-05-28 16:00:00+00:00,72899.0,73723.0,72704.0,73393.5,22552.945,2026-05-28 19:59:59.999000+00:00,1655000257.41560,560363,11359.574,833573895.44360,0
2026-05-28 20:00:00+00:00,73393.4,73932.2,73212.3,73591.4,13731.453,2026-05-28 23:59:59.999000+00:00,1010830298.86470,329117,7342.145,540585631.53490,0
2026-05-29 00:00:00+00:00,73591.4,73844.0,73158.8,73269.2,11820.268,2026-05-29 03:59:59.999000+00:00,868975183.61480,364918,5371.109,394948316.88650,0
2026-05-29 04:00:00+00:00,73269.1,73908.6,73171.8,73488.0,15653.651,2026-05-29 07:59:59.999000+00:00,1151125702.53770,342477,8138.994,598528125.13430,0
2026-05-29 08:00:00+00:00,73488.1,73866.8,73305.1,73447.6,11771.654,2026-05-29 11:59:59.999000+00:00,867119066.92720,290842,5738.728,422784637.19540,0
2026-05-29 12:00:00+00:00,73447.5,74177.0,72436.0,73775.4,59474.916,2026-05-29 15:59:59.999000+00:00,4359807910.30120,1264658,29019.254,2127631283.12550,0
2026-05-29 16:00:00+00:00,73775.4,74293.1,73057.8,73489.0,36329.068,2026-05-29 19:59:59.999000+00:00,2680754498.23350,807473,17162.807,1266788221.36660,0
2026-05-29 20:00:00+00:00,73489.0,73829.2,73279.3,73428.2,11107.625,2026-05-29 23:59:59.999000+00:00,816456901.72790,260231,5303.389,389802076.20950,0
2026-05-30 00:00:00+00:00,73428.2,73757.9,73367.3,73492.4,7948.491,2026-05-30 03:59:59.999000+00:00,584831084.37390,200681,3937.667,289703150.98760,0
2026-05-30 04:00:00+00:00,73492.4,73685.0,73130.1,73513.9,12144.772,2026-05-30 07:59:59.999000+00:00,891781693.37740,253533,6727.262,494040749.18560,0
2026-05-30 08:00:00+00:00,73514.0,73648.0,73470.5,73567.9,4484.973,2026-05-30 11:59:59.999000+00:00,329909217.90850,113591,2284.993,168073348.86410,0
2026-05-30 12:00:00+00:00,73568.0,74078.6,73556.4,73888.0,13500.653,2026-05-30 15:59:59.999000+00:00,997104994.95870,268410,7800.222,576103992.74050,0
2026-05-30 16:00:00+00:00,73888.0,74108.8,73772.5,73980.1,8324.565,2026-05-30 19:59:59.999000+00:00,615596769.78090,177868,4186.309,309577792.66250,0
2026-05-30 20:00:00+00:00,73980.0,74028.3,73750.0,73856.8,6140.232,2026-05-30 23:59:59.999000+00:00,453674842.15860,156272,3074.843,227172024.32900,0
2026-05-31 00:00:00+00:00,73856.9,74250.0,73821.4,74107.6,10535.051,2026-05-31 03:59:59.999000+00:00,780156316.92260,272190,5246.831,388598194.97690,0
2026-05-31 04:00:00+00:00,74107.5,74194.6,73793.2,73833.3,6718.924,2026-05-31 07:59:59.999000+00:00,497228296.47280,158970,3060.695,226490455.86010,0
2026-05-31 08:00:00+00:00,73833.2,73998.9,73701.0,73913.6,6299.825,2026-05-31 11:59:59.999000+00:00,465303357.16240,160434,3087.505,228062709.17940,0
2026-05-31 12:00:00+00:00,73913.6,73997.8,73388.0,73613.5,14325.411,2026-05-31 15:59:59.999000+00:00,1055074049.06770,304005,6671.766,491416401.70570,0
2026-05-31 16:00:00+00:00,73613.4,73704.0,73340.7,73521.9,7969.289,2026-05-31 19:59:59.999000+00:00,585934068.67050,213359,3777.786,277787030.19320,0
2026-05-31 20:00:00+00:00,73521.9,74179.9,73470.8,73653.2,12392.959,2026-05-31 23:59:59.999000+00:00,914462122.68830,332238,6859.507,506170192.65740,0
2026-06-01 00:00:00+00:00,73653.2,74070.5,73171.0,73731.3,18398.144,2026-06-01 03:59:59.999000+00:00,1355403079.81110,531260,8825.064,650157392.79370,0
2026-06-01 04:00:00+00:00,73731.4,73815.9,72668.0,72776.1,22007.162,2026-06-01 07:59:59.999000+00:00,1610002118.51540,534472,10406.857,761515017.38530,0
2026-06-01 08:00:00+00:00,72776.1,73084.0,72188.0,72452.8,27389.75,2026-06-01 11:59:59.999000+00:00,1990613907.62580,532592,12099.800,879785456.00220,0
2026-06-01 12:00:00+00:00,72452.7,72583.7,71035.3,71099.4,86549.322,2026-06-01 15:59:59.999000+00:00,6209048914.15920,1612148,44473.737,3191482280.77930,0
2026-06-01 16:00:00+00:00,71099.5,71788.5,70650.9,71571.0,38288.275,2026-06-01 19:59:59.999000+00:00,2729370981.34770,796854,19052.867,1358436863.39110,0
2026-06-01 20:00:00+00:00,71571.0,71670.0,70806.0,71391.5,20838.475,2026-06-01 23:59:59.999000+00:00,1484433726.91330,451046,10132.255,721790991.96700,0
2026-06-02 00:00:00+00:00,71391.5,71397.0,70038.0,70920.7,34734.101,2026-06-02 03:59:59.999000+00:00,2456369891.05490,852326,16698.269,1181489550.56050,0
2026-06-02 04:00:00+00:00,70920.8,71022.7,69666.8,70079.4,38610.039,2026-06-02 07:59:59.999000+00:00,2712857957.00520,870271,18117.052,1273084001.08070,0
2026-06-02 08:00:00+00:00,70079.5,70146.2,69277.8,69430.2,31530.799,2026-06-02 11:59:59.999000+00:00,2194122591.70390,763253,15709.114,1093165220.58990,0
2026-06-02 12:00:00+00:00,69430.2,69514.6,67035.5,67274.0,107503.754,2026-06-02 15:59:59.999000+00:00,7331548815.96110,2042256,51075.118,3483658884.35210,0
2026-06-02 16:00:00+00:00,67274.0,68121.9,66388.0,67286.7,70497.295,2026-06-02 19:59:59.999000+00:00,4746640134.49860,1237260,33323.371,2244553182.05950,0
2026-06-02 20:00:00+00:00,67286.7,67899.9,66150.7,66730.0,63826.164,2026-06-02 23:59:59.999000+00:00,4270965779.10410,1361990,31281.551,2095091369.54770,0
2026-06-03 00:00:00+00:00,66730.1,67195.7,65359.1,65818.4,59070.502,2026-06-03 03:59:59.999000+00:00,3921781971.42280,1089648,27478.598,1824608160.26340,0
2026-06-03 04:00:00+00:00,65818.3,67493.8,65791.4,67186.7,54095.531,2026-06-03 07:59:59.999000+00:00,3619709211.54140,1043284,28871.402,1932671195.32180,0
2026-06-03 08:00:00+00:00,67186.7,67448.0,66620.0,67040.1,36554.161,2026-06-03 11:59:59.999000+00:00,2450477523.84050,620007,17222.772,1154811383.56270,0
2026-06-03 12:00:00+00:00,67040.1,67220.2,66036.2,66046.5,45358.494,2026-06-03 15:59:59.999000+00:00,3023807939.71880,1339639,21333.141,1422937042.00720,0
2026-06-03 16:00:00+00:00,66046.6,66359.4,65199.0,65428.6,52731.38,2026-06-03 19:59:59.999000+00:00,3469710464.07410,1293070,23842.883,1569422320.29690,0
2026-06-03 20:00:00+00:00,65428.5,65829.4,64050.8,64117.7,63091.47,2026-06-03 23:59:59.999000+00:00,4100294287.44970,1581277,30465.188,1980799613.50950,0
2026-06-04 00:00:00+00:00,64117.7,64495.9,61344.8,64336.2,138498.717,2026-06-04 03:59:59.999000+00:00,8739852727.32740,3096867,66302.048,4185844561.11070,0
2026-06-04 04:00:00+00:00,64336.2,64739.8,63450.0,63561.7,48763.085,2026-06-04 07:59:59.999000+00:00,3123075291.46940,1257531,23906.214,1531387783.12570,0
2026-06-04 08:00:00+00:00,63561.8,63875.9,62150.8,62520.7,83019.001,2026-06-04 11:59:59.999000+00:00,5211583063.07500,1843677,41859.012,2626810737.39410,0
2026-06-04 12:00:00+00:00,62520.7,64463.7,62344.1,63864.8,82851.335,2026-06-04 15:59:59.999000+00:00,5276615426.39120,2302369,42793.713,2725545338.99680,0
2026-06-04 16:00:00+00:00,63864.8,64150.8,62910.0,63600.3,47629.314,2026-06-04 19:59:59.999000+00:00,3029259731.28470,1360727,24510.171,1559464532.69600,0
2026-06-04 20:00:00+00:00,63600.2,63897.0,63040.0,63853.4,30413.159,2026-06-04 23:59:59.999000+00:00,1930264164.19130,1013414,13945.289,885216384.77840,0
2026-06-05 00:00:00+00:00,63853.4,63955.0,62300.0,62699.7,39487.449,2026-06-05 03:59:59.999000+00:00,2487135432.98280,1203491,19264.248,1213597646.51980,0
2026-06-05 04:00:00+00:00,62700.0,63674.9,61067.6,63075.6,95582.01,2026-06-05 07:59:59.999000+00:00,5955419164.69380,2653720,47225.783,2943715496.77330,0
2026-06-05 08:00:00+00:00,63075.5,63231.8,61928.3,61929.5,37751.827,2026-06-05 11:59:59.999000+00:00,2363325408.88470,1202884,17992.497,1126582540.91240,0
2026-06-05 12:00:00+00:00,61929.6,62437.5,60005.8,60400.8,115682.492,2026-06-05 15:59:59.999000+00:00,7060715959.43850,2920835,55705.082,3401176319.40030,0
2026-06-05 16:00:00+00:00,60400.8,61550.0,59080.0,60267.7,127122.155,2026-06-05 19:59:59.999000+00:00,7663202911.18090,3003760,59915.094,3613914455.81700,0
2026-06-05 20:00:00+00:00,60267.4,61985.1,59903.8,61022.0,62535.952,2026-06-05 23:59:59.999000+00:00,3831579932.74370,2016872,32504.992,1991469506.25110,0
2026-06-06 00:00:00+00:00,61022.0,61500.0,60490.0,60662.6,23442.856,2026-06-06 03:59:59.999000+00:00,1430268014.12060,897844,10646.056,649559719.06110,0
2026-06-06 04:00:00+00:00,60662.6,61250.0,59451.3,60975.2,61769.424,2026-06-06 07:59:59.999000+00:00,3734826681.81940,1869746,31387.688,1898091645.39780,0
2026-06-06 08:00:00+00:00,60975.2,61475.0,60146.0,60773.5,34049.199,2026-06-06 11:59:59.999000+00:00,2070379319.43060,979054,16548.456,1006919483.31820,0
2026-06-06 12:00:00+00:00,60773.5,61173.5,60353.4,60754.1,26083.469,2026-06-06 15:59:59.999000+00:00,1586013299.52210,833100,12651.297,769355714.34910,0
2026-06-06 16:00:00+00:00,60754.2,60949.9,60363.0,60563.9,15773.432,2026-06-06 19:59:59.999000+00:00,956216288.44820,580020,7471.469,452963435.61060,0
2026-06-06 20:00:00+00:00,60563.9,60969.2,60390.0,60849.7,13642.463,2026-06-06 23:59:59.999000+00:00,827770487.17410,453388,7140.693,433270128.01170,0
2026-06-07 00:00:00+00:00,60849.7,61763.9,60708.0,61671.1,26805.32,2026-06-07 03:59:59.999000+00:00,1644178716.65140,772806,15020.671,921602001.13880,0
2026-06-07 04:00:00+00:00,61671.1,62380.0,61447.2,62366.0,33448.333,2026-06-07 07:59:59.999000+00:00,2072566204.89450,790392,19120.428,1185098717.22440,0
2026-06-07 08:00:00+00:00,62366.0,62942.4,62217.4,62598.8,34727.841,2026-06-07 11:59:59.999000+00:00,2172108635.94140,795780,17254.870,1079408448.39480,0
2026-06-07 12:00:00+00:00,62598.8,62617.7,61509.1,62071.6,44650.304,2026-06-07 15:59:59.999000+00:00,2764411303.55680,1112677,21533.017,1333243522.05170,0
2026-06-07 16:00:00+00:00,62071.7,62327.0,61150.2,61303.8,26818.748,2026-06-07 19:59:59.999000+00:00,1656006080.23680,733696,12336.406,762075344.04440,0
2026-06-07 20:00:00+00:00,61303.7,64250.0,61189.7,63298.5,51028.487,2026-06-07 23:59:59.999000+00:00,3208442581.06390,1420106,27361.053,1720424631.50470,0
2026-06-08 00:00:00+00:00,63299.0,63849.5,62676.8,63101.6,30516.736,2026-06-08 03:59:59.999000+00:00,1929083222.34130,1035901,15610.141,987071053.83050,0
2026-06-08 04:00:00+00:00,63101.6,63320.9,62377.0,63259.9,24789.068,2026-06-08 07:59:59.999000+00:00,1557969368.41750,792135,12635.161,794322736.86840,0
2026-06-08 08:00:00+00:00,63259.9,63861.3,62955.7,63450.1,28239.331,2026-06-08 11:59:59.999000+00:00,1789052697.19790,794747,14345.111,909044398.85160,0
2026-06-08 12:00:00+00:00,63450.1,64179.5,62658.4,63745.4,59094.067,2026-06-08 15:59:59.999000+00:00,3758003490.18200,1608766,30794.267,1958477369.88550,0
2026-06-08 16:00:00+00:00,63745.3,64029.5,63209.6,63348.2,21761.634,2026-06-08 19:59:59.999000+00:00,1382594693.49170,750664,9948.483,632146660.55210,0
2026-06-08 20:00:00+00:00,63348.3,63832.5,62939.7,63057.9,20040.217,2026-06-08 23:59:59.999000+00:00,1269445790.87120,570956,10110.922,640672804.92920,0
2026-06-09 00:00:00+00:00,63057.9,63157.3,62381.2,62841.0,30323.516,2026-06-09 03:59:59.999000+00:00,1901352116.13040,832030,14872.981,932561927.09430,0
2026-06-09 04:00:00+00:00,62841.1,63499.9,62715.4,63170.8,25943.769,2026-06-09 07:59:59.999000+00:00,1640087627.52250,597077,13261.602,838287088.41370,0
2026-06-09 08:00:00+00:00,63170.9,63183.0,62457.5,62679.4,24571.806,2026-06-09 11:59:59.999000+00:00,1541375120.19170,573665,10990.258,689478966.03090,0
2026-06-09 12:00:00+00:00,62679.5,62868.2,61001.0,61100.7,71792.227,2026-06-09 15:59:59.999000+00:00,4435173675.15210,1667448,34166.076,2110783097.81980,0
2026-06-09 16:00:00+00:00,61100.6,62079.5,60755.0,62068.8,51223.379,2026-06-09 19:59:59.999000+00:00,3143789652.00750,1355482,25784.192,1583101686.18120,0
2026-06-09 20:00:00+00:00,62068.9,62253.2,61519.0,61695.0,17544.777,2026-06-09 23:59:59.999000+00:00,1085449504.60450,473587,8322.497,514921195.12500,0
2026-06-10 00:00:00+00:00,61694.9,61947.4,61201.0,61518.2,19223.281,2026-06-10 03:59:59.999000+00:00,1183322354.82370,677793,9424.814,580228168.73850,0
2026-06-10 04:00:00+00:00,61518.3,61783.4,61045.7,61654.3,19444.11,2026-06-10 07:59:59.999000+00:00,1193822642.08990,556646,9656.702,592912931.39020,0
2026-06-10 08:00:00+00:00,61654.3,61707.6,60691.9,61003.1,33088.168,2026-06-10 11:59:59.999000+00:00,2023301636.58670,868105,15827.847,968017720.66670,0
2026-06-10 12:00:00+00:00,61003.1,62840.2,60930.0,62604.8,66353.205,2026-06-10 15:59:59.999000+00:00,4111665829.03000,1736223,34805.269,2157205871.55740,0
2026-06-10 16:00:00+00:00,62604.7,62617.1,61552.0,61908.7,31582.234,2026-06-10 19:59:59.999000+00:00,1957504198.45480,1005892,15365.037,952389715.55740,0
2026-06-10 20:00:00+00:00,61908.7,61921.2,61068.6,61483.7,23363.266,2026-06-10 23:59:59.999000+00:00,1435003212.82950,700963,11692.018,718110403.24630,0
2026-06-11 00:00:00+00:00,61483.6,62922.0,61483.6,62657.5,28940.197,2026-06-11 03:59:59.999000+00:00,1799401026.87930,753021,16201.568,1007894290.57450,0
2026-06-11 04:00:00+00:00,62657.5,62993.4,62507.9,62693.3,22029.355,2026-06-11 07:59:59.999000+00:00,1381399804.07640,520004,11012.510,690728645.36990,0
2026-06-11 08:00:00+00:00,62693.2,63235.9,62691.7,63078.0,26302.203,2026-06-11 11:59:59.999000+00:00,1657072118.32010,467737,15320.313,965552417.68840,0
2026-06-11 12:00:00+00:00,63078.0,63200.0,62455.8,62721.1,50133.343,2026-06-11 15:59:59.999000+00:00,3150494448.25960,1160779,24573.723,1544431431.04860,0
2026-06-11 16:00:00+00:00,62721.2,63915.3,62315.0,63567.6,52994.312,2026-06-11 19:59:59.999000+00:00,3352302292.09100,1206398,29350.722,1857252825.43510,0
2026-06-11 20:00:00+00:00,63567.7,63712.3,63235.8,63597.9,13595.164,2026-06-11 23:59:59.999000+00:00,862975827.86880,357006,7128.293,452515836.04770,0
2026-06-12 00:00:00+00:00,63598.0,63777.0,63271.6,63490.0,14144.616,2026-06-12 03:59:59.999000+00:00,898536470.45180,408680,7273.659,462090970.73110,0
2026-06-12 04:00:00+00:00,63490.1,63843.2,62800.0,63066.5,25276.191,2026-06-12 07:59:59.999000+00:00,1599266207.21990,554959,12615.508,798269567.31080,0
2026-06-12 08:00:00+00:00,63066.5,63929.9,63063.9,63729.4,22081.286,2026-06-12 11:59:59.999000+00:00,1404794873.81680,513478,11312.219,719611649.82620,0
2026-06-12 12:00:00+00:00,63729.4,64362.6,63020.6,63557.0,55108.343,2026-06-12 15:59:59.999000+00:00,3512614880.91020,1236076,28435.769,1812925152.98480,0
2026-06-12 16:00:00+00:00,63557.1,64083.3,63477.5,63555.1,19010.236,2026-06-12 19:59:59.999000+00:00,1212352064.27000,603115,9857.852,628728934.00610,0
2026-06-12 20:00:00+00:00,63555.0,63664.4,63352.3,63547.0,10103.11,2026-06-12 23:59:59.999000+00:00,641505995.84590,269811,5051.860,320786608.59460,0
2026-06-13 00:00:00+00:00,63547.0,63828.4,63360.0,63494.4,10105.104,2026-06-13 03:59:59.999000+00:00,642749532.96570,241465,4664.263,296701667.05250,0
2026-06-13 04:00:00+00:00,63494.4,63879.0,63444.9,63823.9,9018.379,2026-06-13 07:59:59.999000+00:00,574314930.08020,204701,4558.036,290241278.76850,0
2026-06-13 08:00:00+00:00,63823.9,63949.9,63683.1,63936.1,9974.924,2026-06-13 11:59:59.999000+00:00,636596099.54920,213565,5023.388,320613404.61190,0
2026-06-13 12:00:00+00:00,63936.1,64323.0,63882.6,64265.0,16226.176,2026-06-13 15:59:59.999000+00:00,1040595332.79140,320189,8604.502,551852273.59060,0
2026-06-13 16:00:00+00:00,64265.1,64298.7,63862.9,64264.2,17406.503,2026-06-13 19:59:59.999000+00:00,1115155316.43430,334907,8306.072,532130275.53530,0
2026-06-13 20:00:00+00:00,64264.2,64738.0,64189.6,64418.2,13430.301,2026-06-13 23:59:59.999000+00:00,865670119.09070,290901,7611.933,490745813.97690,0
2026-06-14 00:00:00+00:00,64418.3,64682.2,64338.8,64515.0,9988.194,2026-06-14 03:59:59.999000+00:00,644327325.45680,244890,5211.870,336222714.87300,0
2026-06-14 04:00:00+00:00,64515.0,64532.8,64186.5,64392.0,10509.099,2026-06-14 07:59:59.999000+00:00,675989622.63190,217545,5060.793,325554030.06940,0
2026-06-14 08:00:00+00:00,64392.1,64640.6,64281.1,64511.7,9126.59,2026-06-14 11:59:59.999000+00:00,588598932.29230,209771,4481.927,289068809.68650,0
2026-06-14 12:00:00+00:00,64511.7,64531.2,63830.0,63995.2,18995.108,2026-06-14 15:59:59.999000+00:00,1218082058.83560,380087,8673.265,556179157.83750,0
2026-06-14 16:00:00+00:00,63995.2,64183.4,63650.0,63777.3,13323.248,2026-06-14 19:59:59.999000+00:00,850644322.78740,291497,6649.268,424512850.92000,0
2026-06-14 20:00:00+00:00,63777.4,65775.0,63761.5,65702.1,54791.219,2026-06-14 23:59:59.999000+00:00,3565714383.12860,1076667,30472.850,1982808164.16270,0
2026-06-15 00:00:00+00:00,65702.1,65996.8,65314.3,65894.7,28160.734,2026-06-15 03:59:59.999000+00:00,1848301923.99510,607402,14228.924,934090061.59250,0
2026-06-15 04:00:00+00:00,65894.6,65978.1,65577.8,65642.3,15857.095,2026-06-15 07:59:59.999000+00:00,1042807670.21400,364703,7700.001,506354550.28350,0
2026-06-15 08:00:00+00:00,65642.4,66346.2,65469.0,66192.0,30586.233,2026-06-15 11:59:59.999000+00:00,2016232991.57850,538226,17589.172,1159395050.61920,0
2026-06-15 12:00:00+00:00,66192.0,67255.4,66056.4,67248.5,54335.312,2026-06-15 15:59:59.999000+00:00,3619919632.30710,1043029,28103.389,1873093376.45560,0
2026-06-15 16:00:00+00:00,67248.5,67254.5,66302.4,66579.2,25502.782,2026-06-15 19:59:59.999000+00:00,1705164783.65890,629241,11920.500,796996004.81990,0
2026-06-15 20:00:00+00:00,66579.1,66658.2,66065.1,66285.9,13510.785,2026-06-15 23:59:59.999000+00:00,895942129.86510,396712,6627.034,439469779.20080,0
2026-06-16 00:00:00+00:00,66285.9,66426.9,65607.1,66125.4,21435.498,2026-06-16 03:59:59.999000+00:00,1415172799.31120,508264,10184.277,672406297.59190,0
2026-06-16 04:00:00+00:00,66125.4,66543.5,65768.7,66341.7,18657.417,2026-06-16 07:59:59.999000+00:00,1234608975.47130,433591,9946.601,658408775.25390,0
2026-06-16 08:00:00+00:00,66341.8,66956.7,66310.5,66456.0,21615.635,2026-06-16 11:59:59.999000+00:00,1439650875.15450,492484,10953.326,729546066.71310,0
2026-06-16 12:00:00+00:00,66456.0,66787.1,65328.8,65841.8,40814.157,2026-06-16 15:59:59.999000+00:00,2691993888.90890,1023928,19969.765,1317279233.20320,0
2026-06-16 16:00:00+00:00,65841.8,66246.1,65529.0,65653.2,17111.255,2026-06-16 19:59:59.999000+00:00,1126158733.19290,491990,8525.672,561224919.45900,0
2026-06-16 20:00:00+00:00,65653.2,65908.4,65561.3,65644.8,9472.464,2026-06-16 23:59:59.999000+00:00,622581169.37770,236575,4878.405,320654705.78530,0
2026-06-17 00:00:00+00:00,65644.8,66092.5,65427.9,65818.6,12292.334,2026-06-17 03:59:59.999000+00:00,808287424.80670,375667,6037.392,397077055.98220,0
2026-06-17 04:00:00+00:00,65818.6,66019.0,65200.0,65504.0,16732.999,2026-06-17 07:59:59.999000+00:00,1097412478.45950,361191,7672.964,503385194.41760,0
2026-06-17 08:00:00+00:00,65503.9,65549.8,64525.0,64774.5,31844.178,2026-06-17 11:59:59.999000+00:00,2066962391.87090,636474,15439.282,1002039683.50560,0
2026-06-17 12:00:00+00:00,64774.6,65834.1,64550.7,65712.7,37758.911,2026-06-17 15:59:59.999000+00:00,2459286405.33280,900918,20128.973,1311235446.76550,0
2026-06-17 16:00:00+00:00,65712.7,66419.2,64015.0,64271.3,79252.604,2026-06-17 19:59:59.999000+00:00,5173461760.90950,1817784,38233.431,2496516703.20600,0
2026-06-17 20:00:00+00:00,64271.4,64495.3,63881.2,64472.9,21605.273,2026-06-17 23:59:59.999000+00:00,1388305256.31030,539104,11309.811,726992587.57670,0
2026-06-18 00:00:00+00:00,64472.9,64780.0,64228.9,64255.0,14714.901,2026-06-18 03:59:59.999000+00:00,949420931.74080,402746,7145.024,461073283.74310,0
2026-06-18 04:00:00+00:00,64255.0,64491.1,63660.1,64470.3,26503.476,2026-06-18 07:59:59.999000+00:00,1696660994.87930,597823,13291.225,851068813.38070,0
2026-06-18 08:00:00+00:00,64470.4,64631.5,63855.0,63940.1,20589.638,2026-06-18 11:59:59.999000+00:00,1321723654.35410,446917,9410.783,604163610.16470,0
2026-06-18 12:00:00+00:00,63940.1,64423.4,62232.1,62337.8,71085.58,2026-06-18 15:59:59.999000+00:00,4507800633.71590,1373174,34290.895,2175355565.42290,0
2026-06-18 16:00:00+00:00,62337.8,62985.0,62241.0,62925.4,39773.529,2026-06-18 19:59:59.999000+00:00,2491236008.08310,831534,21080.630,1320487601.90220,0
2026-06-18 20:00:00+00:00,62925.3,63266.8,62710.5,62924.1,15031.592,2026-06-18 23:59:59.999000+00:00,946503192.01230,353607,7173.504,451716714.13310,0
2026-06-19 00:00:00+00:00,62924.0,63088.0,62237.2,62745.1,18794.133,2026-06-19 03:59:59.999000+00:00,1178822477.63260,419600,8762.580,549805039.88230,0
2026-06-19 04:00:00+00:00,62745.1,62896.8,62375.7,62592.4,17304.688,2026-06-19 07:59:59.999000+00:00,1083863883.90230,414249,8686.424,544059210.87920,0
2026-06-19 08:00:00+00:00,62592.4,62758.1,62272.4,62600.0,16397.734,2026-06-19 11:59:59.999000+00:00,1024642139.08930,413732,8251.066,515587842.15310,0
2026-06-19 12:00:00+00:00,62600.0,63410.3,62315.2,63193.0,32841.195,2026-06-19 15:59:59.999000+00:00,2068679207.58340,766395,17827.025,1123026475.48470,0
2026-06-19 16:00:00+00:00,63193.1,63376.6,62836.6,63001.9,15117.889,2026-06-19 19:59:59.999000+00:00,953835051.31970,437094,7498.523,473203066.28540,0
2026-06-19 20:00:00+00:00,63001.8,63645.0,62926.2,63512.6,11771.242,2026-06-19 23:59:59.999000+00:00,745083970.32380,270562,7233.107,457967259.35340,0
2026-06-20 00:00:00+00:00,63512.5,63757.2,63283.5,63440.5,12770.433,2026-06-20 03:59:59.999000+00:00,810784555.35180,330207,6284.074,399037221.63670,0
2026-06-20 04:00:00+00:00,63440.5,63894.0,63367.6,63625.0,14008.791,2026-06-20 07:59:59.999000+00:00,891944262.15720,300243,7590.114,483318811.78490,0
2026-06-20 08:00:00+00:00,63625.0,63770.0,63360.0,63651.3,12183.381,2026-06-20 11:59:59.999000+00:00,774382419.84370,248795,5760.456,366189130.40300,0
2026-06-20 12:00:00+00:00,63651.4,64370.9,63136.2,64139.5,36115.681,2026-06-20 15:59:59.999000+00:00,2303011103.86080,682099,18828.727,1201164210.30820,0
2026-06-20 16:00:00+00:00,64139.4,64150.0,63661.9,63905.5,13002.244,2026-06-20 19:59:59.999000+00:00,830744085.37020,352380,6243.040,398948246.52540,0
2026-06-20 20:00:00+00:00,63905.5,64326.0,63820.0,64270.0,7596.166,2026-06-20 23:59:59.999000+00:00,487059873.17360,233576,4206.787,269737810.32780,0
2026-06-21 00:00:00+00:00,64270.1,64450.0,64199.0,64398.8,10365.54,2026-06-21 03:59:59.999000+00:00,666264897.42370,200867,4557.291,293040022.70100,0
2026-06-21 04:00:00+00:00,64398.8,64568.0,64143.2,64170.1,12165.969,2026-06-21 07:59:59.999000+00:00,782157143.41360,226659,5398.834,347197397.23350,0
2026-06-21 08:00:00+00:00,64170.0,64453.3,63871.3,64149.9,17775.189,2026-06-21 11:59:59.999000+00:00,1140389603.05360,354447,9011.732,578187331.72380,0
2026-06-21 12:00:00+00:00,64149.8,64337.3,63916.0,64200.3,11893.654,2026-06-21 15:59:59.999000+00:00,762343281.63430,296784,6307.550,404351233.29710,0
2026-06-21 16:00:00+00:00,64200.2,64284.9,63907.4,64173.6,7663.114,2026-06-21 19:59:59.999000+00:00,491313973.33580,228127,3831.153,245642446.70040,0
2026-06-21 20:00:00+00:00,64173.7,64243.4,63220.0,63287.1,25118.61,2026-06-21 23:59:59.999000+00:00,1598343327.67980,596710,12258.479,780050656.89450,0
2026-06-22 00:00:00+00:00,63287.2,64788.0,63286.2,63935.1,37961.563,2026-06-22 03:59:59.999000+00:00,2437017032.64030,901330,19782.987,1270063326.45120,0
2026-06-22 04:00:00+00:00,63935.1,64384.3,63833.4,64187.9,14743.502,2026-06-22 07:59:59.999000+00:00,945218519.16550,383243,7370.084,472524663.73940,0
2026-06-22 08:00:00+00:00,64188.0,64750.0,64014.9,64624.3,15942.601,2026-06-22 11:59:59.999000+00:00,1025878585.01430,430339,8117.591,522343914.64880,0
2026-06-22 12:00:00+00:00,64624.2,65597.2,64545.7,64808.0,51405.925,2026-06-22 15:59:59.999000+00:00,3344966087.65270,1106223,27162.365,1767540507.33370,0
2026-06-22 16:00:00+00:00,64808.0,64835.6,64240.0,64447.9,24156.885,2026-06-22 19:59:59.999000+00:00,1558686688.64630,586197,11744.521,757853851.13510,0
2026-06-22 20:00:00+00:00,64450.6,64637.1,63758.3,63990.2,17632.532,2026-06-22 23:59:59.999000+00:00,1130766544.11970,431177,8411.774,539452957.65440,0
2026-06-23 00:00:00+00:00,63990.1,64247.2,63803.2,64037.3,14943.555,2026-06-23 03:59:59.999000+00:00,957207302.44060,405734,7420.098,475278708.39290,0
2026-06-23 04:00:00+00:00,64037.2,64068.0,62532.4,62849.2,45716.491,2026-06-23 07:59:59.999000+00:00,2884946485.34090,851091,22320.591,1407495132.07140,0
2026-06-23 08:00:00+00:00,62849.3,62916.5,61870.0,62478.5,41466.543,2026-06-23 11:59:59.999000+00:00,2585495144.88850,796590,20011.397,1247850237.16120,0
2026-06-23 12:00:00+00:00,62478.4,62837.1,61916.9,62455.8,42631.035,2026-06-23 15:59:59.999000+00:00,2658944027.15530,1042430,21112.215,1317037423.03720,0
2026-06-23 16:00:00+00:00,62455.9,62812.2,62075.6,62365.7,19127.882,2026-06-23 19:59:59.999000+00:00,1195019107.50770,583899,9880.691,617410895.23190,0
2026-06-23 20:00:00+00:00,62365.7,62770.6,62344.2,62696.7,9033.733,2026-06-23 23:59:59.999000+00:00,565046639.91220,313468,4246.729,265653968.40370,0
2026-06-24 00:00:00+00:00,62696.7,63090.9,62402.8,62704.6,17756.997,2026-06-24 03:59:59.999000+00:00,1114698617.94120,548749,8929.013,560670998.52410,0
2026-06-24 04:00:00+00:00,62704.6,63053.5,62500.0,62630.3,12079.174,2026-06-24 07:59:59.999000+00:00,758063343.92790,362205,5911.166,371016146.11610,0
2026-06-24 08:00:00+00:00,62630.4,63209.6,62272.1,62887.7,19998.451,2026-06-24 11:59:59.999000+00:00,1253052502.01180,461049,9816.674,615343651.64160,0
2026-06-24 12:00:00+00:00,62887.8,62939.3,60238.0,60254.9,90414.628,2026-06-24 15:59:59.999000+00:00,5548021057.06380,1833588,41741.505,2561578456.98010,0
2026-06-24 16:00:00+00:00,60254.9,60649.1,59060.0,59923.8,95446.269,2026-06-24 19:59:59.999000+00:00,5702076483.29720,1820492,43958.126,2626980562.19100,0
2026-06-24 20:00:00+00:00,59923.7,61256.0,59813.9,61051.2,42401.785,2026-06-24 23:59:59.999000+00:00,2576221809.83840,911655,22178.591,1347167063.73710,0
2026-06-25 00:00:00+00:00,61051.2,61138.9,60648.0,60853.9,16377.173,2026-06-25 03:59:59.999000+00:00,996049030.28750,463874,7755.969,471753870.48400,0
2026-06-25 04:00:00+00:00,60854.0,61931.1,60756.4,61886.7,30997.479,2026-06-25 07:59:59.999000+00:00,1907742832.77620,652655,16791.747,1033322177.56670,0
2026-06-25 08:00:00+00:00,61886.8,61897.6,61033.5,61258.2,28088.696,2026-06-25 11:59:59.999000+00:00,1726073867.30720,500485,12812.955,787418877.08250,0
2026-06-25 12:00:00+00:00,61258.2,61742.9,58030.0,59536.2,167122.726,2026-06-25 15:59:59.999000+00:00,9957369049.48520,3269348,82517.505,4917157962.23660,0
2026-06-25 16:00:00+00:00,59536.2,60035.7,59114.4,59299.8,35931.882,2026-06-25 19:59:59.999000+00:00,2137393154.85600,1211822,17904.018,1065113308.47520,0
2026-06-25 20:00:00+00:00,59299.9,60245.0,59298.7,59771.9,23312.218,2026-06-25 23:59:59.999000+00:00,1394112612.01250,641393,11590.613,693096808.20970,0
2026-06-26 00:00:00+00:00,59772.0,60125.7,58288.0,60015.0,61621.029,2026-06-26 03:59:59.999000+00:00,3640125729.48330,1378661,30345.820,1793043354.05540,0
2026-06-26 04:00:00+00:00,60015.0,60734.0,59666.2,60491.0,40011.928,2026-06-26 07:59:59.999000+00:00,2408261871.04280,953865,20851.599,1254792320.34080,0
2026-06-26 08:00:00+00:00,60491.0,60542.6,59210.4,59392.4,36168.134,2026-06-26 11:59:59.999000+00:00,2162155498.24610,887810,17001.647,1016211181.09910,0
2026-06-26 12:00:00+00:00,59392.4,60494.1,58388.0,60296.6,97365.209,2026-06-26 15:59:59.999000+00:00,5797524830.07300,2400752,47638.308,2838760310.05990,0
2026-06-26 16:00:00+00:00,60296.9,60580.0,59530.7,59719.7,32859.636,2026-06-26 19:59:59.999000+00:00,1972545831.17220,951651,16276.614,977297087.07250,0
2026-06-26 20:00:00+00:00,59719.9,60090.8,59556.0,60072.0,14069.215,2026-06-26 23:59:59.999000+00:00,842144658.49310,410629,7227.118,432603961.31100,0
2026-06-27 00:00:00+00:00,60071.9,60387.8,59846.2,60274.7,12863.512,2026-06-27 03:59:59.999000+00:00,773940171.04690,315150,6788.679,408506742.50590,0
2026-06-27 04:00:00+00:00,60274.8,60557.8,60074.5,60522.3,13007.199,2026-06-27 07:59:59.999000+00:00,784750802.28390,311231,6667.733,402368800.80540,0
2026-06-27 08:00:00+00:00,60522.4,60522.5,60162.0,60331.9,8919.927,2026-06-27 11:59:59.999000+00:00,538380058.11620,216641,4569.152,275787916.08930,0
2026-06-27 12:00:00+00:00,60331.9,60924.7,60222.6,60817.2,17098.528,2026-06-27 15:59:59.999000+00:00,1036687901.80940,384515,9746.639,591084388.86520,0
2026-06-27 16:00:00+00:00,60817.3,60850.0,60050.0,60149.9,16777.939,2026-06-27 19:59:59.999000+00:00,1014360024.53120,368154,7705.362,465957096.51910,0
2026-06-27 20:00:00+00:00,60149.9,60469.8,59819.8,60000.3,12635.488,2026-06-27 23:59:59.999000+00:00,759766697.22950,337544,6591.960,396493983.07680,0
2026-06-28 00:00:00+00:00,60000.4,60314.3,59950.0,60169.5,7852.352,2026-06-28 03:59:59.999000+00:00,472240901.03730,226010,4010.809,241235259.18430,0
2026-06-28 04:00:00+00:00,60169.5,60247.1,59714.8,60192.5,13002.681,2026-06-28 07:59:59.999000+00:00,779960254.34590,304308,6650.942,399004890.56580,0
2026-06-28 08:00:00+00:00,60192.4,60543.3,60037.0,60314.9,12643.512,2026-06-28 11:59:59.999000+00:00,762078495.24120,314345,6330.940,381623276.37930,0
2026-06-28 12:00:00+00:00,60315.0,60435.8,59781.8,59849.9,15226.346,2026-06-28 15:59:59.999000+00:00,914311543.49120,417054,7339.583,440764084.19570,0
2026-06-28 16:00:00+00:00,59850.0,59915.7,59224.6,59451.4,24638.347,2026-06-28 19:59:59.999000+00:00,1467739297.90850,583106,10959.833,653034072.12550,0
2026-06-28 20:00:00+00:00,59451.3,59883.2,58888.0,59550.2,30235.459,2026-06-28 23:59:59.999000+00:00,1797262777.82510,798673,14438.007,858403490.48970,0
2026-06-29 00:00:00+00:00,59550.2,60219.4,58850.0,60019.8,38253.849,2026-06-29 03:59:59.999000+00:00,2277755872.19240,1103064,19642.414,1169786824.49460,0
2026-06-29 04:00:00+00:00,60019.9,60325.0,59360.3,59998.9,20723.108,2026-06-29 07:59:59.999000+00:00,1242058915.33880,609605,10587.882,634571692.90980,0
2026-06-29 08:00:00+00:00,59998.9,60287.1,59712.8,59927.2,21568.64,2026-06-29 11:59:59.999000+00:00,1293624260.31370,611978,10315.067,618597983.23800,0
2026-06-29 12:00:00+00:00,59927.2,60758.3,58988.0,59800.2,97415.484,2026-06-29 15:59:59.999000+00:00,5823898253.22380,2280370,48596.249,2905550723.37150,0
2026-06-29 16:00:00+00:00,59800.3,60666.6,59562.6,60409.3,36925.254,2026-06-29 19:59:59.999000+00:00,2225552550.03770,920839,19201.066,1157410075.30950,0
2026-06-29 20:00:00+00:00,60409.3,60565.6,60134.0,60224.7,12889.94,2026-06-29 23:59:59.999000+00:00,778033414.53020,318883,5818.198,351217548.81780,0
2026-06-30 00:00:00+00:00,60224.7,60250.0,59570.0,59596.1,22856.266,2026-06-30 03:59:59.999000+00:00,1367968213.01300,541132,10742.952,643029134.21160,0
2026-06-30 04:00:00+00:00,59596.1,59698.9,59329.2,59497.7,22886.397,2026-06-30 07:59:59.999000+00:00,1361733537.66450,455309,11220.428,667667727.09890,0
2026-06-30 08:00:00+00:00,59497.7,59532.7,59100.0,59162.3,21626.513,2026-06-30 11:59:59.999000+00:00,1281993338.86560,479774,10197.914,604515746.44460,0
2026-06-30 12:00:00+00:00,59162.2,59264.4,58160.0,58356.2,92456.515,2026-06-30 15:59:59.999000+00:00,5420413211.65200,1840745,42707.261,2503984602.83930,0
2026-06-30 16:00:00+00:00,58356.2,58819.9,58223.3,58794.4,21528.098,2026-06-30 19:59:59.999000+00:00,1259200700.81720,658800,11052.666,646506365.93360,0
2026-06-30 20:00:00+00:00,58794.0,58850.0,58472.3,58605.4,10292.512,2026-06-30 23:59:59.999000+00:00,603564692.84540,321943,4655.056,273003625.66430,0
2026-07-01 00:00:00+00:00,58605.4,59298.4,57758.6,59169.6,56290.292,2026-07-01 03:59:59.999000+00:00,3299721919.02030,1116774,27790.806,1631023943.03690,0
2026-07-01 04:00:00+00:00,59169.7,59444.5,58500.1,58744.4,28426.793,2026-07-01 07:59:59.999000+00:00,1674625802.83400,609659,14062.649,828168531.98210,0
2026-07-01 08:00:00+00:00,58744.4,59069.7,58450.7,58592.9,18942.584,2026-07-01 11:59:59.999000+00:00,1112852966.39620,499101,9751.468,572986979.78980,0
2026-07-01 12:00:00+00:00,58592.8,60520.0,58294.1,60118.5,83094.085,2026-07-01 15:59:59.999000+00:00,4944539437.48190,1663935,43343.626,2579330492.22290,0
2026-07-01 16:00:00+00:00,60118.6,60332.8,59762.6,60000.0,24811.03,2026-07-01 19:59:59.999000+00:00,1490537941.02760,577840,12007.862,721504493.73890,0
2026-07-01 20:00:00+00:00,60000.0,61322.0,59844.5,59999.6,52373.697,2026-07-01 23:59:59.999000+00:00,3173154574.26520,779071,29413.431,1782373502.14170,0
2026-07-02 00:00:00+00:00,59999.6,61102.5,59555.0,61032.9,37833.808,2026-07-02 03:59:59.999000+00:00,2277816801.43020,758022,20229.108,1218313550.84350,0
2026-07-02 04:00:00+00:00,61032.9,61033.0,60080.9,60125.8,34117.778,2026-07-02 07:59:59.999000+00:00,2063899559.55680,586744,14610.859,883722226.32400,0
2026-07-02 08:00:00+00:00,60125.8,61447.0,60113.5,61329.1,53739.084,2026-07-02 11:59:59.999000+00:00,3279133037.13740,998412,28055.528,1711298824.15920,0
2026-07-02 12:00:00+00:00,61329.1,62180.0,61109.9,61584.0,69787.014,2026-07-02 15:59:59.999000+00:00,4302669082.77160,1526146,35821.222,2209065034.07460,0
2026-07-02 16:00:00+00:00,61584.0,61900.0,61113.8,61452.5,28202.679,2026-07-02 19:59:59.999000+00:00,1735613862.96280,645115,13737.578,845818995.88690,0
2026-07-02 20:00:00+00:00,61452.4,61634.3,61308.3,61540.6,12269.709,2026-07-02 23:59:59.999000+00:00,754191832.64580,251484,5526.220,339697212.59670,0
2026-07-03 00:00:00+00:00,61540.5,61727.2,61229.0,61407.6,15053.911,2026-07-03 03:59:59.999000+00:00,925101842.10010,462386,7790.070,478732086.42870,0
2026-07-03 04:00:00+00:00,61407.5,61849.7,61300.4,61733.6,14260.827,2026-07-03 07:59:59.999000+00:00,878985784.08680,342999,7208.906,444322555.56020,0
2026-07-03 08:00:00+00:00,61733.7,62078.6,61480.7,61992.8,19066.059,2026-07-03 11:59:59.999000+00:00,1178616378.83020,447075,10105.978,624830004.54650,0
2026-07-03 12:00:00+00:00,61992.8,62386.7,61653.0,61895.2,36548.042,2026-07-03 15:59:59.999000+00:00,2267101617.54750,714234,18611.544,1154792351.28650,0
2026-07-03 16:00:00+00:00,61895.2,62292.4,61877.6,62178.4,14492.869,2026-07-03 19:59:59.999000+00:00,900471796.37640,332054,7603.369,472383714.90060,0
2026-07-03 20:00:00+00:00,62178.4,62957.2,62151.2,62565.5,33076.786,2026-07-03 23:59:59.999000+00:00,2071147923.65450,535603,18217.483,1140737520.50980,0
2026-07-04 00:00:00+00:00,62565.5,62925.7,62381.6,62609.6,15174.848,2026-07-04 03:59:59.999000+00:00,950146376.15340,366205,7775.103,486927603.17550,0
2026-07-04 04:00:00+00:00,62609.6,62735.2,62302.6,62549.0,9691.02,2026-07-04 07:59:59.999000+00:00,605752924.81820,242965,4529.069,283141999.20860,0
2026-07-04 08:00:00+00:00,62549.1,62654.1,62386.1,62458.7,7405.183,2026-07-04 11:59:59.999000+00:00,462847737.05880,188633,3615.077,225981050.05570,0
2026-07-04 12:00:00+00:00,62458.6,63069.6,62458.6,62908.8,15525.164,2026-07-04 15:59:59.999000+00:00,974652187.42920,372132,9137.424,573791234.47260,0
2026-07-04 16:00:00+00:00,62908.7,63450.0,62752.9,63268.1,21139.019,2026-07-04 19:59:59.999000+00:00,1334945580.00750,448258,11352.877,717016923.45030,0
2026-07-04 20:00:00+00:00,63268.0,63430.0,62902.7,63114.8,10714.29,2026-07-04 23:59:59.999000+00:00,677018512.43660,266917,5141.057,324887800.93470,0
2026-07-05 00:00:00+00:00,63114.9,63114.9,62549.6,62739.1,14486.359,2026-07-05 03:59:59.999000+00:00,909936609.80020,344867,6323.063,397174398.72190,0
2026-07-05 04:00:00+00:00,62739.1,63039.3,62628.0,62995.1,10165.269,2026-07-05 07:59:59.999000+00:00,638464866.29730,247471,5713.314,358896951.14040,0
2026-07-05 08:00:00+00:00,62995.1,63084.0,62410.1,62630.0,13311.704,2026-07-05 11:59:59.999000+00:00,834641372.72560,302716,6018.275,377373518.46590,0
2026-07-05 12:00:00+00:00,62630.0,62923.7,62534.3,62711.9,10079.94,2026-07-05 15:59:59.999000+00:00,632353922.82790,270332,5098.394,319869781.92860,0
2026-07-05 16:00:00+00:00,62711.9,62865.0,62564.4,62744.0,8303.748,2026-07-05 19:59:59.999000+00:00,520506392.22930,235959,4236.732,265593311.52010,0
2026-07-05 20:00:00+00:00,62744.1,63990.7,62580.0,63617.1,36280.124,2026-07-05 23:59:59.999000+00:00,2303036512.72930,687973,20781.505,1319436896.95800,0
2026-07-06 00:00:00+00:00,63617.2,63900.0,63101.2,63273.0,23780.303,2026-07-06 03:59:59.999000+00:00,1509706966.79920,647754,11968.161,759988393.14770,0
2026-07-06 04:00:00+00:00,63272.9,63368.3,62858.4,63064.5,16456.746,2026-07-06 07:59:59.999000+00:00,1037856749.11800,404849,8099.467,510785909.61550,0
2026-07-06 08:00:00+00:00,63064.5,63226.4,62461.4,62461.4,27610.107,2026-07-06 11:59:59.999000+00:00,1733415068.43710,453244,11091.319,696895395.89070,0
2026-07-06 12:00:00+00:00,62461.2,63531.1,61297.0,63523.1,105736.056,2026-07-06 15:59:59.999000+00:00,6570677564.05290,2015859,53910.504,3351264981.75000,0
2026-07-06 16:00:00+00:00,63523.0,63977.9,63356.8,63709.8,40689.156,2026-07-06 19:59:59.999000+00:00,2591091954.21480,911705,20671.034,1316562521.01870,0
2026-07-06 20:00:00+00:00,63709.9,64691.9,63560.0,64023.6,28521.431,2026-07-06 23:59:59.999000+00:00,1831757986.76980,640526,15646.770,1005254153.36060,0
2026-07-07 00:00:00+00:00,64023.5,64298.1,63122.0,63165.0,29622.934,2026-07-07 03:59:59.999000+00:00,1885447269.57180,666633,12867.110,819223707.24290,0
2026-07-07 04:00:00+00:00,63164.9,63424.2,62745.6,63062.6,27393.375,2026-07-07 07:59:59.999000+00:00,1728958927.60230,496375,13563.130,856109592.58640,0
2026-07-07 08:00:00+00:00,63062.7,63432.8,62958.4,63377.7,16329.871,2026-07-07 11:59:59.999000+00:00,1032316879.26010,367322,8135.149,514310904.96990,0
2026-07-07 12:00:00+00:00,63377.8,64096.0,62638.0,63910.0,60232.809,2026-07-07 15:59:59.999000+00:00,3817267742.34170,1457396,29993.967,1901474457.24710,0
2026-07-07 16:00:00+00:00,63910.0,64234.1,63351.4,63794.9,28687.049,2026-07-07 19:59:59.999000+00:00,1831803674.09200,739298,14161.172,904124092.94560,0
2026-07-07 20:00:00+00:00,63794.9,63874.6,63177.0,63335.4,14939.8,2026-07-07 23:59:59.999000+00:00,948786769.23070,369678,7154.060,454383407.55290,0
2026-07-08 00:00:00+00:00,63335.4,63740.2,62466.9,62741.0,28854.967,2026-07-08 03:59:59.999000+00:00,1817650099.97850,658357,13200.938,831735675.48300,0
2026-07-08 04:00:00+00:00,62741.0,62873.3,62434.9,62854.1,17957.731,2026-07-08 07:59:59.999000+00:00,1125593979.65900,465855,9222.573,578141466.44170,0
2026-07-08 08:00:00+00:00,62854.1,62921.8,61708.2,62270.0,45949.73,2026-07-08 11:59:59.999000+00:00,2854037932.18850,925447,22468.130,1395375006.63350,0
2026-07-08 12:00:00+00:00,62270.0,62394.1,61520.0,61674.5,39109.532,2026-07-08 15:59:59.999000+00:00,2419829032.77590,959556,19021.404,1177070409.90660,0
2026-07-08 16:00:00+00:00,61674.6,62372.7,61666.0,62251.9,20257.62,2026-07-08 19:59:59.999000+00:00,1257746928.86300,547603,10831.956,672543166.75580,0
2026-07-08 20:00:00+00:00,62251.9,62331.8,61926.9,62255.3,10966.145,2026-07-08 23:59:59.999000+00:00,681582469.73440,310404,5156.778,320555907.03080,0
2026-07-09 00:00:00+00:00,62255.1,62620.2,61666.0,61943.1,21786.361,2026-07-09 03:59:59.999000+00:00,1352627407.51160,609772,10459.256,649591931.03460,0
2026-07-09 04:00:00+00:00,61943.2,63286.5,61929.0,62973.7,35632.474,2026-07-09 07:59:59.999000+00:00,2232963605.09130,674054,19074.540,1195515274.95770,0
2026-07-09 08:00:00+00:00,62973.6,63083.9,62583.4,62756.0,16875.277,2026-07-09 11:59:59.999000+00:00,1060110763.97250,416798,7935.777,498606473.60130,0
2026-07-09 12:00:00+00:00,62755.9,63233.0,62428.5,62835.4,43030.522,2026-07-09 15:59:59.999000+00:00,2702533579.16070,1064968,22328.750,1402561516.21030,0
2026-07-09 16:00:00+00:00,62835.4,63484.9,62525.2,63222.9,23833.334,2026-07-09 19:59:59.999000+00:00,1503465210.46930,583494,12719.383,802540221.08510,0
2026-07-09 20:00:00+00:00,63222.9,63395.9,63032.2,63197.0,9696.325,2026-07-09 23:59:59.999000+00:00,613161932.50310,274112,4651.057,294149505.50590,0
2026-07-10 00:00:00+00:00,63197.1,64022.0,62897.0,63917.2,28582.709,2026-07-10 03:59:59.999000+00:00,1818369506.67420,624875,15675.692,997382252.08920,0
2026-07-10 04:00:00+00:00,63917.3,64185.0,63765.5,63956.1,19716.772,2026-07-10 07:59:59.999000+00:00,1261286736.39560,367721,10007.250,640239089.60800,0
2026-07-10 08:00:00+00:00,63956.1,64478.3,63949.1,64394.2,27561.937,2026-07-10 11:59:59.999000+00:00,1771741873.10640,509892,15778.703,1014154793.25690,0
2026-07-10 12:00:00+00:00,64394.2,64680.0,63768.0,64018.7,35094.942,2026-07-10 15:59:59.999000+00:00,2253486271.38970,838303,18845.816,1210408489.63600,0
2026-07-10 16:00:00+00:00,64018.7,64208.1,63718.1,63900.4,13676.986,2026-07-10 19:59:59.999000+00:00,874366741.03360,391441,6823.660,436263573.11670,0
2026-07-10 20:00:00+00:00,63900.4,64176.9,63619.9,64129.5,14154.711,2026-07-10 23:59:59.999000+00:00,904750361.76210,241127,6126.937,391669239.35540,0
2026-07-11 00:00:00+00:00,64129.5,64288.7,63950.1,64117.2,7282.145,2026-07-11 03:59:59.999000+00:00,466728434.18990,202462,3408.385,218475400.87880,0
2026-07-11 04:00:00+00:00,64117.2,64250.0,64047.2,64132.6,5329.112,2026-07-11 07:59:59.999000+00:00,341903628.29210,145611,2575.592,165243294.67370,0
2026-07-11 08:00:00+00:00,64132.6,64280.0,64110.2,64176.0,5002.728,2026-07-11 11:59:59.999000+00:00,321089477.13540,127583,2626.025,168554711.18470,0
2026-07-11 12:00:00+00:00,64176.1,64497.4,63668.8,64139.0,18675.921,2026-07-11 15:59:59.999000+00:00,1198535558.54550,332420,8381.867,538245158.92830,0
2026-07-11 16:00:00+00:00,64139.1,64375.8,64050.4,64262.0,6780.216,2026-07-11 19:59:59.999000+00:00,435477616.85260,211806,3458.075,222107609.98190,0
2026-07-11 20:00:00+00:00,64261.9,64438.9,63776.0,63783.0,10604.773,2026-07-11 23:59:59.999000+00:00,679440880.11460,257133,4824.024,309153063.28450,0
2026-07-12 00:00:00+00:00,63783.1,64217.8,63657.4,64201.8,12186.54,2026-07-12 03:59:59.999000+00:00,779283545.16650,323655,6430.878,411267774.86100,0
2026-07-12 04:00:00+00:00,64201.9,64238.0,63602.8,63856.4,11313.903,2026-07-12 07:59:59.999000+00:00,722369886.86950,251042,5474.367,349496579.85800,0
2026-07-12 08:00:00+00:00,63856.4,64083.7,63730.7,63993.8,8689.953,2026-07-12 11:59:59.999000+00:00,555450140.74910,216500,4361.941,278797487.13130,0
2026-07-12 12:00:00+00:00,63993.8,64271.9,63928.0,64149.9,9372.897,2026-07-12 15:59:59.999000+00:00,600718180.55280,239280,5001.594,320578255.03570,0
2026-07-12 16:00:00+00:00,64150.0,64248.0,63983.1,64201.9,6633.117,2026-07-12 19:59:59.999000+00:00,425178969.88470,198343,3090.939,198146780.22030,0
2026-07-12 20:00:00+00:00,64202.0,64227.4,63634.1,63750.0,11895.536,2026-07-12 23:59:59.999000+00:00,759436351.29610,320224,5503.418,351321066.07890,0
2026-07-13 00:00:00+00:00,63749.9,64411.8,62705.0,62780.2,52443.621,2026-07-13 03:59:59.999000+00:00,3329880055.85070,1130258,24518.415,1557422470.82640,0
2026-07-13 04:00:00+00:00,62780.1,63030.0,62434.9,62952.7,24227.324,2026-07-13 07:59:59.999000+00:00,1520577051.04050,499285,12501.690,784851000.58710,0
2026-07-13 08:00:00+00:00,62952.8,63260.0,62834.4,62881.3,22997.462,2026-07-13 11:59:59.999000+00:00,1449595952.91410,324014,9538.062,601170543.88670,0
2026-07-13 12:00:00+00:00,62881.4,62970.7,62061.3,62596.6,52068.169,2026-07-13 15:59:59.999000+00:00,3256182760.30510,1033309,25410.925,1589137863.38580,0
2026-07-13 16:00:00+00:00,62596.7,62614.5,61806.0,62258.0,28856.64,2026-07-13 19:59:59.999000+00:00,1792781286.79600,606480,14062.593,873670918.22290,0
2026-07-13 20:00:00+00:00,62257.9,62333.4,61854.5,62307.0,15189.007,2026-07-13 23:59:59.999000+00:00,943220189.33920,335610,7607.067,472449995.90310,0
2026-07-14 00:00:00+00:00,62307.0,62639.3,62240.9,62538.2,15779.623,2026-07-14 03:59:59.999000+00:00,985310500.47190,432041,8068.958,503867924.88440,0
2026-07-14 04:00:00+00:00,62538.3,62848.0,62489.7,62529.7,12956.51,2026-07-14 07:59:59.999000+00:00,811895818.84580,316289,6386.990,400237962.33880,0
2026-07-14 08:00:00+00:00,62529.7,62896.0,62458.3,62810.3,11932.483,2026-07-14 11:59:59.999000+00:00,748270904.36630,301440,6123.947,384041450.72060,0
2026-07-14 12:00:00+00:00,62810.3,64950.0,62756.5,64727.5,99608.666,2026-07-14 15:59:59.999000+00:00,6363200619.51290,1640144,53641.754,3427717326.14090,0
2026-07-14 16:00:00+00:00,64727.4,64879.0,64200.0,64543.0,27810.776,2026-07-14 19:59:59.999000+00:00,1795561151.09740,559849,12717.228,821485377.07280,0
2026-07-14 20:00:00+00:00,64543.1,65130.0,64390.4,65014.7,22787.125,2026-07-14 23:59:59.999000+00:00,1477002965.46670,418749,12975.898,841217054.70270,0
2026-07-15 00:00:00+00:00,65014.6,65043.3,64456.7,64760.8,14011.588,2026-07-15 03:59:59.999000+00:00,906754520.66880,326242,6771.130,438200084.26580,0
2026-07-15 04:00:00+00:00,64760.9,65260.0,64450.9,64528.0,20381.848,2026-07-15 07:59:59.999000+00:00,1321230585.78200,452505,10397.849,674228277.85040,0
2026-07-15 08:00:00+00:00,64528.0,64899.9,64528.0,64707.5,11520.12,2026-07-15 11:59:59.999000+00:00,745272741.69010,286290,5971.295,386304289.19060,0
2026-07-15 12:00:00+00:00,64707.4,65589.7,64568.8,65391.6,48445.138,2026-07-15 15:59:59.999000+00:00,3158813197.26910,1172989,26334.302,1717241551.51590,0
2026-07-15 16:00:00+00:00,65391.5,65438.0,64708.0,64942.0,30103.535,2026-07-15 19:59:59.999000+00:00,1957023524.67100,546154,15908.747,1034354413.30480,0
2026-07-15 20:00:00+00:00,64942.1,65030.5,64660.0,64721.4,7761.385,2026-07-15 23:59:59.999000+00:00,503183383.28100,217514,3634.078,235638368.56310,0
2026-07-16 00:00:00+00:00,64721.4,64814.7,64362.2,64593.0,13463.314,2026-07-16 03:59:59.999000+00:00,869703728.46170,352640,6839.373,441850054.95480,0
2026-07-16 04:00:00+00:00,64593.0,64974.5,64005.6,64200.0,23983.759,2026-07-16 07:59:59.999000+00:00,1547760236.20620,419702,11518.021,743455348.24630,0
2026-07-16 08:00:00+00:00,64200.1,64340.0,63843.1,64226.6,23564.869,2026-07-16 11:59:59.999000+00:00,1510393551.40330,454987,11513.968,738079802.96810,0
2026-07-16 12:00:00+00:00,64226.6,64874.7,63833.0,64677.7,38698.036,2026-07-16 15:59:59.999000+00:00,2491472469.74240,911886,19298.367,1242702985.21990,0
2026-07-16 16:00:00+00:00,64677.7,64687.6,63958.0,64241.6,18183.263,2026-07-16 19:59:59.999000+00:00,1168498542.80840,523708,8014.596,515066922.77360,0
2026-07-16 20:00:00+00:00,64241.7,64249.9,63712.6,63801.0,12576.221,2026-07-16 23:59:59.999000+00:00,804349209.64580,289098,5917.768,378590992.24060,0
2026-07-17 00:00:00+00:00,63801.1,64041.6,63358.0,63538.1,23701.404,2026-07-17 03:59:59.999000+00:00,1508518000.99270,584768,11127.756,708381751.69170,0
2026-07-17 04:00:00+00:00,63538.0,63560.0,62655.0,62792.9,36223.336,2026-07-17 07:59:59.999000+00:00,2281312481.32030,584766,17608.975,1108890543.13880,0
2026-07-17 08:00:00+00:00,62792.8,63337.4,62611.0,63273.2,20640.395,2026-07-17 11:59:59.999000+00:00,1300033570.22620,376144,11081.916,697985061.27000,0
2026-07-17 12:00:00+00:00,63273.1,63496.0,62505.1,63432.4,42264.1,2026-07-17 15:59:59.999000+00:00,2664117619.01450,1023006,20059.379,1264486277.42530,0
2026-07-17 16:00:00+00:00,63432.4,64356.7,63272.4,64121.4,34857.577,2026-07-17 19:59:59.999000+00:00,2226782081.43070,764790,17499.110,1117969865.81460,0
2026-07-17 20:00:00+00:00,64121.4,64188.2,63860.0,63909.9,8166.001,2026-07-17 23:59:59.999000+00:00,522683099.20340,203347,3622.099,231845455.32560,0
2026-07-18 00:00:00+00:00,63909.9,64014.9,63859.6,63989.5,5338.834,2026-07-18 03:59:59.999000+00:00,341307603.75620,134018,2841.195,181642900.52070,0
2026-07-18 04:00:00+00:00,63989.5,64000.0,63894.3,63980.1,4328.088,2026-07-18 07:59:59.999000+00:00,276805776.58970,90915,2210.415,141369037.08580,0
2026-07-18 08:00:00+00:00,63980.0,64073.2,63912.0,64033.3,4092.098,2026-07-18 11:59:59.999000+00:00,261782891.45620,79734,2242.333,143455728.82100,0
2026-07-18 12:00:00+00:00,64033.2,64237.7,63925.2,64090.0,9810.671,2026-07-18 15:59:59.999000+00:00,628739374.58010,226267,4997.983,320331130.82680,0
2026-07-18 16:00:00+00:00,64090.0,64666.0,64054.5,64526.3,15262.257,2026-07-18 19:59:59.999000+00:00,982496818.81040,294520,9055.485,582905857.82050,0
2026-07-18 20:00:00+00:00,64526.4,64837.4,64467.2,64806.7,10394.79,2026-07-18 23:59:59.999000+00:00,672554573.08390,252618,5104.065,330259823.27670,0
2026-07-19 00:00:00+00:00,64806.7,64948.8,64594.6,64686.8,13515.109,2026-07-19 03:59:59.999000+00:00,875345065.25620,214268,5832.634,377865306.60860,0
2026-07-19 04:00:00+00:00,64686.8,64789.8,64580.4,64692.2,5846.715,2026-07-19 07:59:59.999000+00:00,378233594.28670,137756,2805.583,181509193.26900,0
2026-07-19 08:00:00+00:00,64692.1,64723.5,64415.0,64445.7,10691.7,2026-07-19 11:59:59.999000+00:00,690261071.53650,214686,4931.360,318399270.18380,0
2026-07-19 12:00:00+00:00,64445.7,64633.0,64259.5,64545.2,11251.478,2026-07-19 15:59:59.999000+00:00,724857239.75530,271461,5644.959,363690004.94100,0
2026-07-19 16:00:00+00:00,64545.3,64733.0,64262.9,64438.1,9954.822,2026-07-19 19:59:59.999000+00:00,642025078.45890,270633,4954.879,319571241.90910,0
2026-07-19 20:00:00+00:00,64438.1,64874.9,64305.0,64694.7,11535.206,2026-07-19 23:59:59.999000+00:00,745169511.83290,341953,5772.462,372912987.82400,0
2026-07-20 00:00:00+00:00,64694.8,65084.6,64380.0,64839.4,22717.146,2026-07-20 03:59:59.999000+00:00,1471690957.63210,650261,11867.730,768911690.32560,0
2026-07-20 04:00:00+00:00,64839.3,64843.4,63736.1,64250.0,27903.419,2026-07-20 07:59:59.999000+00:00,1789392856.80320,668952,14031.334,899642828.15860,0
2026-07-20 08:00:00+00:00,64250.0,65048.3,63858.1,64970.8,27733.431,2026-07-20 11:59:59.999000+00:00,1786895445.85470,536409,14117.229,909932790.13820,0
2026-07-20 12:00:00+00:00,64970.8,65688.0,64034.3,65570.1,54262.291,2026-07-20 15:59:59.999000+00:00,3519421950.52840,1179181,29292.958,1901235068.30460,0
2026-07-20 16:00:00+00:00,65570.1,65788.0,65011.4,65119.3,35972.663,2026-07-20 19:59:59.999000+00:00,2352656104.18490,699004,19005.465,1243152537.52820,0
2026-07-20 20:00:00+00:00,65119.3,65435.3,65030.2,65224.8,10917.197,2026-07-20 23:59:59.999000+00:00,712124399.23960,264752,5701.776,371930173.43340,0
2026-07-21 00:00:00+00:00,65224.7,65634.4,65115.3,65539.5,15057.371,2026-07-21 03:59:59.999000+00:00,984481444.31060,426986,7966.295,520815258.77600,0
2026-07-21 04:00:00+00:00,65539.5,66240.0,65453.5,66166.9,27187.741,2026-07-21 07:59:59.999000+00:00,1790351384.68420,518975,15510.250,1021683839.85260,0
2026-07-21 08:00:00+00:00,66166.8,66390.0,66103.4,66317.9,22965.054,2026-07-21 11:59:59.999000+00:00,1521320845.90610,434482,11219.040,743300813.69740,0
2026-07-21 12:00:00+00:00,66317.9,66924.1,66236.0,66648.5,39564.704,2026-07-21 15:59:59.999000+00:00,2635930711.92400,816292,21476.033,1430784736.19930,0
2026-07-21 16:00:00+00:00,66648.5,66736.7,65939.0,66409.5,24712.174,2026-07-21 19:59:59.999000+00:00,1638616000.88650,495802,10670.218,707775471.62710,0
2026-07-21 20:00:00+00:00,66409.5,66544.8,66172.0,66522.4,9407.871,2026-07-21 23:59:59.999000+00:00,624162205.00110,233568,5024.947,333423546.58630,0
2026-07-22 00:00:00+00:00,66522.3,66711.0,66141.7,66176.7,13801.058,2026-07-22 03:59:59.999000+00:00,916933256.38920,367240,6815.556,452899899.48920,0
2026-07-22 04:00:00+00:00,66176.6,66399.0,65668.6,65813.4,22194.384,2026-07-22 07:59:59.999000+00:00,1463762215.09410,419611,10409.354,686581135.27830,0
2026-07-22 08:00:00+00:00,65813.4,66140.5,65813.4,65981.4,19352.095,2026-07-22 11:59:59.999000+00:00,1276657925.59780,304290,11444.382,754962446.82210,0
2026-07-22 12:00:00+00:00,65981.3,66190.4,65505.0,66014.8,33898.686,2026-07-22 15:59:59.999000+00:00,2230677666.06230,732735,16732.021,1101159047.51670,0
2026-07-22 16:00:00+00:00,66014.8,66363.6,65650.2,65891.1,19116.49,2026-07-22 19:59:59.999000+00:00,1261944969.23420,480299,9839.471,649679558.89690,0
2026-07-22 20:00:00+00:00,65891.2,66116.5,65753.0,66082.0,8447.902,2026-07-22 23:59:59.999000+00:00,557148484.84610,244533,4217.481,278169325.92840,0
2026-07-23 00:00:00+00:00,66082.0,66284.1,65548.0,65626.8,16744.203,2026-07-23 03:59:59.999000+00:00,1102919851.09110,400904,7538.202,496523268.35050,0
2026-07-23 04:00:00+00:00,65626.7,65793.7,65313.7,65405.3,15598.473,2026-07-23 07:59:59.999000+00:00,1022156469.37680,310042,7222.967,473383020.12400,0
2026-07-23 08:00:00+00:00,65405.3,65756.6,65383.6,65525.4,11821.586,2026-07-23 11:59:59.999000+00:00,775679466.10930,272222,5750.499,377303233.75370,0
2026-07-23 12:00:00+00:00,65525.4,65557.8,64696.2,64940.4,51499.187,2026-07-23 15:59:59.999000+00:00,3348990020.73740,908443,24616.087,1600753207.37520,0
2026-07-23 16:00:00+00:00,64940.4,64940.5,64636.0,64820.7,15984.685,2026-07-23 19:59:59.999000+00:00,1035399834.86160,388916,7918.618,512943817.13360,0
2026-07-23 20:00:00+00:00,64820.7,65193.5,64809.7,65069.6,13119.644,2026-07-23 23:59:59.999000+00:00,853830164.14290,276590,7127.035,463825366.20300,0
2026-07-24 00:00:00+00:00,65069.6,65436.8,64733.2,65425.4,18271.087,2026-07-24 03:59:59.999000+00:00,1189517036.58800,401186,9606.289,625594114.48210,0
2026-07-24 04:00:00+00:00,65425.5,65780.0,65213.0,65470.0,22156.361,2026-07-24 07:59:59.999000+00:00,1450635541.65950,351112,10903.126,713894801.85600,0
2026-07-24 08:00:00+00:00,65470.1,65477.2,64821.9,65045.7,18685.368,2026-07-24 11:59:59.999000+00:00,1216142949.76560,357289,8972.979,583926088.61230,0
2026-07-24 12:00:00+00:00,65045.7,65110.1,63666.0,64065.1,67797.363,2026-07-24 15:59:59.999000+00:00,4351443415.65370,1131630,33169.770,2128538649.20160,0
2026-07-24 16:00:00+00:00,64065.1,64266.9,63854.3,64199.5,14675.634,2026-07-24 19:59:59.999000+00:00,940501825.40040,348737,7080.169,453747815.93040,0
2026-07-24 20:00:00+00:00,64199.5,64260.1,64098.7,64116.5,5951.659,2026-07-24 23:59:59.999000+00:00,381787055.75670,142848,2633.451,168932631.25860,0
2026-07-25 00:00:00+00:00,64116.5,64155.0,63977.0,64052.9,11227.005,2026-07-25 03:59:59.999000+00:00,719217586.71940,148449,3702.368,237155842.62250,0
2026-07-25 04:00:00+00:00,64053.0,64181.0,63933.2,63972.9,5992.315,2026-07-25 07:59:59.999000+00:00,383664374.40920,126383,2733.560,175033128.48760,0
2026-07-25 08:00:00+00:00,63973.0,64078.5,63760.5,64031.3,8693.02,2026-07-25 11:59:59.999000+00:00,555733625.06850,163620,4247.569,271587166.06870,0
2026-07-25 12:00:00+00:00,64031.2,64243.6,64006.2,64150.0,7467.034,2026-07-25 15:59:59.999000+00:00,478947492.70740,154064,3763.972,241451205.33120,0
2026-07-25 16:00:00+00:00,64150.1,64417.1,64092.2,64359.6,8274.357,2026-07-25 19:59:59.999000+00:00,531942544.65210,161382,4518.758,290528586.91000,0
2026-07-25 20:00:00+00:00,64359.7,64407.1,64233.0,64338.1,4593.903,2026-07-25 23:59:59.999000+00:00,295559166.84720,106718,2317.133,149078530.08100,0
2026-07-26 00:00:00+00:00,64338.0,64553.9,64317.9,64518.8,6207.268,2026-07-26 03:59:59.999000+00:00,400121659.84940,145456,3398.580,219069484.82460,0
2026-07-26 04:00:00+00:00,64518.9,64566.0,64256.4,64341.2,8129.244,2026-07-26 07:59:59.999000+00:00,523484975.12610,152765,3617.228,232949489.50180,0
2026-07-26 08:00:00+00:00,64341.3,64557.3,64320.2,64481.4,5451.789,2026-07-26 11:59:59.999000+00:00,351500689.97800,100571,2676.861,172580956.53660,0
2026-07-26 12:00:00+00:00,64481.5,64819.3,64379.7,64733.6,14685.055,2026-07-26 15:59:59.999000+00:00,948860153.55380,281349,7984.804,516000168.03370,0
2026-07-26 16:00:00+00:00,64733.5,64909.0,64634.0,64665.5,8330.401,2026-07-26 19:59:59.999000+00:00,539263694.53610,197061,3937.266,254908470.19170,0
2026-07-26 20:00:00+00:00,64665.6,65555.0,64606.3,65375.1,22959.406,2026-07-26 23:59:59.999000+00:00,1497525989.00000,427899,12405.404,808967035.58920,0
2026-07-27 00:00:00+00:00,65375.2,65398.8,64872.0,65261.5,15835.857,2026-07-27 03:59:59.999000+00:00,1031572127.68410,390721,7794.820,507786889.76160,0
2026-07-27 04:00:00+00:00,65261.5,65722.5,65190.0,65195.9,16646.096,2026-07-27 07:59:59.999000+00:00,1088955721.60190,367733,8529.259,558062851.34310,0
2026-07-27 08:00:00+00:00,65196.0,65412.8,65061.1,65073.1,12104.408,2026-07-27 11:59:59.999000+00:00,789245818.68970,254350,6027.383,393057321.59270,0
2026-07-27 12:00:00+00:00,65073.1,65689.6,64374.4,64517.1,52696.883,2026-07-27 15:59:59.999000+00:00,3423977772.85170,1117734,25187.075,1636740483.90460,0
2026-07-27 16:00:00+00:00,64517.2,65069.4,64479.0,64959.2,17239.433,2026-07-27 19:59:59.999000+00:00,1117855266.56340,433300,8650.338,560883696.28370,0
2026-07-27 20:00:00+00:00,64959.2,65030.8,63567.0,63720.8,33309.056,2026-07-27 23:59:59.999000+00:00,2133405075.11700,578506,13821.992,885190054.04760,0
2026-07-28 00:00:00+00:00,63720.7,63794.3,63021.0,63310.1,30321.786,2026-07-28 03:59:59.999000+00:00,1919702491.61680,591625,14353.351,908657602.53980,0
2026-07-28 04:00:00+00:00,63310.0,63642.2,63187.2,63476.8,17817.023,2026-07-28 07:59:59.999000+00:00,1130357508.99630,317357,9395.435,596040241.59430,0
2026-07-28 08:00:00+00:00,63476.8,63569.0,63263.5,63430.8,17704.568,2026-07-28 11:59:59.999000+00:00,1122804596.84600,311394,8050.678,510594177.40120,0
2026-07-28 12:00:00+00:00,63430.7,64014.2,62660.1,63899.4,46087.702,2026-07-28 15:59:59.999000+00:00,2919344628.30780,1000629,23134.938,1466221587.62580,0
2026-07-28 16:00:00+00:00,63899.5,64084.5,63477.2,63882.4,17230.992,2026-07-28 19:59:59.999000+00:00,1098918929.60840,472346,9014.105,574999385.06100,0
2026-07-28 20:00:00+00:00,63882.4,64047.9,63526.0,63903.6,15111.791,2026-07-28 23:59:59.999000+00:00,964364077.68270,337923,8785.018,560576292.63470,0
2026-07-29 00:00:00+00:00,63903.6,64175.0,63630.0,63727.0,20893.234,2026-07-29 03:59:59.999000+00:00,1334718701.75960,606173,10855.507,693467078.83410,0
2026-07-29 04:00:00+00:00,63727.0,64544.0,63569.5,64539.0,22600.631,2026-07-29 07:59:59.999000+00:00,1450484092.76110,455751,12258.736,786714802.84850,0
2026-07-29 08:00:00+00:00,64539.1,64715.9,64251.0,64480.0,19217.032,2026-07-29 11:59:59.999000+00:00,1239368404.97080,353213,8837.274,570001798.50990,0
2026-07-29 12:00:00+00:00,64479.9,64688.0,63857.4,63940.2,30660.559,2026-07-29 15:59:59.999000+00:00,1969668054.83840,844423,15130.968,972072743.46730,0
2026-07-29 16:00:00+00:00,63940.2,64703.9,63483.9,63564.1,56370.126,2026-07-29 19:59:59.999000+00:00,3612770678.90260,1238441,27672.831,1773656299.26410,0
2026-07-29 20:00:00+00:00,63564.0,64108.4,63234.0,63958.9,30234.717,2026-07-29 23:59:59.999000+00:00,1925328949.64060,619255,16016.277,1019969222.66130,0
2026-07-30 00:00:00+00:00,63958.9,64393.0,63576.4,64134.0,19263.395,2026-07-30 03:59:59.999000+00:00,1233060701.07310,472027,9997.091,640008172.54410,0
2026-07-30 04:00:00+00:00,64134.0,64156.4,63881.0,63981.9,10707.126,2026-07-30 07:59:59.999000+00:00,685490111.81310,305807,5570.214,356612546.01110,0
2026-07-30 08:00:00+00:00,63981.9,64870.0,63950.0,64766.8,22143.473,2026-07-30 11:59:59.999000+00:00,1428763081.26460,399935,11959.457,771639357.80960,0
2026-07-30 12:00:00+00:00,64766.9,65157.0,64571.4,64694.2,37561.257,2026-07-30 15:59:59.999000+00:00,2435612394.94570,685824,18779.859,1217808633.08470,0
2026-07-30 16:00:00+00:00,64694.2,64957.2,64657.4,64778.6,9665.986,2026-07-30 19:59:59.999000+00:00,626443525.49610,280997,5129.224,332424917.52130,0
2026-07-30 20:00:00+00:00,64778.5,65062.9,64636.3,64750.0,13514.495,2026-07-30 23:59:59.999000+00:00,876245254.64640,285660,7077.362,458914493.36500,0
2026-07-31 00:00:00+00:00,64750.0,65391.3,64138.0,64344.0,35138.633,2026-07-31 03:59:59.999000+00:00,2272651023.79810,701130,18822.167,1217748989.62060,0
2026-07-31 04:00:00+00:00,64344.0,64476.8,63835.6,63909.1,21124.109,2026-07-31 07:59:59.999000+00:00,1354901420.97920,389613,9906.357,635701069.30120,0
2026-07-31 08:00:00+00:00,63909.1,63982.2,63577.0,63779.4,20536.673,2026-07-31 11:59:59.999000+00:00,1310120520.15830,375326,10716.548,683669501.01370,0
2026-07-31 12:00:00+00:00,63779.4,63807.5,62410.5,62695.4,67331.204,2026-07-31 15:59:59.999000+00:00,4238846733.05530,1210827,33434.888,2104135037.44210,0
2026-07-31 16:00:00+00:00,62695.3,63275.7,62680.1,62947.2,21608.292,2026-07-31 19:59:59.999000+00:00,1360995504.12760,471191,10487.024,660461491.27800,0
2026-07-31 20:00:00+00:00,62947.1,63037.0,62814.1,62859.9,9226.024,2026-07-31 23:59:59.999000+00:00,580680211.53830,206535,4497.906,283104564.54760,0
2026-08-01 00:00:00+00:00,62859.9,63084.6,62859.8,62973.8,6513.744,2026-08-01 03:59:59.999000+00:00,410169020.53080,157865,3322.299,209208838.51310,0
2026-08-01 04:00:00+00:00,62973.8,63118.7,62964.1,63019.6,5009.899,2026-08-01 07:59:59.999000+00:00,315781390.44940,112964,2455.781,154796293.58550,0
2026-08-01 08:00:00+00:00,63019.6,63126.6,62956.5,63045.1,4669.724,2026-08-01 11:59:59.999000+00:00,294389022.85080,96124,2270.215,143123443.17840,0
2026-08-01 12:00:00+00:00,63045.2,63097.5,62976.4,62976.4,3987.843,2026-08-01 15:59:59.999000+00:00,251459159.35190,89611,1881.347,118641794.67020,0
2026-08-01 16:00:00+00:00,62976.4,63006.6,62228.8,62502.1,26037.185,2026-08-01 19:59:59.999000+00:00,1629136700.23280,442368,11420.174,714544783.23840,0
2026-08-01 20:00:00+00:00,62502.1,62844.9,62456.9,62792.3,8519.748,2026-08-01 23:59:59.999000+00:00,534316030.75710,185327,4702.894,294913875.82310,0
2026-08-02 00:00:00+00:00,62792.3,63542.0,62782.3,63436.7,22119.756,2026-08-02 03:59:59.999000+00:00,1399319953.71830,410427,12352.164,781288679.17900,0
2026-08-02 04:00:00+00:00,63436.8,63620.0,63382.9,63468.1,10767.479,2026-08-02 07:59:59.999000+00:00,683500556.98220,172797,4615.335,293018181.70210,0
2026-08-02 08:00:00+00:00,63468.0,63507.8,62961.1,63007.3,15698.43,2026-08-02 11:59:59.999000+00:00,992296638.37720,255587,6532.851,412913614.39260,0
2026-08-02 12:00:00+00:00,63007.2,63215.1,62974.4,63081.6,8524.317,2026-08-02 15:59:59.999000+00:00,537841094.68310,177381,4401.555,277716326.76860,0
2026-08-02 16:00:00+00:00,63081.6,63594.6,63038.0,63432.9,10931.715,2026-08-02 19:59:59.999000+00:00,692074981.32790,229014,6768.586,428503827.35400,0
2026-08-02 20:00:00+00:00,63433.0,63779.0,63306.2,63550.0,15998.71,2026-08-02 23:59:59.999000+00:00,1016494444.96420,355989,8182.691,520008616.85940,0
2026-08-03 00:00:00+00:00,63550.0,63575.6,62745.0,62839.7,14923.666,2026-08-03 03:59:59.999000+00:00,942357947.90490,356320,6830.582,431380365.55230,0
2026-08-03 04:00:00+00:00,62839.8,62976.8,62520.0,62591.0,17943.273,2026-08-03 07:59:59.999000+00:00,1125674018.62200,338469,8725.456,547472495.09650,0
2026-08-03 08:00:00+00:00,62591.0,62846.3,62268.2,62534.1,22976.883,2026-08-03 11:59:59.999000+00:00,1437509159.10820,390601,10713.759,670351608.21110,0
2026-08-03 12:00:00+00:00,62534.1,63960.0,62400.0,63659.5,60123.156,2026-08-03 15:59:59.999000+00:00,3809072779.55030,1179094,30014.622,1900973845.35560,0
2026-08-03 16:00:00+00:00,63659.5,64058.8,63626.2,63836.9,20815.435,2026-08-03 19:59:59.999000+00:00,1329198752.90190,498729,10915.422,697118356.54400,0
2026-08-03 20:00:00+00:00,63836.9,63992.9,63352.2,63497.2,15061.449,2026-08-03 23:59:59.999000+00:00,958186722.25340,296062,6581.602,418687447.21410,0
2026-08-04 00:00:00+00:00,63497.1,63958.6,63290.2,63771.0,18605.621,2026-08-04 03:59:59.999000+00:00,1184060019.29970,405769,10216.029,650144200.12820,0
2026-08-04 04:00:00+00:00,63771.0,64239.8,63480.0,63666.5,19953.022,2026-08-04 07:59:59.999000+00:00,1273881462.00140,370964,10572.794,675133743.61430,0
2026-08-04 08:00:00+00:00,63666.5,63926.0,63428.8,63900.2,14201.869,2026-08-04 11:59:59.999000+00:00,904105412.83060,294873,7674.404,488600769.64410,0
2026-08-04 12:00:00+00:00,63900.2,64200.0,63582.1,64088.4,35048.599,2026-08-04 15:59:59.999000+00:00,2240749540.27900,813539,17924.990,1145960782.86270,0
2026-08-04 16:00:00+00:00,64088.3,64388.0,63856.4,64197.3,21295.609,2026-08-04 19:59:59.999000+00:00,1366176655.53950,498773,10993.211,705319599.87730,0
2026-08-04 20:00:00+00:00,64197.3,64512.9,63918.2,64075.5,20920.58,2026-08-04 23:59:59.999000+00:00,1343623029.52550,347874,10519.020,675699825.96380,0
2026-08-05 00:00:00+00:00,64075.6,64480.0,63917.1,64145.6,26385.509,2026-08-05 03:59:59.999000+00:00,1694111926.95890,407733,12984.491,833623600.47070,0
2026-08-05 04:00:00+00:00,64145.6,64500.0,63962.4,64141.0,16283.315,2026-08-05 07:59:59.999000+00:00,1045349663.49110,286008,8666.951,556351541.10860,0
2026-08-05 08:00:00+00:00,64141.0,64257.1,63982.2,64044.6,11496.742,2026-08-05 11:59:59.999000+00:00,737149709.73130,240201,5339.211,342366725.59700,0
2026-08-05 12:00:00+00:00,64044.7,64728.5,63847.0,64353.6,51851.564,2026-08-05 15:59:59.999000+00:00,3336974412.17650,978201,26471.655,1703823256.04320,0
2026-08-05 16:00:00+00:00,64353.6,64898.0,64352.5,64805.7,21144.927,2026-08-05 19:59:59.999000+00:00,1368139418.26960,436677,11278.294,729782826.92540,0
2026-08-05 20:00:00+00:00,64805.7,65022.0,64535.6,64633.9,17958.19,2026-08-05 23:59:59.999000+00:00,1163686383.56430,280565,10192.711,660705801.70990,0
2026-08-06 00:00:00+00:00,64634.0,64696.0,64386.3,64496.2,11750.306,2026-08-06 03:59:59.999000+00:00,758208350.31050,238297,5647.522,364428985.10890,0
2026-08-06 04:00:00+00:00,64496.3,64971.7,64461.9,64789.4,14522.523,2026-08-06 07:59:59.999000+00:00,941102965.11120,255728,7284.902,472019498.31520,0
2026-08-06 08:00:00+00:00,64789.3,64971.0,64473.0,64590.1,14068.606,2026-08-06 11:59:59.999000+00:00,910044502.48030,241696,7040.317,455402217.96410,0
2026-08-06 12:00:00+00:00,64590.1,64962.0,64111.0,64604.2,37867.908,2026-08-06 15:59:59.999000+00:00,2443043641.34570,749779,19407.747,1252283546.21440,0
2026-08-06 16:00:00+00:00,64604.2,64807.4,64323.2,64412.8,13223.353,2026-08-06 19:59:59.999000+00:00,853458002.21550,317358,6646.787,429047114.07800,0
2026-08-06 20:00:00+00:00,64412.8,64510.7,64163.5,64300.0,7872.088,2026-08-06 23:59:59.999000+00:00,506598672.74590,171377,3537.987,227709654.45670,0
2026-08-07 00:00:00+00:00,64299.9,64524.8,64195.2,64264.0,11976.24,2026-08-07 03:59:59.999000+00:00,770595397.67920,297683,6249.255,402105552.40020,0
2026-08-07 04:00:00+00:00,64264.0,64441.0,64128.3,64288.9,11470.902,2026-08-07 07:59:59.999000+00:00,737502823.67540,230890,5527.775,355407547.53810,0
2026-08-07 08:00:00+00:00,64288.8,65187.9,64268.9,64996.1,26927.143,2026-08-07 11:59:59.999000+00:00,1745697428.14300,446067,14502.017,940054646.56020,0
2026-08-07 12:00:00+00:00,64996.2,65358.0,64756.8,64885.4,46158.292,2026-08-07 15:59:59.999000+00:00,3004110503.71900,898584,24675.707,1606193758.05620,0
2026-08-07 16:00:00+00:00,64885.5,65050.0,64490.0,64932.9,22059.668,2026-08-07 19:59:59.999000+00:00,1428685699.42820,402021,11054.230,715987253.93370,0
2026-08-07 20:00:00+00:00,64932.9,65078.7,64815.3,64885.4,5796.135,2026-08-07 23:59:59.999000+00:00,376331867.32040,122169,2848.557,184960918.79000,0
2026-08-08 00:00:00+00:00,64885.5,65046.1,64784.3,65000.0,4575.794,2026-08-08 03:59:59.999000+00:00,297013671.30290,105206,2496.392,162045000.85420,0
2026-08-08 04:00:00+00:00,65000.0,65040.1,64919.5,64936.3,3614.339,2026-08-08 07:59:59.999000+00:00,234825319.48990,83314,1795.695,116667631.38010,0
2026-08-08 08:00:00+00:00,64936.3,65026.9,64920.0,64938.5,3010.788,2026-08-08 11:59:59.999000+00:00,195611922.35680,71348,1576.416,102421538.72930,0
2026-08-08 12:00:00+00:00,64938.4,65163.0,64890.8,65049.3,6827.321,2026-08-08 15:59:59.999000+00:00,444120206.02270,130284,3694.406,240318935.38870,0
2026-08-08 16:00:00+00:00,65049.4,65123.1,64986.2,65045.5,4354.408,2026-08-08 19:59:59.999000+00:00,283239272.14140,85982,2360.633,153554420.72110,0
2026-08-08 20:00:00+00:00,65045.5,65059.1,64907.9,64928.5,4055.652,2026-08-08 23:59:59.999000+00:00,263531544.81820,84652,1902.840,123647247.02900,0
2026-08-09 00:00:00+00:00,64928.6,64982.4,64700.0,64759.0,5943.453,2026-08-09 03:59:59.999000+00:00,385307792.91330,121254,2658.904,172374140.48020,0
2026-08-09 04:00:00+00:00,64758.9,64835.0,64747.4,64793.6,3791.377,2026-08-09 07:59:59.999000+00:00,245661901.26940,100120,2056.607,133256940.74330,0
2026-08-09 08:00:00+00:00,64793.7,64978.0,64759.2,64921.8,5708.404,2026-08-09 11:59:59.999000+00:00,370308374.05220,110249,3053.272,198062673.00100,0
2026-08-09 12:00:00+00:00,64921.7,65279.9,64884.3,65207.7,11644.117,2026-08-09 15:59:59.999000+00:00,758529980.64980,190621,6545.437,426379834.80680,0
2026-08-09 16:00:00+00:00,65207.8,65243.1,65147.2,65153.2,4282.764,2026-08-09 19:59:59.999000+00:00,279196096.33140,87322,1861.818,121374849.38490,0
2026-08-09 20:00:00+00:00,65153.2,65482.7,64805.1,64867.8,16478.347,2026-08-09 23:59:59.999000+00:00,1072934915.50750,295358,8363.716,544847183.27250,0
2026-08-10 00:00:00+00:00,64867.8,65373.6,64794.4,64946.4,19652.32,2026-08-10 03:59:59.999000+00:00,1278101985.21410,414806,10018.552,651578752.08250,0
2026-08-10 04:00:00+00:00,64946.4,65348.4,64892.1,65183.0,10477.827,2026-08-10 07:59:59.999000+00:00,682763938.67470,249926,5428.065,353700593.95300,0
2026-08-10 08:00:00+00:00,65183.0,65306.9,64928.0,65097.6,10919.27,2026-08-10 11:59:59.999000+00:00,710438928.95800,218595,5612.414,365137498.49310,0
2026-08-10 12:00:00+00:00,65097.5,65221.2,64171.8,64268.8,43196.125,2026-08-10 15:59:59.999000+00:00,2790992997.27140,675177,20278.036,1310125037.55900,0
2026-08-10 16:00:00+00:00,64268.7,64330.0,63788.0,64017.2,35855.706,2026-08-10 19:59:59.999000+00:00,2293914772.69780,530745,17189.441,1099681489.35520,0
2026-08-10 20:00:00+00:00,64017.2,64189.3,63881.6,63939.3,8724.48,2026-08-10 23:59:59.999000+00:00,558579616.26790,197499,4092.218,262051048.29430,0
2026-08-11 00:00:00+00:00,63939.3,64148.0,63863.9,64110.7,9427.551,2026-08-11 03:59:59.999000+00:00,603466588.83000,218060,4455.846,285224143.73560,0
2026-08-11 04:00:00+00:00,64110.7,64124.2,63820.0,64031.7,9537.32,2026-08-11 07:59:59.999000+00:00,610134609.32420,196793,4393.856,281079918.04330,0
2026-08-11 08:00:00+00:00,64031.7,64380.0,64010.4,64358.3,13370.273,2026-08-11 11:59:59.999000+00:00,858622608.87900,206338,6740.476,432871878.27760,0
2026-08-11 12:00:00+00:00,64358.4,64470.0,63420.0,63585.3,37999.437,2026-08-11 15:59:59.999000+00:00,2429176035.10320,657612,17577.639,1123725601.02950,0
2026-08-11 16:00:00+00:00,63585.3,63637.5,63211.6,63508.5,23497.495,2026-08-11 19:59:59.999000+00:00,1490444485.51840,396073,11265.868,714722981.55390,0
2026-08-11 20:00:00+00:00,63508.5,63757.5,63508.5,63572.0,12191.57,2026-08-11 23:59:59.999000+00:00,775872809.34210,203889,5995.844,381576204.81960,0
2026-08-12 00:00:00+00:00,63571.9,63886.0,63505.3,63800.1,10094.4,2026-08-12 03:59:59.999000+00:00,643380912.52780,225152,5079.123,323690588.36740,0
2026-08-12 04:00:00+00:00,63800.1,63863.6,63574.6,63804.8,10960.547,2026-08-12 07:59:59.999000+00:00,698381479.54130,201533,5326.954,339408909.09920,0
2026-08-12 08:00:00+00:00,63804.8,64222.2,63735.4,64207.3,18341.074,2026-08-12 11:59:59.999000+00:00,1174155327.41670,311960,9735.014,623227806.57100,0
2026-08-12 12:00:00+00:00,64207.3,64450.0,63291.1,63421.4,51576.711,2026-08-12 15:59:59.999000+00:00,3292853547.78820,897756,25866.715,1651474919.20710,0
2026-08-12 16:00:00+00:00,63421.3,63557.5,63283.0,63394.9,13318.223,2026-08-12 19:59:59.999000+00:00,844577324.70530,269796,6550.852,415463623.38490,0
2026-08-12 20:00:00+00:00,63394.8,63629.8,63337.5,63454.7,10141.858,2026-08-12 23:59:59.999000+00:00,643564047.62470,214738,5063.167,321311468.35420,0
2026-08-13 00:00:00+00:00,63454.6,63694.9,63343.8,63623.5,13913.62,2026-08-13 03:59:59.999000+00:00,883910802.87830,260586,7045.183,447620005.89270,0
2026-08-13 04:00:00+00:00,63623.5,63990.7,63564.9,63833.0,15828.591,2026-08-13 07:59:59.999000+00:00,1010127932.75140,250594,8188.543,522548716.05460,0
2026-08-13 08:00:00+00:00,63833.0,63881.3,63318.1,63458.5,17322.625,2026-08-13 11:59:59.999000+00:00,1101699331.34150,253219,7869.408,500459229.58260,0
2026-08-13 12:00:00+00:00,63458.6,63980.6,63385.0,63385.0,27296.132,2026-08-13 15:59:59.999000+00:00,1738602965.63700,527488,14110.052,898770852.09810,0
2026-08-13 16:00:00+00:00,63385.0,63544.0,62800.0,63387.4,37868.008,2026-08-13 19:59:59.999000+00:00,2392428284.83190,600923,18150.944,1146834958.75700,0
2026-08-13 20:00:00+00:00,63387.3,63613.6,63343.4,63456.7,10437.116,2026-08-13 23:59:59.999000+00:00,662438795.84860,199134,5261.433,333950176.28730,0
2026-08-14 00:00:00+00:00,63456.7,63595.1,63277.1,63288.1,9319.627,2026-08-14 03:59:59.999000+00:00,591425597.97380,234486,4429.441,281098263.20020,0
2026-08-14 04:00:00+00:00,63288.0,63449.6,62888.0,62888.1,17241.258,2026-08-14 07:59:59.999000+00:00,1088036502.58510,257042,7990.522,504348146.92530,0
2026-08-14 08:00:00+00:00,62888.0,62974.4,62658.8,62837.4,21560.529,2026-08-14 11:59:59.999000+00:00,1354404397.25200,340483,10370.120,651498129.76370,0
2026-08-14 12:00:00+00:00,62837.5,63061.7,62484.2,62956.0,34290.186,2026-08-14 15:59:59.999000+00:00,2150552574.12400,647840,16692.296,1047223600.09180,0
2026-08-14 16:00:00+00:00,62956.0,63215.3,62781.4,62936.3,16763.54,2026-08-14 19:59:59.999000+00:00,1056470307.35530,314892,7809.926,492185760.14440,0
2026-08-14 20:00:00+00:00,62936.4,63040.3,62770.9,63015.0,6172.617,2026-08-14 23:59:59.999000+00:00,388308011.05990,163211,3349.497,210717375.04650,0
2026-08-15 00:00:00+00:00,63014.9,63170.0,62964.4,63030.3,5164.282,2026-08-15 03:59:59.999000+00:00,325600733.26850,123804,2595.137,163631261.43930,0
2026-08-15 04:00:00+00:00,63030.3,63127.5,63003.8,63049.8,4561.169,2026-08-15 07:59:59.999000+00:00,287639629.76620,93447,2314.668,145970721.19810,0
2026-08-15 08:00:00+00:00,63049.9,63058.4,62890.2,62993.1,4848.992,2026-08-15 11:59:59.999000+00:00,305354439.78560,97766,2262.342,142467397.67660,0
2026-08-15 12:00:00+00:00,62993.0,63096.7,62920.9,63068.0,4304.778,2026-08-15 15:59:59.999000+00:00,271237342.42140,89857,2321.502,146286857.33750,0
2026-08-15 16:00:00+00:00,63068.1,63097.3,63011.6,63093.6,3557.61,2026-08-15 19:59:59.999000+00:00,224312744.22190,69644,1685.796,106294769.53370,0
2026-08-15 20:00:00+00:00,63093.6,63141.6,63040.1,63053.9,2694.354,2026-08-15 23:59:59.999000+00:00,170002876.35290,75030,1232.685,77777670.47550,0
2026-08-16 00:00:00+00:00,63053.9,63132.2,62975.9,63096.6,3916.019,2026-08-16 03:59:59.999000+00:00,246946358.18100,78795,1944.248,122602768.54140,0
2026-08-16 04:00:00+00:00,63096.5,63122.7,63007.1,63034.3,2390.922,2026-08-16 07:59:59.999000+00:00,150740201.71590,58421,1097.653,69202088.45730,0
2026-08-16 08:00:00+00:00,63034.4,63045.1,62928.5,62981.1,3684.767,2026-08-16 11:59:59.999000+00:00,232070038.93870,70999,1599.692,100748871.19730,0
2026-08-16 12:00:00+00:00,62981.1,63113.8,62959.1,63113.8,4034.188,2026-08-16 15:59:59.999000+00:00,254340163.77740,89726,2293.672,144603992.46320,0
2026-08-16 16:00:00+00:00,63113.8,63370.0,63063.6,63082.2,12382.223,2026-08-16 19:59:59.999000+00:00,782736604.74820,192137,6837.549,432248061.00490,0
2026-08-16 20:00:00+00:00,63082.3,63117.1,62681.1,62876.0,13519.956,2026-08-16 23:59:59.999000+00:00,849950342.40830,266878,6339.427,398573666.44130,0
2026-08-17 00:00:00+00:00,62876.0,63498.0,62723.9,63409.8,21153.293,2026-08-17 03:59:59.999000+00:00,1336566867.94960,404332,11288.016,713139323.59370,0
2026-08-17 04:00:00+00:00,63409.7,63693.2,63409.7,63493.5,15679.741,2026-08-17 07:59:59.999000+00:00,996047130.17320,254789,8083.238,513492058.48840,0
2026-08-17 08:00:00+00:00,63493.5,63753.0,63255.0,63600.0,19257.443,2026-08-17 11:59:59.999000+00:00,1222728689.22680,288335,10250.185,650894258.21170,0
2026-08-17 12:00:00+00:00,63600.0,64199.9,63412.5,64169.9,37743.322,2026-08-17 15:59:59.999000+00:00,2406990341.42460,557789,21188.680,1351299606.50710,0
2026-08-17 16:00:00+00:00,64169.8,64600.8,63944.3,64280.4,33695.153,2026-08-17 19:59:59.999000+00:00,2166116260.39950,518354,17504.874,1125644952.68800,0
2026-08-17 20:00:00+00:00,64280.4,64555.4,64231.3,64504.1,10720.379,2026-08-17 23:59:59.999000+00:00,690051123.28840,212609,5808.214,373892692.24660,0
2026-08-18 00:00:00+00:00,64504.1,64541.6,64000.0,64147.4,16155.4,2026-08-18 03:59:59.999000+00:00,1037129781.65060,263385,7436.339,477312343.75630,0
2026-08-18 04:00:00+00:00,64147.5,64425.0,64055.0,64170.9,12799.365,2026-08-18 07:59:59.999000+00:00,822009854.99000,215872,6748.516,433423470.97350,0
2026-08-18 08:00:00+00:00,64170.8,64380.0,64056.4,64326.0,10012.521,2026-08-18 11:59:59.999000+00:00,642978394.13930,195792,5366.634,344622137.38890,0
2026-08-18 12:00:00+00:00,64326.1,65057.9,63979.2,64823.9,40826.744,2026-08-18 15:59:59.999000+00:00,2636786076.73370,608691,21352.150,1379365626.11560,0
2026-08-18 16:00:00+00:00,64823.9,64861.7,64611.3,64619.7,10943.691,2026-08-18 19:59:59.999000+00:00,708361891.55340,202684,5082.885,329019388.04000,0
2026-08-18 20:00:00+00:00,64619.8,64755.5,64528.4,64694.0,6776.167,2026-08-18 23:59:59.999000+00:00,437809891.76420,150042,3394.126,219296618.14000,0
2026-08-19 00:00:00+00:00,64694.1,64705.7,64252.0,64296.3,12246.886,2026-08-19 03:59:59.999000+00:00,788905213.51230,243758,6036.807,388864601.98990,0
2026-08-19 04:00:00+00:00,64296.3,64382.2,64131.3,64266.1,12332.044,2026-08-19 07:59:59.999000+00:00,792668002.37080,186868,6753.957,434153642.66920,0
2026-08-19 08:00:00+00:00,64266.0,64509.7,64219.6,64479.0,11070.143,2026-08-19 11:59:59.999000+00:00,712877245.25740,188259,5501.606,354273453.33670,0
2026-08-19 12:00:00+00:00,64479.1,70450.0,64440.0,68523.7,173988.154,2026-08-19 15:59:59.999000+00:00,11610781540.02280,2375503,99444.406,6638742167.43030,0
2026-08-19 16:00:00+00:00,68523.7,68998.0,67803.6,68404.1,54987.525,2026-08-19 19:59:59.999000+00:00,3760211618.94050,1076067,27454.397,1877465052.10510,0
2026-08-19 20:00:00+00:00,68404.1,70048.2,68356.9,69310.0,61871.73,2026-08-19 23:59:59.999000+00:00,4289575915.85590,1318360,34393.411,2384816250.42040,0
2026-08-20 00:00:00+00:00,69310.1,69867.9,68882.1,69183.5,31215.909,2026-08-20 03:59:59.999000+00:00,2166245808.54590,766245,16630.351,1154081840.35780,0
2026-08-20 04:00:00+00:00,69183.5,69999.0,69155.0,69815.9,27284.805,2026-08-20 07:59:59.999000+00:00,1898755295.69920,553109,14514.006,1010128955.32440,0
2026-08-20 08:00:00+00:00,69815.9,72487.5,69771.8,71896.2,100852.483,2026-08-20 11:59:59.999000+00:00,7214712565.69780,1948729,56534.596,4041824722.30350,0
2026-08-20 12:00:00+00:00,71896.2,72849.9,71100.0,72429.0,71907.275,2026-08-20 15:59:59.999000+00:00,5170125856.17340,1824777,35311.487,2539906075.08500,0
2026-08-20 16:00:00+00:00,72429.1,72945.3,72159.8,72649.7,31571.711,2026-08-20 19:59:59.999000+00:00,2291484763.59140,937080,15634.035,1135033430.48120,0
2026-08-20 20:00:00+00:00,72649.8,73399.7,72458.7,72998.7,26629.64,2026-08-20 23:59:59.999000+00:00,1941710569.96480,631511,14542.709,1060745208.77440,0
2026-08-21 00:00:00+00:00,72998.8,75767.5,72992.4,74482.9,83419.101,2026-08-21 03:59:59.999000+00:00,6215634923.78560,2031493,45335.035,3377525713.99430,0
2026-08-21 04:00:00+00:00,74482.9,76900.0,74482.8,76310.4,71042.407,2026-08-21 07:59:59.999000+00:00,5388448923.69000,1524633,37165.259,2818902038.76240,0
2026-08-21 08:00:00+00:00,76310.3,79555.5,76253.2,76749.0,154295.99,2026-08-21 11:59:59.999000+00:00,12000528095.09900,3136445,77234.261,6009016127.84300,0
2026-08-21 12:00:00+00:00,76748.9,77871.6,76237.0,77219.8,69352.763,2026-08-21 15:59:59.999000+00:00,5348012712.98110,1821773,35848.443,2764897654.93600,0
2026-08-21 16:00:00+00:00,77219.8,77711.1,76576.4,76995.4,35058.19,2026-08-21 19:59:59.999000+00:00,2706657604.94230,899719,15729.086,1214618355.70440,0
2026-08-21 20:00:00+00:00,76995.4,78748.8,76815.6,78309.1,37093.621,2026-08-21 23:59:59.999000+00:00,2898429759.96890,1132452,19631.322,1533806811.80950,0
2026-08-22 00:00:00+00:00,78309.1,78831.8,77649.7,78395.0,24580.533,2026-08-22 03:59:59.999000+00:00,1921932728.69340,831588,12506.324,978042569.75910,0
2026-08-22 04:00:00+00:00,78395.0,78815.2,76510.0,77286.7,45387.994,2026-08-22 07:59:59.999000+00:00,3515792768.20370,1159976,21640.088,1676254307.84980,0
2026-08-22 08:00:00+00:00,77286.7,77430.0,76512.9,77137.9,26139.742,2026-08-22 11:59:59.999000+00:00,2012970487.16940,735407,12447.696,958578117.34060,0
2026-08-22 12:00:00+00:00,77137.9,77390.0,76888.0,76995.6,12410.239,2026-08-22 15:59:59.999000+00:00,957383106.98570,447132,6282.671,484697591.78140,0
2026-08-22 16:00:00+00:00,76995.6,77590.6,76969.4,77422.4,10356.14,2026-08-22 19:59:59.999000+00:00,800577233.45280,320262,5408.095,418092388.56330,0
2026-08-22 20:00:00+00:00,77422.3,77498.0,76772.0,77084.5,10062.796,2026-08-22 23:59:59.999000+00:00,775624653.44500,308842,4731.081,364688968.13670,0
2026-08-23 00:00:00+00:00,77084.5,77423.8,76842.1,76941.1,10546.566,2026-08-23 03:59:59.999000+00:00,813653465.62230,289684,5167.108,398639974.66920,0
2026-08-23 04:00:00+00:00,76941.2,77046.8,75588.0,76020.3,42202.426,2026-08-23 07:59:59.999000+00:00,3217890484.83900,854436,18603.687,1419135769.87260,0
2026-08-23 08:00:00+00:00,76020.2,77400.0,75966.7,77296.0,24709.159,2026-08-23 11:59:59.999000+00:00,1897006763.31290,520944,14125.417,1084642928.59950,0
2026-08-23 12:00:00+00:00,77296.1,77771.6,76762.1,77124.0,26848.497,2026-08-23 15:59:59.999000+00:00,2074518768.03230,677643,13168.718,1017918401.93130,0
2026-08-23 16:00:00+00:00,77124.0,77467.8,77075.1,77305.1,9070.668,2026-08-23 19:59:59.999000+00:00,701009690.49830,328117,4191.483,323961419.03680,0
2026-08-23 20:00:00+00:00,77305.0,78057.6,77167.3,77719.1,17704.018,2026-08-23 23:59:59.999000+00:00,1375110191.14310,567726,9651.263,749727154.14040,0
2026-08-24 00:00:00+00:00,77719.0,77728.4,76857.1,76925.2,23632.135,2026-08-24 03:59:59.999000+00:00,1826081130.01210,685809,11286.729,872226098.17790,0
2026-08-24 04:00:00+00:00,76925.2,77789.7,76649.0,77301.8,21827.005,2026-08-24 07:59:59.999000+00:00,1685176196.70330,566288,10404.752,803557470.92180,0
2026-08-24 08:00:00+00:00,77301.8,78594.2,76802.9,78429.4,41249.502,2026-08-24 11:59:59.999000+00:00,3208010384.52240,780024,21906.989,1703949058.36220,0
2026-08-24 12:00:00+00:00,78429.4,79974.8,77800.0,79069.3,95178.096,2026-08-24 15:59:59.999000+00:00,7524461946.43990,2302576,47630.789,3766511819.38090,0
2026-08-24 16:00:00+00:00,79069.3,79839.8,78410.0,78715.1,40535.17,2026-08-24 19:59:59.999000+00:00,3201867804.47590,1207122,19207.732,1517639296.61710,0
2026-08-24 20:00:00+00:00,78715.1,79012.6,78520.3,78953.0,10080.442,2026-08-24 23:59:59.999000+00:00,794380290.65110,372914,5210.603,410623827.17630,0
2026-08-25 00:00:00+00:00,78952.9,81270.5,78675.7,80457.6,60773.745,2026-08-25 03:59:59.999000+00:00,4880786358.00440,1427693,32990.946,2649482322.21820,0
2026-08-25 04:00:00+00:00,80457.6,80912.0,79288.5,79661.5,38118.217,2026-08-25 07:59:59.999000+00:00,3060809938.04100,768688,17482.896,1404331297.42840,0
2026-08-25 08:00:00+00:00,79661.6,80235.4,78827.3,79097.0,33933.832,2026-08-25 11:59:59.999000+00:00,2697366951.70150,784051,16408.115,1304395281.87950,0
2026-08-25 12:00:00+00:00,79097.0,79499.9,78100.1,79463.1,54549.409,2026-08-25 15:59:59.999000+00:00,4302434729.99800,1463292,27391.781,2161230377.67250,0
2026-08-25 16:00:00+00:00,79463.1,79539.9,78677.2,78890.7,21100.529,2026-08-25 19:59:59.999000+00:00,1668595257.31230,566522,10444.777,826114895.31990,0
2026-08-25 20:00:00+00:00,78890.6,78980.0,77808.1,78505.4,31225.828,2026-08-25 23:59:59.999000+00:00,2449815857.49380,733286,14536.836,1140910501.52120,0
2026-08-26 00:00:00+00:00,78505.5,79200.0,78252.8,79049.0,16888.598,2026-08-26 03:59:59.999000+00:00,1330856016.15490,509416,8399.092,661971874.07330,0
2026-08-26 04:00:00+00:00,79049.0,79180.2,78600.0,78887.0,14953.112,2026-08-26 07:59:59.999000+00:00,1180209354.69770,422690,7201.415,568419590.60210,0
2026-08-26 08:00:00+00:00,78887.1,79087.9,78208.0,78442.6,21044.135,2026-08-26 11:59:59.999000+00:00,1653915979.65680,541930,9695.788,762086089.63610,0
2026-08-26 12:00:00+00:00,78442.6,78679.2,77600.0,77980.7,43880.63,2026-08-26 15:59:59.999000+00:00,3428358465.21840,1111662,21172.797,1654255059.32960,0
2026-08-26 16:00:00+00:00,77980.7,78641.3,77812.6,78434.9,19986.147,2026-08-26 19:59:59.999000+00:00,1565231697.52390,499335,11257.049,881763696.68030,0
2026-08-26 20:00:00+00:00,78434.9,79138.7,78156.5,78989.4,17611.738,2026-08-26 23:59:59.999000+00:00,1386668732.13850,447387,9630.911,758427919.71580,0
2026-08-27 00:00:00+00:00,78989.4,78999.4,78522.1,78801.8,12387.558,2026-08-27 03:59:59.999000+00:00,976048372.16370,370249,6593.198,519535838.00730,0
2026-08-27 04:00:00+00:00,78801.8,79074.0,78566.5,79054.4,11817.61,2026-08-27 07:59:59.999000+00:00,930680362.94500,271766,5811.657,457816138.88720,0
2026-08-27 08:00:00+00:00,79054.3,80499.9,79015.0,79440.1,50164.21,2026-08-27 11:59:59.999000+00:00,4000360991.07920,1013718,25406.751,2025977959.61130,0
2026-08-27 12:00:00+00:00,79440.1,80766.8,78864.0,80273.6,48811.322,2026-08-27 15:59:59.999000+00:00,3898481692.53420,1090068,24639.409,1968353556.78540,0
2026-08-27 16:00:00+00:00,80273.7,80845.1,79707.0,79877.9,32291.142,2026-08-27 19:59:59.999000+00:00,2592336307.64060,755472,15257.333,1224997391.72280,0
2026-08-27 20:00:00+00:00,79877.9,80399.5,79843.3,80208.9,9990.621,2026-08-27 23:59:59.999000+00:00,800460207.36470,300421,5303.379,424921659.83040,0
2026-08-28 00:00:00+00:00,80208.9,81500.0,79659.2,79783.3,39431.38,2026-08-28 03:59:59.999000+00:00,3172609898.41580,874694,19649.827,1581728314.58720,0
2026-08-28 04:00:00+00:00,79783.3,79971.0,79522.3,79645.6,17740.199,2026-08-28 07:59:59.999000+00:00,1414090655.17960,404310,8270.531,659291732.92030,0
2026-08-28 08:00:00+00:00,79645.7,79815.0,78961.5,79563.2,24348.57,2026-08-28 11:59:59.999000+00:00,1933728225.81560,467548,11371.922,903264921.55360,0
2026-08-28 12:00:00+00:00,79563.2,79840.0,78271.0,78309.0,67761.143,2026-08-28 15:59:59.999000+00:00,5357343204.66540,1397496,31920.285,2524813421.57620,0
2026-08-28 16:00:00+00:00,78309.0,78381.6,76853.1,77546.4,60073.557,2026-08-28 19:59:59.999000+00:00,4665909231.82030,1222628,28841.187,2240363576.83580,0
2026-08-28 20:00:00+00:00,77546.3,77824.1,77210.8,77805.9,13067.257,2026-08-28 23:59:59.999000+00:00,1012912475.24560,314234,7294.385,565476104.48580,0
