trade_id,entry_signal_time,entry_signal_sqzmom,entry_signal_previous_color,entry_signal_current_color,entry_signal_ha_open,entry_signal_ha_high,entry_signal_ha_low,entry_signal_ha_close,entry_time,exit_signal_time,exit_signal_sqzmom,exit_signal_previous_color,exit_signal_current_color,exit_signal_ha_open,exit_signal_ha_high,exit_signal_ha_low,exit_signal_ha_close,exit_time,signal,entry_reference_price,entry_price,exit_reference_price,exit_price,pnl_bruto,commission_pct,funding_cycles,funding_cost_pct,total_fees,slippage_cost,pnl_neto,pnl_pct,max_favorable_pct,max_adverse_pct,duration_candles,duration_hours,result,sqzmom,sqzmom_abs_pct_price,sqzmom_delta,sqzmom_delta_pct_price,sqzmom_acceleration,sqzmom_accel_pct_price,sqzmom_slope3_pct_price,sqzmom_slope6_pct_price,sqzmom_recent_extreme,reversal_retracement,prior_impulse_bars,prior_impulse_amplitude_pct_price,return_3,return_6,return_12,return_24,distance_sma20,distance_sma50,sma20_slope5,range_position20,range_position50,atr_pct,ha_atr_pct,range_pct,realized_vol12,realized_vol24,atr_expansion,squeeze_state,previous_squeeze_state,bars_since_release,squeeze_on_last6,trend_regime,with_trend,exit_month,entry_month,outcome_return_1bar,outcome_return_2bar,outcome_return_3bar,outcome_return_6bar,outcome_return_12bar,outcome_return_18bar,outcome_mfe_to_net_giveback,duration_bucket,volatility_regime
1,2025-09-04 00:00:00+00:00,2510.572105817522,dark_green,light_green,111828.07081525461,112136.8,111081.1,111496.17499999999,2025-09-04 04:00:00+00:00,2025-09-07 04:00:00+00:00,-830.0225267857161,dark_red,light_red,110318.41121081507,110880.8,110318.41121081507,110646.45,2025-09-07 08:00:00+00:00,SHORT,111107.1,111051.54645000001,110710.8,110766.1554,0.3566828762518353,0.0798972041149815,9.0,0.09000000000000001,0.1698972041149815,0.09969316370559855,0.08709250843125527,0.08709250843125527,1.605062249900801,-2.064584981742948,19.0,76.0,WIN,2510.572105817522,2.2595964666682162,-28.382839266096653,-0.025545477531225862,-93.04051785714319,-0.08373948906698418,0.01632426700226626,0.1154462474231078,2538.9549450836184,0.011178945621329995,6,0.939883262034561,-0.009463432725379528,0.0010397173842728868,0.007445187965834377,0.017693546348353406,0.008030157318865694,,0.006689817433237044,0.7309229412537306,,1.0258881026094666,1.1129919026324187,0.950164300931261,1.6046345223140115,2.8280956352016684,0.967519988126707,OFF,OFF,5,0,RANGE,False,2025-09,2025-09,0.5711279763992883,0.2590206613012125,1.4439658890495477,-0.19392215316600403,0.015800275242372486,0.4247995323616749,1.5179697414695457,3-5d,LOW
2,2025-09-07 04:00:00+00:00,-830.0225267857161,dark_red,light_red,110318.41121081507,110880.8,110318.41121081507,110646.45,2025-09-07 08:00:00+00:00,2025-09-09 16:00:00+00:00,907.4819374999996,dark_green,light_green,112062.81640354038,112062.81640354038,110738.6,111038.25,2025-09-09 20:00:00+00:00,LONG,110710.8,110766.1554,111242.4,111186.7788,0.4801699563186168,0.08015189600053592,7.0,0.06999999999999999,0.1501518960005359,0.10042995497882423,0.22958810533925667,0.22958810533925667,2.2315883322605568,-0.1802494627343573,15.0,60.0,WIN,-830.0225267857161,0.7497213702599169,63.30206249999969,0.05717785663187303,65.70560714285693,0.05934886853211876,0.027503422365813525,-0.08893708188084493,-893.3245892857158,0.07086121132142432,10,1.445445516284641,0.006583523280542236,-0.0006237593642889339,-0.01939147972411015,-0.0029781658208867245,-0.0006962851732777997,0.0055989046199556025,-0.0029988433797609737,0.35377404789948913,0.5705876597965043,0.8699915099032054,0.9907015152349208,0.42127777958429413,2.0935373552409398,3.3042850790310574,0.8195656041265319,ON,ON,24,6,RANGE,False,2025-09,2025-09,0.436364879014306,0.4604697149215964,0.40702378661776617,0.4245381617713706,1.9716713937694363,,2.0020002269213,48-72h,LOW
3,2025-09-09 16:00:00+00:00,907.4819374999996,dark_green,light_green,112062.81640354038,112062.81640354038,110738.6,111038.25,2025-09-09 20:00:00+00:00,2025-09-16 04:00:00+00:00,-760.4043132741758,dark_red,light_red,115211.66314684888,115968.0,114867.0,115471.29999999999,2025-09-16 08:00:00+00:00,SHORT,111242.4,111186.7788,115799.4,115857.29969999999,-4.096459623309098,0.08168024326287975,19.0,0.19,0.27168024326287976,0.10414853389024348,-4.472288400462221,-4.472288400462221,0.29767819840824195,-5.012395592487471,39.0,156.0,LOSS,907.4819374999996,0.8157705634457393,-143.3400178571411,-0.12885387829732134,-145.24400892857,-0.13056544940959508,-0.06357115359252354,0.08577054321962083,1050.8219553571407,0.13640752091863595,9,1.4803353965687007,-0.015119951199689119,-0.0072172492882705,0.0002274832085022993,-0.0027592982883923867,-0.000757859729389132,0.002192146388668492,0.0019646132017847595,0.41095041322314135,0.6463839308244875,0.8646670979019428,0.9974543954355488,0.5424195652193402,2.2844894954063326,2.5735969413874686,1.0396343616750878,OFF,OFF,5,0,UP,False,2025-09,2025-09,-0.2816172960305119,-0.2807179085216882,-1.1811846823644112,-2.103146817668211,-2.863399078883999,-4.833597355731656,4.769966598870464,>5d,LOW
4,2025-09-16 04:00:00+00:00,-760.4043132741758,dark_red,light_red,115211.66314684888,115968.0,114867.0,115471.29999999999,2025-09-16 08:00:00+00:00,2025-09-17 16:00:00+00:00,540.5760787339841,dark_green,light_green,116293.83899052118,116316.0,114623.3,115588.0,2025-09-17 20:00:00+00:00,LONG,115799.4,115857.29969999999,115587.5,115529.70625,-0.1829888583187773,0.07988689760564133,4.0,0.04,0.11988689760564133,0.099767127577885,-0.4026428835023036,-0.4026428835023036,1.2162378232953117,-1.0852140549241445,9.0,36.0,LOSS,-760.4043132741758,0.6566565226367114,67.71768589338558,0.0584784428014183,110.93058928571463,0.09579547846164543,0.0105807035705955,-0.09653109991483241,-828.1219991675614,0.08177259626172985,19,2.8220171440376287,0.004795798925262051,0.0002582718246169069,0.00046135503602706684,0.006522438265434749,0.002366089623678347,0.014286358697484847,-0.0004890010453564297,0.6033286528454603,0.8449155552685115,0.6786076836316698,0.7419759322472079,0.9507821284048104,1.2810568710954493,1.9475490873394796,1.0160582864358714,ON,ON,31,6,RANGE,False,2025-09,2025-09,-0.5481740914422439,0.017780752747853512,0.777422141144557,1.0903070443303298,,,1.6188807067976154,24-48h,LOW
5,2025-09-17 16:00:00+00:00,540.5760787339841,dark_green,light_green,116293.83899052118,116316.0,114623.3,115588.0,2025-09-17 20:00:00+00:00,2025-09-21 12:00:00+00:00,-1227.1861517857128,dark_red,light_red,115624.47037296163,115703.9,115413.0,115536.82500000001,2025-09-21 16:00:00+00:00,SHORT,115587.5,115529.70625,115471.0,115528.7355,0.10078944522547853,0.07999966389596876,11.0,0.11,0.18999966389596876,0.09994918514734154,-0.18915940381783178,-0.18915940381783178,0.41530985023170935,-2.0302083560434863,23.0,92.0,LOSS,540.5760787339841,0.46767653168158524,-13.581889610325902,-0.01175029986808784,-51.68846428570987,-0.04471800114000971,0.010608700701917,0.12094575665382123,839.8322303903219,0.3563284913669662,9,1.1958721934808503,-0.013088229643828275,-0.010024152520598073,0.002958002268177884,-0.001415101674796082,-0.0010493995606650763,0.005779379300374865,0.0010023516962422985,0.42661976160388276,0.7437533389300178,0.8038418698926504,0.8842839348486163,1.4644304406354982,1.7298311188555606,2.0648873381763893,1.1706348760441958,ON,ON,40,6,UP,False,2025-09,2025-09,-0.7554712794918039,-1.7324494408986535,-1.3017377078287096,-1.6214823103127163,0.38717855737645523,-0.09252490417372972,0.6044692540495411,3-5d,LOW
6,2025-09-21 12:00:00+00:00,-1227.1861517857128,dark_red,light_red,115624.47037296163,115703.9,115413.0,115536.82500000001,2025-09-21 16:00:00+00:00,2025-09-30 12:00:00+00:00,3237.271016896474,dark_green,light_green,113613.95434688876,113623.8,112800.1,113120.75,2025-09-30 16:00:00+00:00,LONG,115471.0,115528.7355,113055.4,112998.8723,-2.091953823903842,0.07912407482379136,27.0,0.27,0.3491240748237914,0.09785911661777602,-2.5389370153454096,-2.5389370153454096,0.07899722922181969,-6.026842992668257,54.0,216.0,LOSS,-1227.1861517857128,1.0627647539390486,0.21878571429101612,0.00018947226993682064,49.57874107143539,0.042936060253548625,-0.021278557856837688,-0.09656898380386275,-1227.4049375000038,0.0001782506388939921,16,2.1991174167636616,-0.0012342817206941747,-0.003945535394661359,-0.0030718252841092086,-0.003056332349378521,-0.005544336780953452,-0.004184455190598735,-0.0018644948095868363,0.14908151346760032,0.32024203353408737,0.5363592186879257,0.5927750730516206,0.2519245075174603,1.0128691124826827,1.8592926087919965,0.7399966148728763,OFF,OFF,5,0,RANGE,False,2025-09,2025-09,-0.07594257793983594,-0.29848461381281055,-0.8013897979520457,-2.3890467493258405,-2.3371981769851446,-1.929247723827121,2.617934244567229,>5d,LOW
7,2025-09-30 12:00:00+00:00,3237.271016896474,dark_green,light_green,113613.95434688876,113623.8,112800.1,113120.75,2025-09-30 16:00:00+00:00,2025-10-08 12:00:00+00:00,-1547.802055768463,dark_red,light_red,121929.78055024697,123312.9,121607.8,122471.65,2025-10-08 16:00:00+00:00,SHORT,113055.4,112998.8723,122140.1,122201.17005,-8.035617935985377,0.0832574830395011,24.0,0.24000000000000002,0.32325748303950114,0.1080896627673571,-8.466965081792235,-8.466965081792235,0.22590694473682538,-11.69005268028679,48.0,192.0,LOSS,3237.271016896474,2.8634377631643195,-48.17117019382613,-0.042608464694146524,-86.93883928571267,-0.07689932483164243,-0.0041588022783249886,0.18623970399129272,3285.4421870903,0.014662005127683638,17,5.012588256964749,-0.011074907169692505,-0.006123848371896834,0.027869806346031423,0.03743393040669507,0.013917266778217696,0.014529813870624242,0.009854185353653344,0.6980668385801554,0.7201475777991649,0.7523631240580284,0.9874346532510618,0.7285808550498225,2.4400364485020383,2.5497286285673737,1.0472330365760383,OFF,OFF,9,0,UP,False,2025-10,2025-09,-1.1595051112735844,-0.8760509550677975,-1.0062292453514976,-3.8651073334649455,-6.085217984958602,-8.176743282419462,8.692872026529061,>5d,LOW
8,2025-10-08 12:00:00+00:00,-1547.802055768463,dark_red,light_red,121929.78055024697,123312.9,121607.8,122471.65,2025-10-08 16:00:00+00:00,2025-10-14 04:00:00+00:00,3196.543533042104,dark_green,light_green,114679.75614006403,114679.75614006403,111302.0,112521.5,2025-10-14 08:00:00+00:00,LONG,122140.1,122201.17005,111665.2,111609.3674,-8.576135110418289,0.07653299468551203,17.0,0.17,0.24653299468551204,0.09137817580167251,-8.914046280905474,-8.914046280905474,1.6116293724472444,-16.926736496497234,34.0,136.0,LOSS,-1547.802055768463,1.2672349668687541,10.670094640321622,0.00873594719532866,168.640438139887,0.13807131166577316,-0.06029970863755806,-0.25978257460472115,-1558.4721504087847,0.006846509664945166,9,2.084168284605319,0.006651111691698297,0.002888619021695904,-0.02245846612381963,0.0032469559274810322,-0.00827360908132857,0.01089979840949673,-0.0021467860777685255,0.2853052261747924,0.7007032928228824,1.121079874876632,1.2863067408964057,1.3960198165876654,2.7044944649163636,3.5540457192792627,1.0829078165116477,ON,ON,9,6,RANGE,False,2025-10,2025-10,0.9661363712941018,0.8480523955507024,-0.17411457673682795,-0.917969974870958,-2.647986143402725,-8.557013034917338,10.525675653352717,>5d,LOW
9,2025-10-14 04:00:00+00:00,3196.543533042104,dark_green,light_green,114679.75614006403,114679.75614006403,111302.0,112521.5,2025-10-14 08:00:00+00:00,2025-10-17 04:00:00+00:00,-3485.1204548855894,dark_red,light_red,108645.60920450646,109182.9,105457.4,107335.12499999999,2025-10-17 08:00:00+00:00,SHORT,111665.2,111609.3674,105578.3,105631.08915,5.451026819456728,0.0778574277807438,9.0,0.09000000000000001,0.1678574277807438,0.09459627131619364,5.1885731203597905,5.1885731203597905,5.51205292469027,-1.7621572864501363,18.0,72.0,WIN,3196.543533042104,2.8626138967575434,-142.1937631570736,-0.12733937086672803,-791.9215256854031,-0.7091927706083929,0.22725701443746887,0.6478385725395915,3338.7372961991778,0.042589083998596455,12,7.583443658670776,-0.035094783740298285,-0.031874855321189166,0.001805067106868563,-0.07627758691859532,-0.011339319619573796,-0.05660560673241677,-0.008975869732883113,0.33757604117922274,0.41101166369674375,1.733648892189429,2.0829025225363376,2.127699587696072,3.418819730651042,6.058078343924458,0.8688346134467172,OFF,ON,0,2,DOWN,True,2025-10,2025-10,0.32969221900635004,-1.087393135784409,-0.8373245201280355,-0.8197632701572033,0.9776665036451138,5.4037286837986365,0.3234798043304794,3-5d,HIGH
10,2025-10-17 04:00:00+00:00,-3485.1204548855894,dark_red,light_red,108645.60920450646,109182.9,105457.4,107335.12499999999,2025-10-17 08:00:00+00:00,2025-10-21 00:00:00+00:00,3342.538557493926,dark_green,light_green,110706.54317826442,110706.54317826442,109005.0,109741.55,2025-10-21 04:00:00+00:00,LONG,105578.3,105631.08915,109005.1,108950.59745000002,3.2457427331184565,0.08125701943498329,11.0,0.11,0.1912570194349833,0.10319414566027652,2.951291568023197,2.951291568023197,5.69804865067038,-2.0458836194817365,23.0,92.0,WIN,-3485.1204548855894,3.300981787815857,29.53328038546624,0.02797286978997222,84.82352568539591,0.08034181804915963,-0.012198039234608184,-0.19788882487387655,-3514.6537352710557,0.008402899007969726,18,6.491287538698988,-0.02379074500260281,-0.04469761541537953,-0.06172888878224525,-0.08464761660353537,-0.04726302993463305,-0.0725434660232449,-0.015596923414759267,0.012208668255443783,0.18276966828056668,1.8384278185780552,2.104291114638178,3.528660719106104,4.4237335947639576,5.508544497922985,1.0282759499863603,OFF,OFF,7,0,DOWN,False,2025-10,2025-10,-0.019491562726159373,1.0593574855703336,0.7434467033515357,0.9629843431373963,1.0434530769959371,5.202171911904396,2.746757082647183,3-5d,HIGH
11,2025-10-21 00:00:00+00:00,3342.538557493926,dark_green,light_green,110706.54317826442,110706.54317826442,109005.0,109741.55,2025-10-21 04:00:00+00:00,2025-10-23 12:00:00+00:00,-2198.4591874999987,dark_red,light_red,108899.7594632928,110088.0,108639.4,109448.725,2025-10-23 16:00:00+00:00,SHORT,109005.1,108950.59745000002,109849.0,109903.9245,-0.774183960200022,0.08035000342258333,7.0,0.06999999999999999,0.1503500034225833,0.10082459625831419,-1.0253585598809196,-1.0253585598809196,2.3774972424439995,-4.579509123196629,15.0,60.0,LOSS,3342.538557493926,3.066408474376337,-100.48615517620965,-0.09218490452383804,-185.48919314217255,-0.17016576592098762,-0.0071020215633442844,0.24828185635649372,3443.0247126701356,0.02918542954583692,19,6.689450889961561,-0.0186722794837193,-0.009949101002357796,0.01662999816268873,-0.0010703635753809282,0.004990980389192101,-0.01059328241444546,0.008733537137877168,0.5271888741911263,0.444864169747629,1.295599421902481,1.5131080089713065,1.358928489518832,2.6067839831502173,4.461904739871733,0.9164399433221091,OFF,OFF,4,1,RANGE,False,2025-10,2025-10,0.8541462569097824,0.39577336893256154,-4.042752084972601,0.7127060045323375,0.5767728353104351,,3.402855802324919,48-72h,HIGH
12,2025-10-23 12:00:00+00:00,-2198.4591874999987,dark_red,light_red,108899.7594632928,110088.0,108639.4,109448.725,2025-10-23 16:00:00+00:00,2025-10-26 00:00:00+00:00,2460.9454017857224,dark_green,light_green,111465.8486155537,111866.7,111200.0,111466.54999999999,2025-10-26 04:00:00+00:00,LONG,109849.0,109903.9245,111210.1,111154.49495000001,1.2390645340421904,0.08045515042549733,7.0,0.06999999999999999,0.15045515042549734,0.10118847029888545,0.9874209133178076,0.9874209133178076,1.9854391095924937,-0.5858976400792619,15.0,60.0,WIN,-2198.4591874999987,2.0013465643747312,169.45871428571309,0.1542651405890933,181.03746428571048,0.1648057463296985,0.0718622674242437,-0.1795796246162515,-2367.917901785712,0.07156443817495514,10,4.501805529801768,0.014094986992509329,0.013648623833739881,-0.030931090942453388,0.01309145573852133,0.004822184187732725,0.009763532462046642,-0.0013437602797433668,0.4602688760768894,0.6092645654250238,1.5069906648165288,1.8568330042820078,1.318719332902444,3.9100181434627963,6.505230286217994,0.9998111973968977,ON,ON,19,6,RANGE,False,2025-10,2025-10,0.21279995329011037,0.11098375290501394,0.45128097313758,0.09633459449394088,1.3074833374125738,,0.9980181962746861,48-72h,HIGH
13,2025-10-26 00:00:00+00:00,2460.9454017857224,dark_green,light_green,111465.8486155537,111866.7,111200.0,111466.54999999999,2025-10-26 04:00:00+00:00,2025-10-31 00:00:00+00:00,-4134.466793604033,dark_red,light_red,107836.60741093456,110014.4,107836.60741093456,108922.7,2025-10-31 04:00:00+00:00,SHORT,111210.1,111154.49495000001,109186.3,109240.89315,1.8197987413013772,0.07931137222984612,15.0,0.15,0.2293113722298461,0.09822931591665607,1.492258053154875,1.492258053154875,4.457305079950801,-4.701298901453008,30.0,120.0,WIN,2460.9454017857224,2.212879407343148,-9.786553571431341,-0.008800058242400053,-84.69587500000489,-0.07615843794763684,0.029279160731418813,0.11896172567206822,2470.7319553571538,0.003960993644094694,15,4.350908646915042,-0.0011747704572173667,0.0022331909125892224,0.007338774763383071,0.02806586789259158,0.007371395741660791,0.017061206982881272,0.007795705341947068,0.8406875227355413,0.6537505390527897,0.9954694436049137,1.1588575065412359,0.599495909094585,1.4161331300167872,2.24661467388756,0.7466598657824902,OFF,OFF,5,0,UP,False,2025-10,2025-10,-0.4662924789799572,-1.8719036517020227,-2.243368611518304,-3.394559123944796,-2.4375128070337926,-1.174136098218126,2.9650470267959266,>5d,LOW
14,2025-10-31 00:00:00+00:00,-4134.466793604033,dark_red,light_red,107836.60741093456,110014.4,107836.60741093456,108922.7,2025-10-31 04:00:00+00:00,2025-11-03 00:00:00+00:00,1719.2064226971538,dark_green,light_green,110243.12485640492,110711.0,107850.0,109235.475,2025-11-03 04:00:00+00:00,LONG,109186.3,109240.89315,107886.0,107832.057,-1.1909003235753963,0.07948413598264323,9.0,0.09000000000000001,0.16948413598264322,0.09875971981651621,-1.4591441793745559,-1.4591441793745559,1.8235907749899207,-1.273234875597503,18.0,72.0,LOSS,-4134.466793604033,3.7866202813212966,77.39400373777607,0.07088258748612561,413.7167053571434,0.3789093359391053,-0.11857208048342736,-0.2684016614129385,-4211.860797341809,0.01837525204693873,19,6.353236514377551,0.014076265944463762,-0.013625789899227136,-0.029107341658693553,-0.049957495016432096,-0.02153214991269292,-0.021956361379054656,-0.015127758786905643,0.30242143746898476,0.2933341191725111,1.5662559947203023,1.8838432132158252,1.6373864096378372,3.935339723350082,4.1131164879681,1.2696928790949407,OFF,OFF,7,0,DOWN,False,2025-11,2025-10,0.1457392423379389,1.0388113986232073,0.8414494091858238,0.8730309891282761,0.7026735390619487,-1.2402801834836552,3.282734954364477,3-5d,HIGH
15,2025-11-03 00:00:00+00:00,1719.2064226971538,dark_green,light_green,110243.12485640492,110711.0,107850.0,109235.475,2025-11-03 04:00:00+00:00,2025-11-05 12:00:00+00:00,-5230.710160714283,dark_red,light_red,101782.72721252003,103750.0,101782.72721252003,102826.34999999999,2025-11-05 16:00:00+00:00,SHORT,107886.0,107832.057,103668.2,103720.03409999999,3.9094970617132927,0.07847465660420445,7.0,0.06999999999999999,0.14847465660420445,0.0961385722243917,3.6648838328846964,3.6648838328846964,8.293690437529163,-0.41540800802863226,15.0,60.0,WIN,1719.2064226971538,1.593539868655019,-326.8280844184933,-0.3029383649579123,-349.6903392857116,-0.3241294878721165,-0.1408736210218544,0.129620006132585,2046.034507115647,0.1597373276363907,18,5.800470222695676,-0.019807188589402225,-0.019293963648263524,-0.020950209901392625,-0.025371630930172695,-0.01840676115265094,-0.03284143666372741,0.0017672578109635406,0.32737138263665594,0.16561560676607537,1.1587105439767482,1.2876789196249623,2.6518732736406947,2.764688089020143,4.448806043903056,0.8914088231037797,ON,ON,25,6,RANGE,False,2025-11,2025-11,0.3816647956553454,0.0877818736222391,1.959766936468621,0.6814828729456601,5.320548600867358,,4.628806604644467,48-72h,LOW
16,2025-11-05 12:00:00+00:00,-5230.710160714283,dark_red,light_red,101782.72721252003,103750.0,101782.72721252003,102826.34999999999,2025-11-05 16:00:00+00:00,2025-11-08 08:00:00+00:00,394.04348966119596,dark_green,light_green,102524.73202955027,102654.1,101647.7,102102.55000000002,2025-11-08 12:00:00+00:00,LONG,103668.2,103720.03409999999,101805.6,101754.69720000001,-1.79669368234424,0.07924206083538109,8.0,0.08,0.1592420608353811,0.09815422920304351,-2.054089972382665,-2.054089972382665,0.7496776362899557,-4.3579180620419695,17.0,68.0,LOSS,-5230.710160714283,5.045621622727761,206.6896071428564,0.19937590096765975,334.5156396348093,0.3226788127468178,0.03803649459424982,-0.2642450736037132,-5437.3997678571395,0.038012582478244385,15,7.218633154949765,0.01541214635809074,0.004949703221378554,-0.01939579336882369,-0.059725250604971025,-0.019725615121152895,-0.046434323349480056,-0.01866232266766199,0.38771983905509777,0.2781123621657793,1.7091940030195842,2.038788339200615,1.8155984037550503,4.687632791237534,5.598087811983935,1.2113708700557317,OFF,OFF,12,0,DOWN,False,2025-11,2025-11,0.2217179178501727,0.11277078822327091,-0.11736797143994115,-1.6760832322171293,-2.8557974606373437,,2.8037676086726204,48-72h,HIGH
17,2025-11-08 08:00:00+00:00,394.04348966119596,dark_green,light_green,102524.73202955027,102654.1,101647.7,102102.55000000002,2025-11-08 12:00:00+00:00,2025-11-13 08:00:00+00:00,-2825.3884821428655,dark_red,light_red,102348.05120262092,103765.4,102348.05120262092,103151.35,2025-11-13 12:00:00+00:00,SHORT,101805.6,101754.69720000001,102900.1,102951.55005,-1.075088207328477,0.08047048554334453,15.0,0.15,0.23047048554334454,0.10112565103284044,-1.4066843439046621,-1.4066843439046621,1.0256992833938772,-5.620382112443638,30.0,120.0,LOSS,394.04348966119596,0.3870548276923823,-49.23440894002897,-0.04836119912856362,-81.29858035714142,-0.07985668799863802,-0.008432855129244557,0.24773071769426655,443.27789860122493,0.11106894590366324,17,5.776379360721183,-0.01451621021981464,0.014312173766627412,-0.013345273330968577,-0.026069853162755008,-0.005922297376633412,-0.03715543315218717,0.0007666098932350707,0.49184536393838774,0.236289107435071,1.523765430392541,1.7890679721553207,0.988550728054261,3.622594198589396,5.055267858766491,0.928980698381595,ON,ON,29,6,RANGE,False,2025-11,2025-11,0.07537460393525208,-0.17650566012394897,-0.5057287910636088,-0.4358548668552231,-4.3063395799677995,-3.4411215367461168,2.432383627298539,>5d,HIGH
18,2025-11-13 08:00:00+00:00,-2825.3884821428655,dark_red,light_red,102348.05120262092,103765.4,102348.05120262092,103151.35,2025-11-13 12:00:00+00:00,2025-11-25 04:00:00+00:00,3162.115548873859,dark_green,light_green,87828.94298834879,88477.6,87240.0,87713.7,2025-11-25 08:00:00+00:00,LONG,102900.1,102951.55005,87362.2,87318.5189,-15.099985325573062,0.07392606283541818,35.0,0.35000000000000003,0.4239260628354182,0.0848575858814904,-15.608768974289971,-15.608768974289971,0.4899877172854618,-21.71074650080026,71.0,284.0,LOSS,-2825.3884821428655,2.7457614014993834,13.802830357141374,0.013413829307231655,158.72900000000254,0.15425558794946798,-0.06371396466750236,-0.39716105442177113,-2839.191312500007,0.004861535852259107,12,5.566394748715816,0.01273746183780844,-0.01981236408112408,-0.02238537967359644,0.00686704853901543,-0.010540151323892855,-0.002695726052049374,-0.004817770098428209,0.3236872846644093,0.4472001643762768,1.4683971659833421,1.7488531739771378,1.2208940719144687,4.281468084607858,5.281253264416715,1.0777628529748264,OFF,OFF,3,2,RANGE,False,2025-11,2025-11,-1.5672906811178278,-4.1849297537604135,-3.202720161472694,-6.621512786052508,-7.085128923709682,-7.152442140427984,16.09875669157543,>5d,HIGH
19,2025-11-25 04:00:00+00:00,3162.115548873859,dark_green,light_green,87828.94298834879,88477.6,87240.0,87713.7,2025-11-25 08:00:00+00:00,2025-12-02 00:00:00+00:00,-3482.8580867683404,dark_red,light_red,85632.85134320396,87384.0,85632.85134320396,86675.4,2025-12-02 04:00:00+00:00,SHORT,87362.2,87318.5189,86935.9,86979.36794999999,0.4879684806472398,0.07984463733271133,20.0,0.2,0.27984463733271137,0.09956181242555723,0.1085620308889712,0.1085620308889712,4.045555220703584,-6.598235028010771,41.0,164.0,WIN,3162.115548873859,3.6195466104034226,-12.385450850984853,-0.014177127923730003,-46.00523214285431,-0.052660340676922414,0.01215304241473146,0.18978166813054764,3174.500999724844,0.003901542589546636,19,9.016365818958366,-0.010362835166577988,0.0041101275104993285,0.019015070218821428,0.039943242622314745,0.013011054888893092,-0.014018440234962126,0.011601494573353577,0.6827469281457003,0.4387563099362841,1.7841937249756623,2.107643101619736,1.416630991435662,2.815177732582776,4.5955432012571045,0.851275215772051,OFF,OFF,4,1,RANGE,False,2025-12,2025-11,0.007580178962474093,0.42604811062593173,0.5537415271023249,-0.6615791326712417,-4.630153088865563,-4.067500393665058,3.936993189814612,>5d,HIGH
20,2025-12-02 00:00:00+00:00,-3482.8580867683404,dark_red,light_red,85632.85134320396,87384.0,85632.85134320396,86675.4,2025-12-02 04:00:00+00:00,2025-12-04 12:00:00+00:00,5803.1315267857135,dark_green,light_green,93181.6717880659,93256.3,91762.0,92711.675,2025-12-04 16:00:00+00:00,LONG,86935.9,86979.36794999999,92933.4,92886.9333,6.898761041180916,0.08271676628112358,7.0,0.06999999999999999,0.15271676628112357,0.10684533837197208,6.63919893652782,6.63919893652782,8.284300311474055,-0.7569242747066723,15.0,60.0,WIN,-3482.8580867683404,4.006232270599453,44.82247891751467,0.05155801844749548,225.2402142857154,0.25908739105286116,-0.07798567707893576,-0.44806072701010624,-3527.680565685855,0.012705934702112192,20,7.433781948565303,0.027005316007088,0.0071455713213282035,-0.04332419970728374,-0.04641979641979643,-0.024675039395113618,-0.02327887223987457,-0.01541701562578357,0.3865789602866823,0.33892834086507423,1.533761455163152,2.032850398999582,1.430822674151093,5.307638697860055,5.6139983949394425,1.1646508921464769,OFF,OFF,5,0,RANGE,False,2025-12,2025-12,-0.01651880249146087,0.39955688135120404,4.403150011622969,6.449612341658795,7.496642253997909,,1.6451013749462353,48-72h,HIGH
21,2025-12-04 12:00:00+00:00,5803.1315267857135,dark_green,light_green,93181.6717880659,93256.3,91762.0,92711.675,2025-12-04 16:00:00+00:00,2025-12-07 08:00:00+00:00,-3160.106277718224,dark_red,light_red,89453.80656850272,89494.4,89012.9,89238.45000000001,2025-12-07 12:00:00+00:00,SHORT,92933.4,92886.9333,89109.3,89153.85465,4.1148822705292085,0.07839242032549695,8.0,0.08,0.15839242032549694,0.09593308427158664,3.8605567659321247,3.8605567659321247,5.286678250147377,-0.2761063272179209,17.0,68.0,WIN,5803.1315267857135,6.2443914484935075,-50.96596428571684,-0.054841326632179825,-368.5664732142868,-0.396591620044749,0.14345448339019554,0.5304425695881065,5854.09749107143,0.008706032716989982,15,10.095151970771878,-0.006057760489583397,0.006504723668378398,0.02339300423305124,0.016713381426561424,0.028581889350649314,0.028157078429488447,0.011252467731112104,0.8796518896047697,0.8796518896047697,1.5455603297100469,1.9399549288136326,1.6079239456170304,2.343607342433003,7.118689122713756,1.0065469398935314,OFF,OFF,20,0,RANGE,False,2025-12,2025-12,1.0178323973152437,0.9174953566908339,0.841919602915786,2.6623048174204356,3.416555146406164,,1.426121484215252,48-72h,HIGH
22,2025-12-07 08:00:00+00:00,-3160.106277718224,dark_red,light_red,89453.80656850272,89494.4,89012.9,89238.45000000001,2025-12-07 12:00:00+00:00,2025-12-10 08:00:00+00:00,2033.162723214283,dark_green,light_green,92535.11248972538,93278.9,91721.0,92457.525,2025-12-10 12:00:00+00:00,LONG,89109.3,89153.85465,92085.4,92039.3573,3.3398309716269696,0.08129461711389953,9.0,0.09000000000000001,0.17129461711389954,0.10328818687816677,3.0652481676349033,3.0652481676349033,6.058229754847741,-1.644185386885001,18.0,72.0,WIN,-3160.106277718224,3.5463220240717868,63.25790318448662,0.07098903503388715,75.48248214285377,0.08470765389830229,0.0286352080847354,-0.17105030718168526,-3223.364180902711,0.019624808006264777,17,10.186873295044228,-0.0009832158220391962,-0.005313365793979785,-0.02407787277990181,-0.041398399487078574,-0.01714140751239479,-0.01283835024425417,-0.010085686627457457,0.20148656578409088,0.5119146071737661,1.1462660145555201,1.354799177335761,0.5403470340951684,1.575373475910772,2.4220344287031947,0.7776439387760044,OFF,OFF,8,0,RANGE,False,2025-12,2025-12,0.3938644620342435,2.496633890635702,1.3365045792778751,3.1065906918697817,1.3325787815501977,3.2882990438372506,2.9929815872128374,3-5d,LOW
23,2025-12-10 08:00:00+00:00,2033.162723214283,dark_green,light_green,92535.11248972538,93278.9,91721.0,92457.525,2025-12-10 12:00:00+00:00,2025-12-11 20:00:00+00:00,-537.2771607142827,dark_red,light_red,90300.40798337836,93547.3,90300.40798337836,91891.975,2025-12-12 00:00:00+00:00,SHORT,92085.4,92039.3573,92477.6,92523.8388,-0.4259089931737406,0.08021055405609617,4.0,0.04,0.12021055405609618,0.10047614706668823,-0.646595694296525,-0.646595694296525,3.0849382082766925,-2.6122984455042406,9.0,36.0,LOSS,2033.162723214283,2.207907567656453,-35.05447321428596,-0.03806731050413579,-55.68993749999936,-0.06047633720835459,-0.007829141899958467,0.15301947674183414,2068.217196428569,0.016949125688935668,18,5.746378504032969,-0.005968367329314828,0.019300014721851166,0.0017623349850690584,0.027907449204892743,0.010714880565123597,0.010611178676271482,0.008889504569964846,0.6403815348769477,0.7000850133592421,1.4428084094529434,1.6853314619921227,1.6917972970771664,4.1136383117625375,4.877923319330764,1.0346210191406962,OFF,OFF,2,3,RANGE,False,2025-12,2025-12,0.01907586114793247,-0.9500747567692924,0.06720744452656247,2.003552995257607,,,3.7315339025732177,24-48h,HIGH
24,2025-12-11 20:00:00+00:00,-537.2771607142827,dark_red,light_red,90300.40798337836,93547.3,90300.40798337836,91891.975,2025-12-12 00:00:00+00:00,2025-12-21 04:00:00+00:00,1362.0481517857138,dark_green,light_green,88182.31943924521,88182.31943924521,88010.0,88091.625,2025-12-21 08:00:00+00:00,LONG,92477.6,92523.8388,88138.8,88094.73060000001,-4.691730754258332,0.07808520344272617,28.0,0.27999999999999997,0.35808520344272615,0.0952606389262618,-5.1450765966273195,-5.1450765966273195,0.21093072069984445,-8.770970709010392,56.0,224.0,LOSS,-537.2771607142827,0.5809814935679303,3.6456785714292437,0.003942233052828249,239.8695267857156,0.25938150013323846,-0.12574851701379103,-0.3727665096694781,-540.9228392857119,0.0067397386589247345,9,2.8213782116885526,0.025302870548687073,0.0054361120926313955,-0.0017368607402544756,0.023599430629561713,0.011574351083982526,0.014640624280664039,-0.0006629316072006564,0.6120448179271709,0.6974661424202708,1.6659187322145854,1.9702261403628505,3.025276418588302,3.7812999814380492,5.469844119342293,1.1249514311484974,ON,ON,11,6,RANGE,False,2025-12,2025-12,-0.31293427051364286,-0.1451937162814665,-0.153840136602712,-2.479619122763843,-2.521013860051813,-4.7609771245245796,5.356007317327164,>5d,HIGH
25,2025-12-21 04:00:00+00:00,1362.0481517857138,dark_green,light_green,88182.31943924521,88182.31943924521,88010.0,88091.625,2025-12-21 08:00:00+00:00,2025-12-24 20:00:00+00:00,-1646.4987576040528,dark_red,light_red,87170.41661732063,88033.3,87170.41661732063,87666.65000000001,2025-12-25 00:00:00+00:00,SHORT,88138.8,88094.73060000001,87627.4,87671.2137,0.5802211965672425,0.07980769932679718,11.0,0.11,0.1898076993267972,0.09946951356020362,0.29094398368024166,0.29094398368024166,1.9748407063066833,-2.84270055989023,22.0,88.0,WIN,1362.0481517857138,1.545346314145448,-39.72926785714412,-0.04507584960652259,-89.79667857143227,-0.10188110168567527,0.005864701236315075,0.10580794265522614,1401.777419642858,0.028342065794772373,12,2.0370346946318296,-0.0006530886216316034,-0.0011468734665383007,0.0026049457568391166,0.012967415389424808,0.00655647485795785,0.001831239027319631,0.004305695059048098,0.7402020121842319,0.6025620315326949,1.1690260176508624,1.329229699654071,0.18663765179200512,0.6970429756524202,5.713778668671567,0.7455313997297551,ON,ON,40,6,RANGE,False,2025-12,2025-12,-0.5401791875165651,0.07949465254396548,-0.40123784656875827,-1.1725666143304947,0.6395735546979586,1.3923995131667977,1.6838967226264416,3-5d,LOW
26,2025-12-24 20:00:00+00:00,-1646.4987576040528,dark_red,light_red,87170.41661732063,88033.3,87170.41661732063,87666.65000000001,2025-12-25 00:00:00+00:00,2025-12-26 16:00:00+00:00,297.85257142856676,dark_green,light_green,88133.23494463737,88133.23494463737,86760.4,87217.275,2025-12-26 20:00:00+00:00,LONG,87627.4,87671.2137,87453.7,87409.97315,-0.19822566914001455,0.07988080897299132,5.0,0.05,0.1298808089729913,0.09975189838165843,-0.4278583764946643,-0.4278583764946643,2.151659844079486,-1.1991549513589075,11.0,44.0,LOSS,-1646.4987576040528,1.8789792194944415,25.514909723284973,0.02911753497287372,83.10433928572024,0.09483841141484474,-0.018301670734548643,-0.1538190237158452,-1672.0136673273378,0.015259988732071652,13,3.3005866836315914,0.005331415079403268,0.00187850862650496,-0.010772000925701186,-0.007852057499479148,-0.004619636382472092,-0.0007002498292140169,-0.0027790202042233814,0.29978793590952,0.5199502455414836,1.1466840332741297,1.2542852315248372,0.6261747195223373,1.4612149029258636,2.8865307956365145,0.9345534630604594,ON,ON,62,6,RANGE,False,2025-12,2025-12,0.1601281584630465,0.14222034204598444,-0.21217192297179333,-0.557096998418749,,,2.5795182205741503,24-48h,LOW
27,2025-12-26 16:00:00+00:00,297.85257142856676,dark_green,light_green,88133.23494463737,88133.23494463737,86760.4,87217.275,2025-12-26 20:00:00+00:00,2025-12-29 00:00:00+00:00,-135.9076785714316,dark_red,light_red,87721.22633422512,90156.5,87721.22633422512,88986.75,2025-12-29 04:00:00+00:00,SHORT,87453.7,87409.97315,90091.5,90136.54574999999,-3.0162245851233314,0.08124771693743507,7.0,0.06999999999999999,0.15124771693743505,0.10306775846433469,-3.270540060525101,-3.270540060525101,0.23678436514884713,-3.142120688318727,14.0,56.0,LOSS,297.85257142856676,0.34058315591972294,-59.988133928573234,-0.06859416345857663,-133.70312499999977,-0.15288446915339177,0.007848071118119216,0.22708208976957633,357.84070535714,0.16763921217040573,11,2.3210617420240403,-0.011073920369093049,-0.007474552361021125,-0.000773525103574646,-0.0063332920506619095,-0.0023035602280836454,-0.005066743488116088,0.00012801730629696806,0.34306500967963377,0.4919068234685956,1.2450636914800273,1.3834828331711366,0.9085950623015445,3.0644206508847716,3.396065970722391,1.0612588296634147,ON,ON,8,6,RANGE,False,2025-12,2025-12,0.10499162360171344,-0.07256248653817465,-0.09258308529749293,-0.1286201630642969,-0.08995180660342772,,3.507324425673948,48-72h,HIGH
28,2025-12-29 00:00:00+00:00,-135.9076785714316,dark_red,light_red,87721.22633422512,90156.5,87721.22633422512,88986.75,2025-12-29 04:00:00+00:00,2025-12-29 12:00:00+00:00,213.65710714285564,dark_green,light_green,88859.94704177814,88859.94704177814,86760.0,87518.92499999999,2025-12-29 16:00:00+00:00,LONG,90091.5,90136.54574999999,87636.4,87592.5818,-2.7251183518977995,0.07887106215183536,1.0,0.01,0.08887106215183535,0.0972262685138281,-2.911215682563463,-2.911215682563463,0.26277271669244545,-3.746034110698091,3.0,12.0,LOSS,-135.9076785714316,0.1508549948845748,206.29079464285857,0.2289789443664654,235.8435625000017,0.2617819669092365,0.09808796091184721,-0.0030230501908222363,-621.1436517857173,0.7811976695234468,14,0.777030465183691,0.026127108113310538,0.02735224020161242,0.029931384855281795,0.025964678926246654,0.02575137885908063,0.02425265332320392,0.0009147050764166664,0.981649041452244,0.8804429783223388,0.8452133693177294,0.9078883126169603,2.6395357613806394,2.5411832730439174,3.953017934476028,0.8782629903939378,ON,ON,22,6,RANGE,False,2025-12,2025-12,-0.6141191071768914,-2.892884044205779,-2.773509600571733,,,,3.1739883992559084,<24h,LOW
29,2025-12-29 12:00:00+00:00,213.65710714285564,dark_green,light_green,88859.94704177814,88859.94704177814,86760.0,87518.92499999999,2025-12-29 16:00:00+00:00,2025-12-30 12:00:00+00:00,-279.7729196428569,dark_red,light_red,87559.49018815278,89126.0,87559.49018815278,88439.075,2025-12-30 16:00:00+00:00,SHORT,87636.4,87592.5818,88966.8,89011.2834,-1.5180906563939285,0.08064786381259514,3.0,0.030000000000000002,0.11064786381259514,0.1015688750939312,-1.7303073953004549,-1.7303073953004549,0.9174085105001437,-1.7506256448762425,6.0,24.0,LOSS,213.65710714285564,0.24379894603722146,-37.52384821428598,-0.04281755364115675,-130.4768035714282,-0.1488839178738429,0.03162440529576472,0.1534188757660527,357.84070535714,0.40292676617206835,3,0.6770908827720744,-0.027250043289274495,-0.0018349000030751794,0.001375745290586261,-0.007950065033637377,-0.002391552829138832,-0.003713980970289743,0.001081174218447556,0.27086719062208914,0.3019792648444877,1.0459106436643748,1.2384974582082124,1.5860953072118271,3.653327934340035,4.5406272715503935,1.083842927161889,ON,ON,25,6,RANGE,False,2025-12,2025-12,0.30103211320117174,0.44442325137629135,0.2944105479032788,-1.5688750939409024,,,2.647715905800599,24-48h,LOW
30,2025-12-30 12:00:00+00:00,-279.7729196428569,dark_red,light_red,87559.49018815278,89126.0,87559.49018815278,88439.075,2025-12-30 16:00:00+00:00,2026-01-04 12:00:00+00:00,1829.19366071429,dark_green,light_green,91169.6331204247,91377.2,90968.0,91225.2,2026-01-04 16:00:00+00:00,LONG,88966.8,89011.2834,91292.8,91247.1536,2.6144584271885694,0.08100475810013993,15.0,0.15,0.23100475810013993,0.10256317683876359,2.280890492249666,2.280890492249666,3.110186140738194,-2.0470251977065677,30.0,120.0,WIN,-279.7729196428569,0.31446890260508065,70.23133928571343,0.07894106485308387,138.1916696428545,0.15532948205718816,0.0012763238244897545,-0.11811437909238842,-350.0042589285703,0.20065852770107692,6,0.6757410790156687,0.01868787549507811,0.01517858976728892,0.013315838569803118,0.0214328358208955,0.012276728887078647,0.012640857695884078,0.001139851387027102,0.6107267393590542,0.61540999057493,0.9650932083156052,1.1534653772679218,1.50370700081379,3.8873919027099206,3.85330589296849,1.0824493154560124,ON,OFF,3,3,UP,True,2026-01,2025-12,-0.9230103966796688,-0.6246212600952039,-0.6738285047578563,-1.2383636746889137,-1.1509590254936142,0.4064839716714008,0.8292956484885283,>5d,LOW
31,2026-01-04 12:00:00+00:00,1829.19366071429,dark_green,light_green,91169.6331204247,91377.2,90968.0,91225.2,2026-01-04 16:00:00+00:00,2026-01-09 00:00:00+00:00,-2369.4544992810315,dark_red,light_red,90798.93963535229,91600.0,90798.93963535229,91162.625,2026-01-09 04:00:00+00:00,SHORT,91292.8,91247.1536,91190.1,91235.69505,0.11249518034280588,0.07999497691728545,13.0,0.13,0.20999497691728547,0.09993747355642094,-0.19743727013090054,-0.19743727013090054,2.1974971502015213,-3.8501435512175775,27.0,108.0,LOSS,1829.19366071429,2.0036559955596607,-14.435508928573654,-0.015812319184616588,-86.80662500000267,-0.09508594872761342,0.03173065517919036,0.10203014199300357,1843.6291696428636,0.007829941707512694,19,2.5667721351363,0.0010976755814884331,0.015133690196348804,0.021479617468791012,0.038492077034205874,0.017266252945764116,0.029538584860349104,0.009767064430332706,0.8837864286225757,0.9030021714445098,0.8099747964190473,0.9456465407049449,0.44822811875635,1.392061149356123,1.7797682699620805,0.9482148063211908,OFF,OFF,10,0,UP,False,2026-01,2026-01,0.15809106838814424,-0.27392240759167574,-1.740379110302448,-2.9072100283027202,-2.5875288234744387,-0.06131303585124037,2.394934420332422,3-5d,LOW
32,2026-01-09 00:00:00+00:00,-2369.4544992810315,dark_red,light_red,90798.93963535229,91600.0,90798.93963535229,91162.625,2026-01-09 04:00:00+00:00,2026-01-11 20:00:00+00:00,231.6720744302736,dark_green,light_green,90788.50319797237,91000.0,90175.3,90696.1,2026-01-12 00:00:00+00:00,LONG,91190.1,91235.69505,90964.4,90918.9178,-0.2475049374877444,0.07986111696750865,8.0,0.08,0.15986111696750865,0.09970264374062834,-0.5070686981958814,-0.5070686981958814,0.8366297309202176,-1.7568727339903045,17.0,68.0,LOSS,-2369.4544992810315,2.59836813347176,112.24415973386385,0.12308809808725273,134.05501785714796,0.14700610905915001,0.0495850435576777,-0.17128759014402903,-2481.6986590148954,0.04522876269692587,17,5.31970773671443,0.005071090047393367,0.004516408331781907,-0.017117167610494644,-0.017720649064147942,-0.00919629762085139,0.0025735735264926785,-0.006748196492416203,0.3530253882536297,0.5284436871788784,1.1977404578186421,1.3013819002154985,0.8766302482396598,1.5646229831135088,3.4921515092221016,1.0583275455118724,OFF,OFF,5,0,RANGE,False,2026-01,2026-01,-0.5738927617234046,-0.9180563041043976,-0.1074086737063773,-0.7062970799387669,-0.5909913326187732,,1.343698429116099,48-72h,HIGH
33,2026-01-11 20:00:00+00:00,231.6720744302736,dark_green,light_green,90788.50319797237,91000.0,90175.3,90696.1,2026-01-12 00:00:00+00:00,2026-01-18 04:00:00+00:00,-1406.271278424169,dark_red,light_red,95163.99264838413,95236.5,94980.0,95090.35,2026-01-18 08:00:00+00:00,SHORT,90964.4,90918.9178,94989.9,95037.39494999999,-4.4253576124285985,0.08181193408353568,19.0,0.19,0.27181193408353566,0.10447759641062504,-4.801647142922759,-4.801647142922759,0.9381081744463918,-7.713666605037408,38.0,152.0,LOSS,231.6720744302736,0.25468433192575735,-29.23385481408809,-0.03213768772628423,-69.25304464285455,-0.0761320303798569,0.005928327463644248,0.08202089872543146,260.9059292443617,0.1120474912117002,17,3.015030702405839,0.0028343914988098184,0.005469240496254857,0.003982181723463318,-0.003981254379817889,0.0027001930347012593,-0.006301053101704035,0.00015114811379612902,0.5627588538585043,0.31212511099432677,0.771234704869715,0.8117306346962225,0.9066184133573102,0.5455952957733757,1.867323098513753,0.74348315266727,ON,ON,22,6,RANGE,False,2026-01,2026-01,-0.9319096844771391,-0.4952568848108241,0.37947855996147695,-0.36701074767964137,-4.901380601342797,-6.587168374764785,5.739755317369151,>5d,LOW
34,2026-01-18 04:00:00+00:00,-1406.271278424169,dark_red,light_red,95163.99264838413,95236.5,94980.0,95090.35,2026-01-18 08:00:00+00:00,2026-01-24 12:00:00+00:00,670.4102131786458,dark_green,light_green,89627.48370689183,89627.48370689183,89131.2,89367.4,2026-01-24 16:00:00+00:00,LONG,94989.9,95037.39494999999,89234.9,89190.28255,-6.058538855183551,0.07753902665237143,19.0,0.19,0.26753902665237145,0.09389451388785552,-6.419972395723778,-6.419972395723778,0.47623890599919366,-8.240856090510915,38.0,152.0,LOSS,-1406.271278424169,1.4804429506970413,67.12215221886936,0.07066240960235706,114.02700892857001,0.12004119272530028,0.010641813239706505,-0.13997806455890185,-1473.3934306430383,0.04555616363076562,15,5.198146491213606,-0.0028176022456836147,-0.0007489919641158194,-0.006469096857598333,-0.0018567438576140294,-0.005273084450979959,0.014630736402865496,-0.0024609567233679908,0.2586543400102702,0.6259645821944789,0.7968218717307015,0.8842015355925893,0.2700287083153051,1.3635239607174887,3.1965273508870657,0.724948133933608,ON,ON,27,6,RANGE,False,2026-01,2026-01,0.10101818347452163,0.03199272246046103,0.31377654044169034,-2.3669577129965202,-4.105010403591647,-6.172407138354529,6.896211301722971,>5d,LOW
35,2026-01-24 12:00:00+00:00,670.4102131786458,dark_green,light_green,89627.48370689183,89627.48370689183,89131.2,89367.4,2026-01-24 16:00:00+00:00,2026-01-26 20:00:00+00:00,-1484.0083804239512,dark_red,light_red,87763.6571279118,88637.4,87506.8,88102.57500000001,2026-01-27 00:00:00+00:00,SHORT,89234.9,89190.28255,88300.6,88344.7503,1.0470118753985138,0.07962079624558831,7.0,0.06999999999999999,0.1496207962455883,0.09900248936926881,0.7983885897836567,0.7983885897836567,3.5526096110567895,-0.2849160723955915,14.0,56.0,WIN,670.4102131786458,0.7512861693042481,-18.463535675049116,-0.02069091239429497,-22.495241071432247,-0.02520898870558889,-0.008086418041500407,0.10107622090925271,688.8737488536949,0.026802495676127813,18,4.368977123220156,-0.005609638683105489,-0.005308144356557465,0.003163447010576137,-0.015546499389922364,-0.00426119522690338,-0.028543902543428423,0.00020402105635697332,0.5087103647073569,0.2360020931449503,1.027968115766433,1.111432868930695,0.47481369417829,1.5164583580723656,3.541891352333184,0.8179620616336933,ON,ON,32,6,RANGE,False,2026-01,2026-01,-0.10731824954848257,0.010743939503310429,0.30304035627254367,0.8793363218244532,1.7723708287545992,,2.754221021273133,48-72h,LOW
36,2026-01-26 20:00:00+00:00,-1484.0083804239512,dark_red,light_red,87763.6571279118,88637.4,87506.8,88102.57500000001,2026-01-27 00:00:00+00:00,2026-01-29 00:00:00+00:00,1595.242943965738,dark_green,light_green,89431.95464259374,89431.95464259374,87650.1,88557.95,2026-01-29 04:00:00+00:00,LONG,88300.6,88344.7503,88003.2,87959.19840000001,-0.3368040534266004,0.0798254330229286,6.0,0.060000000000000005,0.1398254330229286,0.0996133892519277,-0.5762428757014567,-0.5762428757014567,2.5445198411523466,-1.2217480906729163,13.0,52.0,LOSS,-1484.0083804239512,1.680632272514514,40.92239955731998,0.04634441844938763,96.97589540459603,0.10982472984849029,-0.008567946474857749,-0.045407282657219675,-1524.9307799812711,0.026835578437089832,14,2.5071228608129115,0.00558706297688194,0.019297255303946104,-0.009868727202186012,-0.013605009020481784,-0.0025518346172141992,-0.01745921932669292,-0.004570632594869339,0.4405118589681649,0.24068734619731189,1.1394233381176515,1.2723537681525126,1.280399000686282,2.6888223619848524,2.8783289093101514,1.0875353447876441,OFF,OFF,6,0,DOWN,False,2026-01,2026-01,0.45260153958464056,-0.06435051296987959,-0.4496592028966351,0.9655918400394148,1.0379221140885297,,3.1207627168538035,48-72h,LOW
37,2026-01-29 00:00:00+00:00,1595.242943965738,dark_green,light_green,89431.95464259374,89431.95464259374,87650.1,88557.95,2026-01-29 04:00:00+00:00,2026-02-01 04:00:00+00:00,-4687.426331620425,dark_red,light_red,79178.16501475265,79178.16501475265,77899.9,78535.475,2026-02-01 08:00:00+00:00,SHORT,88003.2,87959.19840000001,78320.8,78359.9604,11.002327188102244,0.07563468600232265,9.0,0.09000000000000001,0.16563468600232267,0.08904219390883306,10.747650308191089,10.747650308191089,14.16474754958659,-0.5707209810133839,19.0,76.0,WIN,1595.242943965738,1.8127101559553949,-109.81388885472893,-0.12478397246319331,-242.32240178570942,-0.2753563527072986,0.012894203890456016,0.20684605024377092,1705.056832820467,0.06440482612716038,13,3.67030700338367,-0.016112803037417578,-0.012085792738645629,-0.008354311135550851,-0.01031039136302292,-0.004696417998732216,-0.01055025392180009,0.002928245646183214,0.43349376504047255,0.38302437515705623,1.245039205950021,1.3550910976181758,1.8939084033307847,2.3253377344478023,3.5154096837905895,1.1245851598577963,ON,ON,19,6,RANGE,False,2026-02,2026-01,-0.39984629964520124,0.18644826576774687,3.4802481783417494,6.046324314842799,4.515387216170907,10.383107811496384,3.417097241395501,3-5d,HIGH
38,2026-02-01 04:00:00+00:00,-4687.426331620425,dark_red,light_red,79178.16501475265,79178.16501475265,77899.9,78535.475,2026-02-01 08:00:00+00:00,2026-02-09 04:00:00+00:00,5114.754940471904,dark_green,light_green,70804.41578495804,71320.0,70251.1,70808.6,2026-02-09 08:00:00+00:00,LONG,78320.8,78359.9604,70393.5,70358.30325,-10.121576899112373,0.07591543583781597,24.0,0.24000000000000002,0.315915435837816,0.08983350634770915,-10.527325841297898,-10.527325841297898,1.2136805520897171,-23.6855152877285,48.0,192.0,LOSS,-4687.426331620425,5.984906093426554,49.01048087957679,0.06257658358900418,77.53582909386023,0.09899774912138311,0.01307770902831172,-0.20607329762018456,-4736.436812500002,0.010347542428990605,19,8.224499296892358,0.007887228968998183,-0.06218807774467627,-0.05375491874481242,-0.12104575632836101,-0.0578993258070698,-0.09362813664300407,-0.030542824762620158,0.20415725783104643,0.1868983018280363,2.205335417852998,2.663631793804761,1.5257760390598665,5.411950165771482,6.82353101167806,1.2192671792450724,OFF,OFF,15,0,DOWN,False,2026-02,2026-02,0.4493871592104792,-1.0160296099383848,-1.5538042563890908,-2.2299148584051465,0.49762608098509187,-2.4005377113488158,11.741006393387615,>5d,HIGH
39,2026-02-09 04:00:00+00:00,5114.754940471904,dark_green,light_green,70804.41578495804,71320.0,70251.1,70808.6,2026-02-09 08:00:00+00:00,2026-02-11 20:00:00+00:00,-3107.7516660895744,dark_red,light_red,67088.94050011878,68315.0,66757.4,67418.6,2026-02-12 00:00:00+00:00,SHORT,70393.5,70358.30325,67054.8,67088.3274,4.7429095015875005,0.07814095809651295,8.0,0.08,0.15814095809651296,0.09530474286983903,4.489463800621149,4.489463800621149,6.594535450227756,-1.032851442448625,16.0,64.0,WIN,5114.754940471904,7.265947765733916,-125.41914814466054,-0.17816864929952417,-321.19966071427734,-0.45629164726043936,0.04997717433069675,0.6841949000314181,5240.174088616564,0.023934156771072447,16,17.67084459361161,-0.013834213586248478,0.010457187971004034,0.03443031278241904,-0.004561903159252312,0.01717942035793696,-0.033111011660082235,0.0131262857667791,0.84748,0.5405729506858262,2.644243368294397,3.143262412176331,1.5184640627330566,3.6850364723019,10.278316465228757,0.808868694810333,OFF,OFF,3,2,RANGE,False,2026-02,2026-02,2.0728232243150346,1.1788278166017352,-0.7879620803675325,2.0981222994458593,4.773144170443022,,2.1050716496066073,48-72h,HIGH
40,2026-02-11 20:00:00+00:00,-3107.7516660895744,dark_red,light_red,67088.94050011878,68315.0,66757.4,67418.6,2026-02-12 00:00:00+00:00,2026-02-15 12:00:00+00:00,2859.8473839285725,dark_green,light_green,70296.93470006954,70391.0,68741.4,69617.275,2026-02-15 16:00:00+00:00,LONG,67054.8,67088.3274,69068.1,69033.56595,3.0024696218615263,0.08115980745109469,11.0,0.11,0.19115980745109468,0.10295099412478947,2.708358820285642,2.708358820285642,5.7389604856954675,-2.992066545394296,22.0,88.0,WIN,-3107.7516660895744,4.634672245355375,5.86658111458155,0.008748987560222073,283.54888929511117,0.42286395716777897,-0.20268299102366807,-0.6078197598705649,-3113.618247204156,0.0018841684011356853,16,12.458231429735738,0.0004684958894707325,-0.025447167587380748,-0.04358976187589603,-0.03176413849268356,-0.028180200235366493,-0.03916468840242571,-0.010735924194099633,0.20297804451872584,0.396382810152173,2.4943979635880518,2.8229343387777694,2.322890071345066,3.1589732919480475,5.704851047588859,0.9519549490212016,OFF,OFF,2,3,DOWN,False,2026-02,2026-02,0.6884544866444298,0.1388804932406229,1.4063140885518743,-1.2598725184494453,2.583419004719456,4.035087331749465,3.0306016654098253,3-5d,HIGH
41,2026-02-15 12:00:00+00:00,2859.8473839285725,dark_green,light_green,70296.93470006954,70391.0,68741.4,69617.275,2026-02-15 16:00:00+00:00,2026-02-18 04:00:00+00:00,-1792.0139541129024,dark_red,light_red,67534.70683684845,68190.2,67456.6,67828.875,2026-02-18 08:00:00+00:00,SHORT,69068.1,69033.56595,68078.5,68112.53925,1.432788798301974,0.07946633108846378,8.0,0.08,0.15946633108846378,0.0986165194614339,1.1747059477520763,1.1747059477520763,3.5425751463734194,-1.5605945240903354,16.0,64.0,WIN,2859.8473839285725,4.140619741861398,-29.283947779859773,-0.042398658396364995,-219.5638660714303,-0.317894753252848,0.1165487182300596,0.23404641419673555,2889.1313317084323,0.010135900524308555,15,7.371485506912732,-0.012268684037410882,-0.009835966866511114,0.006061003321097713,0.0387851879926544,0.00726330174301304,0.003139228081211698,0.010328043247958218,0.6806828851899285,0.5523064136306975,1.6902120722577036,1.953605354716537,2.38836742287685,3.2582243734147975,5.466497079175664,0.8527414956018939,OFF,OFF,6,0,RANGE,False,2026-02,2026-02,1.1153501045530145,0.34282735759503247,0.928484486031389,2.213511541771951,2.419063722145731,,2.367869198621343,48-72h,HIGH
42,2026-02-18 04:00:00+00:00,-1792.0139541129024,dark_red,light_red,67534.70683684845,68190.2,67456.6,67828.875,2026-02-18 08:00:00+00:00,2026-02-22 04:00:00+00:00,1354.9051428571402,dark_green,light_green,68108.5647937138,68204.3,67850.4,68009.54999999999,2026-02-22 08:00:00+00:00,LONG,68078.5,68112.53925,67973.0,67939.0135,-0.15496816175444525,0.07989809468158979,12.0,0.12000000000000001,0.1998980946815898,0.099795134271111,-0.45466139070714606,-0.45466139070714606,0.8433994038770157,-3.695118810300417,24.0,96.0,LOSS,-1792.0139541129024,2.63227977466113,34.31357045462801,0.05040302130283322,145.23410714286,0.21333360822648598,-0.056263782810409946,-0.18273306757801028,-1826.3275245675304,0.01878828961018554,16,6.926512456632299,0.004596639362284494,-0.004023208794295519,-0.006914418751203466,-0.015954971076375224,-0.006132763374255723,-0.0027326470816413373,-0.007800597983559698,0.3425813124928156,0.5117200170721288,1.5766335365186008,1.7289836992479661,1.0775811417424488,3.022995285413839,4.585759774369022,0.9449692333904985,OFF,OFF,3,2,RANGE,False,2026-02,2026-02,-1.1262819716415295,-0.6482495805645638,-2.8986428515803797,-1.3685281157683526,-0.46663838039191496,-0.42802581317653576,1.2980607945841618,3-5d,HIGH
43,2026-02-22 04:00:00+00:00,1354.9051428571402,dark_green,light_green,68108.5647937138,68204.3,67850.4,68009.54999999999,2026-02-22 08:00:00+00:00,2026-02-24 20:00:00+00:00,-2935.313669642859,dark_red,light_red,63817.98304771108,64566.5,63769.2,64193.09999999999,2026-02-25 00:00:00+00:00,SHORT,67973.0,67939.0135,64031.4,64063.4157,5.7987730422373565,0.07771819012355839,8.0,0.08,0.1577181901235584,0.09424835113332275,5.546806500980475,5.546806500980475,8.150417874407323,-0.41358637037024254,16.0,64.0,WIN,1354.9051428571402,1.993299019989025,-42.24495535714436,-0.06214961140032714,-70.79987500000357,-0.10415882041399314,-0.010070201193330349,0.17494779026906493,1397.1500982142845,0.03023651890454589,15,4.077396943498841,-0.00792949998759418,0.002241193730555535,0.002629999100224767,-0.0015482149991773442,0.006233427562088556,-0.002327496431317022,0.003974615843859608,0.7690292110115488,0.4449539567268102,1.1882350243631996,1.2587921379460851,0.5206479043149614,1.7331618205415396,3.700026019411369,0.8184897105265845,ON,OFF,1,5,RANGE,False,2026-02,2026-02,-0.35971452543976934,0.4108294860654782,0.7901402630758003,2.9779848069180437,7.041187755839284,,2.6036113734268476,48-72h,HIGH
44,2026-02-24 20:00:00+00:00,-2935.313669642859,dark_red,light_red,63817.98304771108,64566.5,63769.2,64193.09999999999,2026-02-25 00:00:00+00:00,2026-02-27 08:00:00+00:00,2777.387160714281,dark_green,light_green,67576.71510263206,68127.8,65923.0,66947.25,2026-02-27 12:00:00+00:00,LONG,64031.4,64063.4157,66094.0,66060.95300000001,3.221232083009271,0.08124722497429997,7.0,0.06999999999999999,0.15124722497429996,0.10316964725936018,2.966815210775611,2.966815210775611,9.265169886968739,-0.29254715495914113,15.0,60.0,WIN,-2935.313669642859,4.584185655519814,44.094991071424374,0.06886474438504978,83.96139285714116,0.13112554775108604,0.0033019705095060784,-0.3545377636103175,-2979.4086607142835,0.014799913705309913,16,6.835030303817927,0.013278537541025814,-0.009199112428782352,-0.05298054382630679,-0.058076502700086685,-0.027687785847230084,-0.04228454487138589,-0.015952909550668748,0.26153944918790606,0.23870277871361872,1.6357258819442313,1.9276581698794295,1.245172282930384,5.434664538821217,5.658967246342163,1.1189167190386087,OFF,OFF,9,0,DOWN,False,2026-02,2026-02,2.026561159460627,1.4636814003034848,2.0811945248807584,6.070678963188669,5.283490215149422,,6.298354676193128,48-72h,HIGH
45,2026-02-27 08:00:00+00:00,2777.387160714281,dark_green,light_green,67576.71510263206,68127.8,65923.0,66947.25,2026-02-27 12:00:00+00:00,2026-03-01 00:00:00+00:00,-1789.466237759043,dark_red,light_red,65908.51212412366,68189.0,65812.0,67103.175,2026-03-01 04:00:00+00:00,SHORT,66094.0,66060.95300000001,67474.8,67508.5374,-2.0891457620964125,0.08087651439118658,5.0,0.05,0.13087651439118658,0.1021402158700151,-2.3221624923576143,-2.3221624923576143,4.664560319013273,-3.221338632520168,10.0,40.0,LOSS,2777.387160714281,4.202171087456037,-182.23924254490203,-0.27572694468175224,-217.1625892857146,-0.32856577105326285,-0.11144405915512062,0.1323716814143933,2959.626403259183,0.06157508337681322,15,8.985726508074798,-0.02007614732490992,-0.02838800914955031,0.010664146661834684,-0.0011591215460595716,-0.0034495634500819605,-0.009526062819456227,0.009144901776600545,0.48601476840456576,0.48601476840456576,1.9131977053461184,2.1530943731712706,3.3358499472721506,5.129958855649065,6.4472090399442,1.061298586297235,OFF,OFF,24,0,RANGE,False,2026-03,2026-02,-0.017630687223046948,1.0528958006403633,0.3405233951136122,3.40678252098483,,,6.986722811370887,24-48h,HIGH
46,2026-03-01 00:00:00+00:00,-1789.466237759043,dark_red,light_red,65908.51212412366,68189.0,65812.0,67103.175,2026-03-01 04:00:00+00:00,2026-03-03 08:00:00+00:00,2302.594098214286,dark_green,light_green,68379.1224754104,68379.1224754104,66270.7,67422.625,2026-03-03 12:00:00+00:00,LONG,67474.8,67508.5374,67000.0,66966.5,-0.7036701109154868,0.07967883327301949,7.0,0.06999999999999999,0.14967883327301948,0.0992467065358138,-0.9525956507243201,-0.9525956507243201,3.8387183307573762,-3.6995874835824853,14.0,56.0,LOSS,-1789.466237759043,2.6520551225259883,232.23245034079582,0.34417707724642843,235.1679553571439,0.3485276042089019,0.16991327514197685,-0.46242814524004594,-2021.6986880998388,0.1148699614377587,10,7.382507949437378,0.04127623456790119,0.026015832418442963,-0.0012241442092205679,0.03232780053150397,0.0133013000048956,0.015857932761844662,-0.002088094087195125,0.6403874919866083,0.6677372224342856,2.0800433073050173,2.506484457263335,3.5228018798156944,5.261635885899035,6.817503618259038,1.1098918878586104,OFF,OFF,34,0,RANGE,False,2026-03,2026-03,-0.5845740630725182,-1.5842994696549262,-1.0335543130875147,-1.0683647250814166,1.2454167019177564,,4.7913139814816965,48-72h,HIGH
47,2026-03-03 08:00:00+00:00,2302.594098214286,dark_green,light_green,68379.1224754104,68379.1224754104,66270.7,67422.625,2026-03-03 12:00:00+00:00,2026-03-08 08:00:00+00:00,-4111.218580357137,dark_red,light_red,67155.9988523188,68171.6,67121.1,67514.95000000001,2026-03-08 12:00:00+00:00,SHORT,67000.0,66966.5,67490.1,67523.84505,-0.7314925373134415,0.08033290976831699,15.0,0.15,0.230332909768317,0.1007818834790496,-1.0626073305608081,-1.0626073305608081,1.3237962264714447,-10.57245040430663,30.0,120.0,LOSS,2302.594098214286,3.436707609275054,-33.24808928571747,-0.04962401385927981,-172.41879795524255,-0.2573414894854366,0.07904673088343878,0.46411574421550755,2335.8421875000035,0.014233876527978164,14,6.503792351641556,-0.026188268330189057,0.010102532945172715,0.008443835698911828,0.013706215834696112,0.004065867320338423,0.010783948340552074,0.009138760362193299,0.5646373147953093,0.5973136926334387,2.225557326589787,2.576800255678661,3.0013432835821026,5.426629730895942,7.104755894298695,1.0727414308450538,OFF,OFF,2,3,UP,False,2026-03,2026-03,-1.084124151628063,-2.134500085863822,-1.9842757199495242,-6.1462074320742355,-8.830385341924686,-4.807030380862076,2.386403557032253,>5d,HIGH
48,2026-03-08 08:00:00+00:00,-4111.218580357137,dark_red,light_red,67155.9988523188,68171.6,67121.1,67514.95000000001,2026-03-08 12:00:00+00:00,2026-03-11 04:00:00+00:00,2714.838360704054,dark_green,light_green,69983.62868842203,70249.1,69329.7,69679.475,2026-03-11 08:00:00+00:00,LONG,67490.1,67523.84505,69622.2,69587.3889,3.1591300057341614,0.08122240897180663,8.0,0.08,0.16122240897180662,0.10310757621761013,2.8948000205447446,2.8948000205447446,6.255945506171974,-2.894747845820439,17.0,68.0,WIN,-4111.218580357137,6.091596651884927,129.83160714285896,0.19237162119256032,154.7857142857174,0.22934614651906565,0.07769854793302691,-0.2524861313543023,-4241.050187499996,0.030613079638982476,17,11.187837423078655,0.0038359652606416716,-0.007148121613689495,-0.03840673870423572,-0.0505385299314598,-0.023912339836438257,-0.013910452140102114,-0.019217865192454164,0.13966520174652602,0.40756302521008403,1.6036850501239885,1.9321161567069849,1.556526892873018,2.800616344373632,5.2682701025267855,0.7877864837359242,OFF,OFF,23,0,RANGE,False,2026-03,2026-03,-0.517069266037018,-0.332986147091463,-2.3540499638653234,0.2953844672978878,4.511376607395978,,3.3611454856272296,48-72h,HIGH
49,2026-03-11 04:00:00+00:00,2714.838360704054,dark_green,light_green,69983.62868842203,70249.1,69329.7,69679.475,2026-03-11 08:00:00+00:00,2026-03-15 00:00:00+00:00,-256.6887950940393,dark_red,light_red,70785.55464075848,71599.9,70785.55464075848,71226.2,2026-03-15 04:00:00+00:00,SHORT,69622.2,69587.3889,71314.8,71350.4574,-2.4311211079224813,0.08101344138808461,11.0,0.11,0.19101344138808463,0.10248236228904961,-2.7246169115996155,-2.7246169115996155,0.9405280329465144,-6.15429198838641,23.0,92.0,LOSS,2714.838360704054,3.8993916596943414,-35.96551724675828,-0.05165819078533723,-95.8201875000018,-0.13762898203300644,0.01715630023116633,0.31592387924350834,2750.8038779508124,0.01307454796579336,17,10.042578528155294,-0.005472450617953983,-0.010694184131513018,0.03136517699482111,0.026732281955009318,0.015343000433279741,0.00590338538839541,0.009152792538836385,0.6559258120377418,0.478088542342492,1.8164577844286627,2.090022237045797,1.320557696478573,3.5490163292343704,4.811821599062857,1.0592592481455871,OFF,OFF,5,0,RANGE,False,2026-03,2026-03,0.6371684683228684,-0.8615226256894148,-1.4563143063986983,-0.280526548108484,-2.871082148047077,-1.4057304282615535,3.66514494454613,3-5d,HIGH
50,2026-03-15 00:00:00+00:00,-256.6887950940393,dark_red,light_red,70785.55464075848,71599.9,70785.55464075848,71226.2,2026-03-15 04:00:00+00:00,2026-03-17 12:00:00+00:00,2060.8180089285693,dark_green,light_green,74184.4333131299,74856.2,73330.3,74015.525,2026-03-17 16:00:00+00:00,LONG,71314.8,71350.4574,73878.5,73841.56075,3.5949059662229956,0.0813965451327296,7.0,0.06999999999999999,0.1513965451327296,0.10354313439901253,3.3399662866912534,3.3399662866912534,6.514944359697959,-0.18270016023750607,15.0,60.0,WIN,-256.6887950940393,0.35993762177561917,32.3022255007138,0.04529526199430385,136.49980357142726,0.19140459423769995,-0.05040703512454619,-0.1927487977984164,-288.9910205947531,0.11177587952122095,8,1.3777052958872607,0.010774634113154935,0.00394879656729219,-0.0007216291162636113,0.025861300113641406,0.007357836288460318,0.027217338711013284,0.0037872834307468572,0.45864406779661077,0.6921742482652279,1.3477003451216751,1.5251414458950858,1.0996314930421134,1.8660499218803657,3.273035501592325,0.8366973998977524,ON,ON,28,6,UP,True,2026-03,2026-03,0.09858745488575682,0.6300486589452481,0.1316636268683391,3.068014809951314,4.308931872383481,,3.174978073006706,48-72h,HIGH
51,2026-03-17 12:00:00+00:00,2060.8180089285693,dark_green,light_green,74184.4333131299,74856.2,73330.3,74015.525,2026-03-17 16:00:00+00:00,2026-03-20 04:00:00+00:00,-3373.6727117196974,dark_red,light_red,70154.3029404955,70944.9,70154.3029404955,70653.475,2026-03-20 08:00:00+00:00,SHORT,73878.5,73841.56075,70812.0,70847.406,4.150733975378492,0.07837806529570139,8.0,0.08,0.1583780652957014,0.09589721463193523,3.896458695450856,3.896458695450856,6.895250720983716,-1.2668194449018275,16.0,64.0,WIN,2060.8180089285693,2.7894692081303343,-25.309723214285896,-0.034258577548658804,-53.762330357145856,-0.07277128035510448,0.002127062628893344,0.22189007655012252,2086.127732142855,0.012132393824364691,11,3.031172444842973,-0.007341628944076417,0.008715159161225783,0.03406985012121333,0.02894846796657391,0.017341634264177896,0.03809740254831384,0.011080100616296606,0.624634884667812,0.7562170179008731,1.5187906061752936,1.712932592811204,2.0654182204565523,2.6379966829846384,3.169298928945811,1.1082675359345302,OFF,OFF,7,0,UP,False,2026-03,2026-03,-0.8386053107632963,-0.04176408202476445,-0.7760389192478012,3.2571911069742776,6.051958686423086,,2.99879202553286,48-72h,HIGH
52,2026-03-20 04:00:00+00:00,-3373.6727117196974,dark_red,light_red,70154.3029404955,70944.9,70154.3029404955,70653.475,2026-03-20 08:00:00+00:00,2026-03-25 20:00:00+00:00,1821.858089285714,dark_green,light_green,71050.95043305325,71606.0,70603.0,71089.95,2026-03-26 00:00:00+00:00,LONG,70812.0,70847.406,71297.5,71261.85125,0.685618256792634,0.08023399318247447,17.0,0.17,0.25023399318247447,0.10063530060648329,0.33474896300367624,0.33474896300367624,1.6267271662705498,-5.007107811399619,34.0,136.0,WIN,-3373.6727117196974,4.764273676768591,66.06094450406454,0.09329073856804371,191.67055357142908,0.27067562594906946,-0.04204707440649129,-0.3313774827683289,-3439.733656223762,0.019205249913619223,16,7.803577348392879,0.008241128470763526,0.009506009685637196,-0.041008938244853854,-0.03562415818553488,-0.017817853999996358,-0.013518790353779453,-0.012300401544694362,0.2844431568927694,0.2844431568927694,1.5959012851502492,1.8538952085105267,1.1070173233594838,3.4026170566676237,4.209071321734837,0.9945275038477541,OFF,OFF,7,0,RANGE,False,2026-03,2026-03,-0.5751883138812586,-1.436758319704745,-0.9958106299615355,-0.22598710247768716,-2.770610966335174,-3.587154623558131,1.2919782032668736,>5d,HIGH
53,2026-03-25 20:00:00+00:00,1821.858089285714,dark_green,light_green,71050.95043305325,71606.0,70603.0,71089.95,2026-03-26 00:00:00+00:00,2026-03-28 12:00:00+00:00,-3495.567651785721,dark_red,light_red,66333.82431412404,67284.0,66191.7,66686.59999999999,2026-03-28 16:00:00+00:00,SHORT,71297.5,71261.85125,66982.4,67015.89119999998,6.052245871173612,0.07761669955213238,8.0,0.08,0.15761669955213237,0.09399475150455405,5.800634420116925,5.800634420116925,8.08406061440904,-0.20522726737329716,16.0,64.0,WIN,1821.858089285714,2.5552902826686963,-12.498241071431949,-0.017529704507776498,-23.52607446331308,-0.032997053842439186,-0.0010311775865567765,0.14678966003045782,1834.356330357146,0.006813420525007027,15,4.1169916500420225,-0.004923915182490579,0.010969330964396562,0.00609037633050602,0.03507472978956616,0.016469811997815276,0.010990891460919805,0.008213569922860708,0.8505500117023777,0.5346395613213856,1.6000143274139351,1.8212259092401644,1.4067814439496475,3.479317593283498,4.814857850354789,1.0020132123332581,OFF,OFF,4,1,RANGE,False,2026-03,2026-03,0.5331762273015794,1.6952285532997657,2.8381963343956818,3.4714945045719814,6.872753323258651,,2.2834261942921152,48-72h,HIGH
54,2026-03-28 12:00:00+00:00,-3495.567651785721,dark_red,light_red,66333.82431412404,67284.0,66191.7,66686.59999999999,2026-03-28 16:00:00+00:00,2026-03-31 08:00:00+00:00,995.146156643314,dark_green,light_green,67309.836372561,67476.9,65938.0,66852.79999999999,2026-03-31 12:00:00+00:00,LONG,66982.4,67015.89119999998,66652.4,66619.0738,-0.4926667303649914,0.07976315026606705,8.0,0.08,0.15976315026606705,0.09945760446737961,-0.7518874850984381,-0.7518874850984381,2.0310239491376287,-3.1301399749198398,17.0,68.0,LOSS,-3495.567651785721,5.218643808566921,21.657714285714064,0.032333488527139354,151.29992857143043,0.22588046181070287,-0.0806067423782129,-0.3553948009170984,-3517.225366071435,0.006157613468455292,16,7.989546038921596,0.011942566904057594,0.013470616716092731,-0.030012395952200288,-0.04088622620733495,-0.021765338939076617,-0.03360121580276976,-0.013645866082396596,0.22793088061056552,0.22793088061056552,1.45619946077527,1.785144355002441,1.6307293120719994,3.2970603849445954,4.528224956922618,0.8900299318538324,OFF,OFF,8,0,DOWN,False,2026-03,2026-03,-0.21321987582548774,-1.0163129786148084,-0.2091909806610004,-0.7698042818834905,0.8569740545359084,,2.782911434236067,48-72h,HIGH
55,2026-03-31 08:00:00+00:00,995.146156643314,dark_green,light_green,67309.836372561,67476.9,65938.0,66852.79999999999,2026-03-31 12:00:00+00:00,2026-04-04 04:00:00+00:00,-1172.3219285714338,dark_red,light_red,66868.06306446032,67023.7,66745.5,66887.575,2026-04-04 08:00:00+00:00,SHORT,66652.4,66619.0738,66982.1,67015.59105,-0.4946558563532771,0.0802380803138695,11.0,0.11,0.19023808031386952,0.10054492832050271,-0.7854388649876494,-0.7854388649876494,1.415471194977785,-4.00624933335534,23.0,92.0,LOSS,995.146156643314,1.493038745256456,-11.604965720106975,-0.017411174571518768,-155.32891071428958,-0.23304323732422177,0.09911044409059216,0.20085264715163936,1006.751122363421,0.011527144556703825,17,6.7874172399416315,-0.001677540725296689,-0.014768334774543201,-0.0019227083233505082,-0.00016200842443814256,-0.0029642980579147604,-0.025799809288726494,0.002723003673745117,0.5013877645426147,0.2448847028255924,1.5379520411662404,1.7319098720506556,2.3088440926358156,3.284389412394334,3.8207210057251038,1.1004805612119233,ON,ON,25,6,RANGE,False,2026-04,2026-03,-0.12147602088097287,-1.7771580006565646,-2.4353778992346253,-3.0784369746071016,0.6581805705020094,-0.5468797135993686,2.2009100599654343,3-5d,HIGH
56,2026-04-04 04:00:00+00:00,-1172.3219285714338,dark_red,light_red,66868.06306446032,67023.7,66745.5,66887.575,2026-04-04 08:00:00+00:00,2026-04-07 00:00:00+00:00,1578.4762728984451,dark_green,light_green,69379.48651190235,69379.48651190235,68241.9,68729.475,2026-04-07 04:00:00+00:00,LONG,66982.1,67015.59105,68746.4,68712.02679999999,2.63398728914141,0.0810125618372801,8.0,0.08,0.1610125618372801,0.10258269594116864,2.370392031362961,2.370392031362961,4.949458623031868,-0.6566994979894349,17.0,68.0,WIN,-1172.3219285714338,1.750204425922537,18.597955357145793,0.027765601739490896,84.67196428571833,0.1264100270008634,-0.03543941176094102,-0.13142754769938236,-1190.9198839285796,0.015616462205497214,14,4.122279998940296,0.0018696621146625514,-0.00039994746958615934,0.0014068314299000573,-0.0053724322060828555,-0.0045096684000036635,-0.0014643956508677558,-0.0017554658671860013,0.36155486032282075,0.4722870611927323,1.1451238899562166,1.269923951758495,0.4153354632587816,1.8026637307425997,3.8849567020702978,0.7727658126216503,OFF,OFF,2,3,RANGE,False,2026-04,2026-04,0.1690784908775278,0.5098947045696578,0.3687335232418265,-0.34050442057543817,3.094964794763233,,2.579066591668907,48-72h,LOW
57,2026-04-07 00:00:00+00:00,1578.4762728984451,dark_green,light_green,69379.48651190235,69379.48651190235,68241.9,68729.475,2026-04-07 04:00:00+00:00,2026-04-13 16:00:00+00:00,-1426.1138341464643,dark_red,light_red,71158.08324925785,73441.7,71158.08324925785,72541.75,2026-04-13 20:00:00+00:00,SHORT,68746.4,68712.02679999999,73272.1,73308.73605,-6.583181082936725,0.08267592703290773,20.0,0.2,0.2826759270329077,0.10663649933260633,-6.972493509302239,-6.972493509302239,1.456843651132108,-7.366065935927249,40.0,160.0,LOSS,1578.4762728984451,2.296089059190742,-75.02725168043116,-0.10913642142258005,-118.28524107142516,-0.17206051972458905,-0.023106161560285186,0.19547152304356563,1653.5035245788763,0.04537471530309531,17,4.137565815916574,-0.016821480925310106,-0.005009234011265962,0.024328935311077604,0.033002253944402815,0.011599067365823501,0.01761770910571614,0.009334533004522916,0.5778014373170091,0.7070350737860857,1.241466716887709,1.4408853802534858,1.2653771912088485,3.0731753494736127,3.1684231024799154,1.165657143537709,OFF,OFF,6,0,UP,False,2026-04,2026-04,0.17453538424803128,0.5839251419083258,0.8348273609649959,-3.707608869427226,-3.273332638763038,-4.548364159154761,8.429337160434347,>5d,HIGH
58,2026-04-13 16:00:00+00:00,-1426.1138341464643,dark_red,light_red,71158.08324925785,73441.7,71158.08324925785,72541.75,2026-04-13 20:00:00+00:00,2026-04-16 00:00:00+00:00,2115.9468571428547,dark_green,light_green,74564.56863606258,75232.7,74400.0,74815.225,2026-04-16 04:00:00+00:00,LONG,73272.1,73308.73605,74851.9,74814.47405,2.156073048268015,0.080821587211092,7.0,0.06999999999999999,0.150821587211092,0.10210502053798676,1.9031464405189362,1.9031464405189362,3.68341359501586,-0.48484814928138953,14.0,56.0,WIN,-1426.1138341464643,1.946323208729183,140.6024918825724,0.19189063776244253,220.16209821428356,0.300471527010631,0.041654874257127036,-0.19797427655007682,-1566.7163260290367,0.08974342677524798,10,3.8458547977027058,0.03521051144391074,0.03120109436044083,-0.004939166900927328,0.01687995014981425,0.016711335220906287,0.03250886258310115,-0.001034757597809799,0.8488175675675683,0.929640340286942,1.2479553641390921,1.466119229977053,2.4732436039862282,3.572981559062175,4.0428221663584925,1.0240105958459524,OFF,OFF,4,1,RANGE,False,2026-04,2026-04,1.4681250939395873,1.5005905288691723,1.643274751290691,1.1835751054392718,2.249478082496559,,1.7802671544969237,48-72h,HIGH
59,2026-04-16 00:00:00+00:00,2115.9468571428547,dark_green,light_green,74564.56863606258,75232.7,74400.0,74815.225,2026-04-16 04:00:00+00:00,2026-04-20 16:00:00+00:00,-1437.0611874999995,dark_red,light_red,75052.6624543851,76449.8,75052.6624543851,75903.225,2026-04-20 20:00:00+00:00,SHORT,74851.9,74814.47405,76252.5,76290.62625,-1.87116158708063,0.08078923348389161,14.0,0.13999999999999999,0.2207892334838916,0.10192212264839218,-2.193872943212914,-2.193872943212914,2.082049055051803,-4.65889253952457,28.0,112.0,LOSS,2115.9468571428547,2.8268445518989562,-35.822669642853725,-0.04785806324602813,-85.07605357142575,-0.11365917708358204,0.00897152529576333,0.04634239070615415,2151.7695267857084,0.016648004908018783,14,4.967790868120576,0.014287746874894092,0.0074713850394632075,0.005954940813452048,0.04594933737263052,0.01828444172969257,0.03174897011736588,0.011003216572410768,0.791543561288462,0.8354779542449269,1.3162234838275404,1.5479130095234834,1.1124634110824136,2.8695977753171618,4.095863987495473,1.0495241155936692,OFF,OFF,18,0,UP,False,2026-04,2026-04,0.1961840297131756,0.3823779470919275,0.20714447567516947,0.30966474461234794,-2.8735428234959226,-0.8802119621396987,4.275921998264717,3-5d,HIGH
60,2026-04-20 16:00:00+00:00,-1437.0611874999995,dark_red,light_red,75052.6624543851,76449.8,75052.6624543851,75903.225,2026-04-20 20:00:00+00:00,2026-04-23 04:00:00+00:00,2471.526739512651,dark_green,light_green,78239.99293174605,78310.1,77627.4,77912.725,2026-04-23 08:00:00+00:00,LONG,76252.5,76290.62625,78009.1,77970.09545000001,2.303662175010663,0.08088056385564145,7.0,0.06999999999999999,0.15088056385564144,0.10225253590705563,2.0505290752479657,2.0505290752479657,4.133369858135093,-1.9828468114062792,15.0,60.0,WIN,-1437.0611874999995,1.8846086193895277,29.678116071428576,0.0389208433447147,168.52732097816465,0.22101219104706687,-0.07158525217881882,-0.23088241636079532,-1466.739303571428,0.020234077043660058,14,3.781905796155336,0.01947978153765928,0.017814167241740675,0.008574920440928002,0.012523005096309436,0.005575452841936723,0.022670514088531046,0.0005740490255417008,0.5578708702224142,0.7388992323191105,1.3003507129625052,1.4696968246125284,1.5832923510704606,2.7387567372662227,4.4671281010358035,1.0194585237515632,OFF,OFF,17,0,UP,True,2026-04,2026-04,-0.6560783081787758,-0.8146823280271498,-0.3154073597606666,-1.7066660925463273,3.27782569487034,,2.082840782887127,48-72h,HIGH
61,2026-04-23 04:00:00+00:00,2471.526739512651,dark_green,light_green,78239.99293174605,78310.1,77627.4,77912.725,2026-04-23 08:00:00+00:00,2026-04-26 00:00:00+00:00,-677.0302081916841,dark_red,light_red,77418.62413496347,77607.7,77280.0,77455.5,2026-04-26 04:00:00+00:00,SHORT,78009.1,77970.09545000001,77349.3,77387.97465,0.8457987593755125,0.07970136201750669,8.0,0.08,0.15970136201750668,0.09920380314219401,0.5868935942158118,0.5868935942158118,1.879560928509806,-0.8694417341514129,17.0,68.0,WIN,2471.526739512651,3.1682543953367635,-58.830865551834904,-0.07541538814296653,-157.5430714285685,-0.2019547353175059,0.02556197951578693,0.3074465383659181,2530.357605064486,0.023250020247764784,15,5.123885429566441,-0.009927491994674464,0.00037573833223469855,0.025760683760683856,0.037277809099322434,0.01768942307002397,0.028280152669662773,0.010967791414987493,0.7515324675324685,0.7680857253685035,1.2898079684856878,1.5662689121391662,0.8751543089203845,3.3767120530341774,4.313284292274585,1.0002096330062153,OFF,OFF,5,0,UP,False,2026-04,2026-04,0.41066443250071805,-0.46056702627774726,0.38424404673472745,0.4483711966521753,0.6671730321705205,,1.2926673342939943,48-72h,HIGH
62,2026-04-26 00:00:00+00:00,-677.0302081916841,dark_red,light_red,77418.62413496347,77607.7,77280.0,77455.5,2026-04-26 04:00:00+00:00,2026-04-27 08:00:00+00:00,88.3698656009007,dark_green,light_green,78410.69286771471,78410.69286771471,77500.0,77702.72499999999,2026-04-27 12:00:00+00:00,LONG,77349.3,77387.97465,77804.3,77765.39785000001,0.5882406175621498,0.08019508105837216,4.0,0.04,0.12019508105837215,0.10053797163174016,0.3675075648720375,0.3675075648720375,2.670990369432024,-0.06405988814698818,8.0,32.0,WIN,-677.0302081916841,0.8752893797250706,49.84816212585861,0.06444552455660052,96.58567857142793,0.12486949277036499,0.002010778171418016,-0.15320821378736185,-726.8783703175427,0.06857840893529689,17,4.2110736301195075,0.0007763040938395527,-0.0036030349482796264,-0.00438665930408122,-0.0017938191959302463,-0.004802082484962833,0.0074905352343535014,-0.002956269279250301,0.3572727657234705,0.6372813852813858,0.9363063634467249,1.031051073782909,0.42366252829695555,1.3173775450273075,2.847981847334514,0.7508852155272511,ON,ON,22,6,RANGE,False,2026-04,2026-04,0.8703230095452597,0.8554628196358882,0.8010616026633333,2.1671653219832665,,,2.3034828045599864,24-48h,LOW
63,2026-04-27 08:00:00+00:00,88.3698656009007,dark_green,light_green,78410.69286771471,78410.69286771471,77500.0,77702.72499999999,2026-04-27 12:00:00+00:00,2026-04-29 04:00:00+00:00,-1250.2505178571498,dark_red,light_red,76451.20540423229,77432.1,76451.20540423229,77057.84999999999,2026-04-29 08:00:00+00:00,SHORT,77804.3,77765.39785000001,77003.8,77042.3019,1.0288634432801271,0.07962806288144,5.0,0.05,0.12962806288144002,0.09902064688015666,0.8002147335185305,0.8002147335185305,2.738747449229442,-0.600012554298263,11.0,44.0,WIN,88.3698656009007,0.11357966796295409,-32.23554323128475,-0.041431570274759556,-100.54550892857249,-0.12922873019688177,0.02318279482368136,0.12869274273537892,1340.969233701635,0.9341000051455595,8,1.08925056732048,-0.010293397444459229,-0.003147982062780219,0.002132956888768245,0.001988412090679015,-0.00019082706506035052,0.009331414827489004,0.0010717064355385553,0.2990658174097677,0.7147079156584865,1.0167627830230872,1.1380400229337322,0.5782456753675492,2.4971394361702886,3.115271501676165,0.9465240711855699,ON,ON,30,6,UP,False,2026-04,2026-04,1.2928601637701376,1.184328603033069,0.5583432503457719,2.0145178875337066,,,1.9385327157109118,24-48h,LOW
64,2026-04-29 04:00:00+00:00,-1250.2505178571498,dark_red,light_red,76451.20540423229,77432.1,76451.20540423229,77057.84999999999,2026-04-29 08:00:00+00:00,2026-05-03 00:00:00+00:00,2035.9137258408214,dark_green,light_green,78493.10172203247,78740.5,78069.0,78406.17499999999,2026-05-03 04:00:00+00:00,LONG,77003.8,77042.3019,78162.3,78123.21885,1.5044712079144147,0.08056120698543147,11.0,0.11,0.19056120698543147,0.10145374433574816,1.212456256593235,1.212456256593235,2.7292773556133763,-2.822218244234478,23.0,92.0,WIN,-1250.2505178571498,1.6236218444507282,4.442276785714739,0.005768905931544598,104.73043749999806,0.13600684316877615,-0.062234515652843506,-0.17749465008775972,-1254.6927946428646,0.0035405294464763287,11,1.7860134220324841,0.00930877557226295,0.0022830099286201833,-0.007128977896171396,-0.00575985249819555,-0.0038342725936378885,-0.005135855431513181,-0.003011272587204461,0.35822380478609184,0.47591456244254043,0.9914791714150137,1.1463848302397648,0.7691828195491688,2.190627252967511,3.2473449586614835,0.985749716399884,OFF,OFF,4,1,DOWN,False,2026-05,2026-04,0.6622311216274657,-1.4968424768730837,-1.9778769097240634,-1.1842869144594093,0.07489145388579477,1.4787955083154225,1.5168210990201412,3-5d,LOW
65,2026-05-03 00:00:00+00:00,2035.9137258408214,dark_green,light_green,78493.10172203247,78740.5,78069.0,78406.17499999999,2026-05-03 04:00:00+00:00,2026-05-09 00:00:00+00:00,-1462.3003613292783,dark_red,light_red,80092.34007217883,80542.0,80080.0,80279.45000000001,2026-05-09 04:00:00+00:00,SHORT,78162.3,78123.21885,80340.7,80380.87035,-2.787021364519716,0.08115594392204181,18.0,0.18000000000000002,0.26115594392204183,0.10283844058481018,-3.151015749026568,-3.151015749026568,0.12316293595729733,-6.023153192183135,36.0,144.0,LOSS,2035.9137258408214,2.6047226362558233,-57.67264154387976,-0.07378565850572624,-189.8838035714332,-0.2429349707422408,0.04768182686539436,0.16893728998070642,2093.586367384701,0.027547295130663358,18,4.434369625967933,-0.0036634892631977056,-0.0027469548098503216,0.0140083494848382,0.015680449921188444,0.009993537842130307,0.011152085488886465,0.00578015826001832,0.7461965646390273,0.7182036189230421,0.846947936959634,0.9731323260685009,0.8591087274699856,1.6157425442082813,3.1253009411115285,0.8559034947730075,OFF,OFF,8,0,UP,False,2026-05,2026-05,-0.24753351544730684,-0.6365343841691962,-0.6425505213294214,-2.759078775464441,-3.4735910654300817,-4.368331464365904,3.274178684983865,>5d,LOW
66,2026-05-09 00:00:00+00:00,-1462.3003613292783,dark_red,light_red,80092.34007217883,80542.0,80080.0,80279.45000000001,2026-05-09 04:00:00+00:00,2026-05-11 04:00:00+00:00,965.6420982142904,dark_green,light_green,81386.84215577053,81386.84215577053,80597.8,80758.35,2026-05-11 08:00:00+00:00,LONG,80340.7,80380.87035,80708.8,80668.4456,0.45817375253141407,0.08014310631310552,6.0,0.060000000000000005,0.14014310631310553,0.1004079697676436,0.21762267645066494,0.21762267645066494,2.5872196219632033,-0.3689563806769536,13.0,52.0,WIN,-1462.3003613292783,1.820126264092225,8.014252185836085,0.009975345200105656,66.27305357143337,0.08249011529840873,-0.03126971244909892,-0.15377520399232372,-1470.3146135151144,0.005450705659978602,14,3.8863354570659716,0.0027646341509077743,0.010065375911491037,-0.005652416603030064,-0.006139522915895923,-0.004353843606646035,0.008786902754020387,-0.0029188242136062303,0.32595562538943207,0.6271727403500368,1.0136388300532813,1.0998174627846524,0.5750517173135375,2.012753289905321,3.113119714676533,0.8930574476539389,OFF,OFF,3,2,RANGE,False,2026-05,2026-05,-0.24778327123451405,-0.08767054859341039,0.1336507673184384,0.44068899535125716,0.38881098032299555,,2.3695969455125385,48-72h,LOW
67,2026-05-11 04:00:00+00:00,965.6420982142904,dark_green,light_green,81386.84215577053,81386.84215577053,80597.8,80758.35,2026-05-11 08:00:00+00:00,2026-05-14 12:00:00+00:00,-1243.6174543260206,dark_red,light_red,79450.50150236335,81270.2,79196.4,80232.2,2026-05-14 16:00:00+00:00,SHORT,80708.8,80668.4456,81245.6,81286.2228,-0.6651071506452864,0.08030632904621135,10.0,0.1,0.18030632904621136,0.10071546488307925,-0.946128944574577,-0.946128944574577,2.42306094466261,-1.7732514731881577,20.0,80.0,LOSS,965.6420982142904,1.196450575109177,-25.9377988292822,-0.03213747037722259,-168.021256372258,-0.20818181931888305,0.07195343928221909,0.26513406387597,991.5798970435726,0.02615805232298132,13,3.050338327692098,-0.008465809970761073,0.00016109864317770395,0.00657506638048333,-0.00946488774559695,0.00184625987297804,0.0038193914381086103,0.0025619661922262615,0.4729018085522546,0.5585313534789753,0.9651044998164087,1.0554416852564454,0.5395935268601109,2.372577931645223,2.9301158895289605,1.0143935513495224,OFF,OFF,2,3,UP,False,2026-05,2026-05,-0.6181529795090013,-0.9110804039094811,-1.5478845423544385,-0.17448507771915533,-0.38857126559035393,1.200649885833438,3.369189889237187,3-5d,LOW
68,2026-05-14 12:00:00+00:00,-1243.6174543260206,dark_red,light_red,79450.50150236335,81270.2,79196.4,80232.2,2026-05-14 16:00:00+00:00,2026-05-15 12:00:00+00:00,58.27174107142662,dark_green,light_green,80761.04846097443,80761.04846097443,78610.0,79726.675,2026-05-15 16:00:00+00:00,LONG,81245.6,81286.2228,79118.1,79078.54095000001,-2.6186033459042704,0.07891362556952271,3.0,0.030000000000000002,0.1089136255695227,0.09733273028894329,-2.8248497017627363,-2.8248497017627363,0.8768733193000533,-3.292344886764751,6.0,24.0,LOSS,-1243.6174543260206,1.5306908743573744,81.61922372985032,0.10045999314405145,94.53969642857214,0.11636299417022745,0.04227849605893769,-0.07978565939381725,-1325.236678055871,0.06158841290869352,15,2.7962220868305026,0.028355059723841336,0.031103614837038496,0.011754435777120209,-0.0016699147471043174,0.009359172371570024,0.007750045689266294,-0.004885683608129132,0.7478951877344845,0.6152518894748356,1.121391938474383,1.218396973619975,2.5525106005871128,4.064055973708721,4.723125181399166,1.1526987284665937,OFF,OFF,2,3,DOWN,False,2026-05,2026-05,0.10761626876822916,-0.2919594389124591,-0.3241912232142763,-2.6673927331262393,,,3.7017230210627896,24-48h,LOW
69,2026-05-15 12:00:00+00:00,58.27174107142662,dark_green,light_green,80761.04846097443,80761.04846097443,78610.0,79726.675,2026-05-15 16:00:00+00:00,2026-05-18 08:00:00+00:00,-1988.478589285715,dark_red,light_red,77206.98126581925,77375.0,76627.0,77074.125,2026-05-18 12:00:00+00:00,SHORT,79118.1,79078.54095000001,77255.1,77293.72755,2.354707709108282,0.07909719457210092,8.0,0.08,0.15909719457210092,0.09769413936055482,2.0979163751756262,2.0979163751756262,3.21710658724541,-0.573555157380526,17.0,68.0,WIN,58.27174107142662,0.07365168617941129,-19.070544642855452,-0.024103926594271154,-191.68907726376267,-0.2422825112664156,0.09703732903893661,0.2671137690675811,490.8753782573818,0.8812901529543149,6,1.7727684771735295,-0.0235082267068365,-0.026186065689792093,0.004103067845933728,-0.028074994410552834,-0.014564683656306587,-0.01734755777743735,-0.0026723397003000082,0.1498967246975509,0.13193091806258928,1.182714014856797,1.3718204300684587,2.5110594302181517,3.7163241880307294,4.581150547735761,1.133597277945118,ON,ON,8,3,DOWN,True,2026-05,2026-05,-0.03244755112035147,0.005742329012980996,0.04658779683771597,1.1184335717059124,1.3551602459099477,,1.1191902120697836,48-72h,LOW
70,2026-05-18 08:00:00+00:00,-1988.478589285715,dark_red,light_red,77206.98126581925,77375.0,76627.0,77074.125,2026-05-18 12:00:00+00:00,2026-05-21 12:00:00+00:00,714.6643384377062,dark_green,light_green,77658.5637709737,77658.5637709737,76696.7,77114.35,2026-05-21 16:00:00+00:00,LONG,77255.1,77293.72755,77224.3,77185.68785,-0.039867918105086796,0.07994408876196062,9.0,0.09000000000000001,0.16994408876196063,0.09991017699338656,-0.309722183860434,-0.309722183860434,1.1466292001853442,-1.6554092945928818,19.0,76.0,LOSS,-1988.478589285715,2.5739157197407483,106.07108928571392,0.13729996671505265,107.7343928571438,0.13945297114380145,0.06757348114315154,-0.026388564111166864,-2094.549678571429,0.0506414769584548,17,2.811328670358826,-0.002265260156217641,-0.014246250231270241,-0.01009065573245349,-0.024762486650525384,-0.014668248792345295,-0.03170468706319851,-0.010670940695888587,0.15874589640205355,0.12158285521430982,0.9701813939389745,1.17544896157104,0.9682221215455311,1.675234171934804,3.7597801714553487,0.9474095493407527,OFF,OFF,14,0,DOWN,False,2026-05,2026-05,-1.1646838346845878,-0.5113319832380059,-0.42762532029030353,-0.7977717850405242,0.07435590418747307,-0.17637595484292223,1.4563513840457782,3-5d,LOW
71,2026-05-21 12:00:00+00:00,714.6643384377062,dark_green,light_green,77658.5637709737,77658.5637709737,76696.7,77114.35,2026-05-21 16:00:00+00:00,2026-05-23 20:00:00+00:00,-1285.8195892857204,dark_red,light_red,75386.25111168035,77427.0,75386.25111168035,76501.4,2026-05-24 00:00:00+00:00,SHORT,77224.3,77185.68785,76715.3,76753.65765,0.6591189560798867,0.07977610864810088,7.0,0.06999999999999999,0.14977610864810087,0.09939057633207526,0.40995227109971055,0.40995227109971055,3.8635243567373303,-1.137661883258064,14.0,56.0,WIN,714.6643384377062,0.9254397106062551,-49.20374447056497,-0.06371536481465674,-129.10929464285846,-0.1671873939198652,0.019878332145276078,0.189233183327919,763.8680829082712,0.06441392901668544,19,3.7014485874002094,-0.010440920000358789,-0.0025664208310192116,0.009627666598246432,-0.010032445847738991,0.001399832849972693,-0.013469517547792798,2.048894135353585e-05,0.5587311847816069,0.20219556209063047,0.9539672047680565,1.0555133244881623,0.8836596770705706,1.4995975847803207,2.6948738069669207,0.9673071804398735,ON,ON,33,6,RANGE,False,2026-05,2026-05,-0.6107507274096369,-0.5188943198619178,-0.7181540586607582,0.556045896532098,2.20091042435403,,3.45357208563762,48-72h,LOW
72,2026-05-23 20:00:00+00:00,-1285.8195892857204,dark_red,light_red,75386.25111168035,77427.0,75386.25111168035,76501.4,2026-05-24 00:00:00+00:00,2026-05-26 04:00:00+00:00,1523.0498660714275,dark_green,light_green,77143.23139655222,77143.23139655222,76556.9,76729.225,2026-05-26 08:00:00+00:00,LONG,76715.3,76753.65765,76685.0,76646.6575,-0.039496684494491854,0.07994423710698562,7.0,0.06999999999999999,0.14994423710698562,0.09991054804147133,-0.2893514696429488,-0.2893514696429488,1.4777697698423635,-0.9089568775749333,14.0,56.0,LOSS,-1285.8195892857204,1.6760949450509421,92.64008928571207,0.12075845371674983,169.99677678571356,0.22159464719601016,0.009961130118744525,-0.26942381911755997,-1378.4596785714325,0.06720551259193862,11,2.805764125462011,0.02610772932708949,0.015919092184005113,-0.011226223220108689,-0.0011028660193567186,-2.131214094025502e-05,-0.006696465565532828,-0.005203446686942281,0.6316265969218375,0.4713521628976243,1.0814926251126264,1.3464436879574597,1.9723601059503277,2.711082799667862,3.0904116472609733,1.1169915565847761,OFF,OFF,5,0,DOWN,False,2026-05,2026-05,-0.06626088131448382,0.022985679823173122,0.6981326576558367,0.3604288817889545,0.6877097016105616,,1.7671212394853124,48-72h,LOW
73,2026-05-26 04:00:00+00:00,1523.0498660714275,dark_green,light_green,77143.23139655222,77143.23139655222,76556.9,76729.225,2026-05-26 08:00:00+00:00,2026-05-29 00:00:00+00:00,-2715.7979057560074,dark_red,light_red,73404.77289128414,73844.0,73158.8,73465.85,2026-05-29 04:00:00+00:00,SHORT,76685.0,76646.6575,73269.1,73305.73455000001,4.454456543000579,0.0782564547188506,8.0,0.08,0.15825645471885058,0.09559334012706522,4.200606748154663,4.200606748154663,5.337033125025708,-1.8662816444409265,17.0,68.0,WIN,1523.0498660714275,1.9861092520860342,-66.51927678571087,-0.08674341793348496,-113.79988392856944,-0.1483989509416685,-0.012543942462650505,0.21267538196694638,1589.5691428571383,0.04184736290624463,14,3.870411359479965,-0.009278674165054901,-0.008941933649533995,-0.001122815427119228,-0.00881255420599747,0.0016120990038424043,-0.0023642446978950904,0.0017845532545575082,0.6735336427543924,0.6240569359219403,0.9244510485286711,1.0981547945548114,0.6376727682431136,1.9671497796141364,3.245579920252705,0.9213516200684576,OFF,OFF,19,0,RANGE,False,2026-05,2026-05,-0.6617933730508563,0.21978453528779252,0.806763817456746,0.9284912391646083,4.1484620513295045,,1.1364263768710448,48-72h,LOW
74,2026-05-29 00:00:00+00:00,-2715.7979057560074,dark_red,light_red,73404.77289128414,73844.0,73158.8,73465.85,2026-05-29 04:00:00+00:00,2026-06-01 00:00:00+00:00,641.3197773594591,dark_green,light_green,73694.06178731113,74070.5,73171.0,73656.5,2026-06-01 04:00:00+00:00,LONG,73269.1,73305.73455000001,73731.4,73694.5343,0.6309617560472127,0.08021215243385076,9.0,0.09000000000000001,0.17021215243385077,0.10058067142033345,0.3601689321930285,0.3601689321930285,1.3469143390501601,-1.1864481753563005,18.0,72.0,WIN,-2715.7979057560074,3.7066023728333426,38.659502982287904,0.052763648275520825,51.34372321428873,0.07007545218767057,0.01772592218168557,-0.1839253916913794,-2754.4574087382953,0.014035251683196746,17,5.928857625844739,0.005076880235832748,0.0006104514199483102,-0.03128685433843337,-0.04831599319383295,-0.024086947916149182,-0.03740300977292954,-0.013171974498851213,0.12917715672601407,0.12681365576102366,1.1418829377123922,1.368432774008941,0.9351814950893378,2.231956812772725,2.742622351660771,1.0470164889368392,OFF,OFF,8,0,DOWN,False,2026-06,2026-05,0.24863736939388925,0.1935257191962636,0.6406940096612024,0.25463962832630305,1.093864559058555,0.5805350053613267,0.9867454068571316,3-5d,LOW
75,2026-06-01 00:00:00+00:00,641.3197773594591,dark_green,light_green,73694.06178731113,74070.5,73171.0,73656.5,2026-06-01 04:00:00+00:00,2026-06-04 12:00:00+00:00,-5090.812252888435,dark_red,light_red,63660.36500404443,64463.7,62344.1,63298.325,2026-06-04 16:00:00+00:00,SHORT,73731.4,73694.5343,63864.8,63896.7324,13.381815617226842,0.0746819383591654,10.0,0.1,0.1746819383591654,0.0866615151403316,13.120472163727344,13.120472163727344,16.758005756201648,-0.16468751875944052,21.0,84.0,WIN,641.3197773594591,0.8698066863861875,-2.056779888328947,-0.0027895614051684247,-32.856017857142206,-0.04456183175549896,0.019491354472581112,0.09620706636979451,643.376557247788,0.003196852395628716,18,4.608400999285355,0.0016002499541525328,-0.0050777518095310725,0.0032506762604025408,0.006921180752343936,0.0009935768788003063,-0.017471325206993016,0.0013392541558134852,0.697485326584459,0.22961833684919636,0.8650834372319826,0.9432296893877945,1.2199703518044576,0.8847319830928217,1.6534043403925602,0.8468594056844068,ON,ON,26,6,RANGE,False,2026-06,2026-06,1.2462719368863562,1.6849747566692996,3.521474590551832,3.763962044604441,10.687541993192307,12.698817339564894,3.6375335924743037,3-5d,LOW
76,2026-06-04 12:00:00+00:00,-5090.812252888435,dark_red,light_red,63660.36500404443,64463.7,62344.1,63298.325,2026-06-04 16:00:00+00:00,2026-06-09 00:00:00+00:00,2463.3499055679813,dark_green,light_green,63372.21023498207,63372.21023498207,62381.2,62859.350000000006,2026-06-09 04:00:00+00:00,LONG,63864.8,63896.7324,62841.1,62809.67945,-1.6029174130350432,0.07931949387133293,13.0,0.13,0.20931949387133292,0.09834790863263798,-1.9105848155390142,-1.9105848155390142,0.5528727162267209,-7.538307858759927,27.0,108.0,LOSS,-5090.812252888435,7.971233375644228,61.93406854013938,0.09697684568046776,143.5391310401401,0.22475468652550398,-0.015400497582285965,-0.15218472549149878,-5152.746321428574,0.012019623066359,21,9.075614232999026,-0.007327134645813582,-0.03303278750577243,-0.05067633855575704,-0.13243087205471815,-0.05256145593121153,-0.10328811021319362,-0.03499862567749823,0.2146653945754396,0.1701472584010209,2.2203442374668168,2.6846043484014914,3.318886146985504,4.754386141030229,5.866539073065303,1.3441968091904621,OFF,OFF,17,0,DOWN,False,2026-06,2026-06,-0.46392419278078467,-0.06781630041539088,-1.8733859385898777,-5.471222500260431,-4.918299077215416,-2.8563783020616573,2.463457531765735,3-5d,HIGH
77,2026-06-09 00:00:00+00:00,2463.3499055679813,dark_green,light_green,63372.21023498207,63372.21023498207,62381.2,62859.350000000006,2026-06-09 04:00:00+00:00,2026-06-11 04:00:00+00:00,-1092.8221335928813,dark_red,light_red,61944.28017092712,62993.4,61944.28017092712,62713.024999999994,2026-06-11 08:00:00+00:00,SHORT,62841.1,62809.67945,62693.2,62724.546599999994,0.23535552369389054,0.07994578361122331,6.0,0.060000000000000005,0.1399457836112233,0.09981455175217008,-0.0044048116695028505,-0.0044048116695028505,3.3717405797077373,-1.0989079327326485,13.0,52.0,LOSS,2463.3499055679813,3.9199724790630026,-83.77472205076629,-0.13331220389676532,-215.31132917873128,-0.3426287442573022,0.038002168231886166,0.41575337353360503,2547.1246276187476,0.03288991875088793,27,12.252941469816397,-0.014187690405895959,-0.004129847737616821,0.018969987563056234,0.002253599299518294,0.012164708662189438,-0.031982159671971044,0.006541019560237116,0.7063788109279595,0.24907449718210065,1.967849247985025,2.1816576281844386,1.2350217214875732,4.058687760132992,5.562110423827446,0.8833987403319077,OFF,OFF,2,3,RANGE,False,2026-06,2026-06,-0.5749441060075355,0.20741938366953816,2.7208854828823736,2.0561790178026507,0.24228662099946563,,3.37614539137724,48-72h,HIGH
78,2026-06-11 04:00:00+00:00,-1092.8221335928813,dark_red,light_red,61944.28017092712,62993.4,61944.28017092712,62713.024999999994,2026-06-11 08:00:00+00:00,2026-06-13 16:00:00+00:00,1577.5343482142835,dark_green,light_green,63915.59990860507,64298.7,63862.9,64172.72499999999,2026-06-13 20:00:00+00:00,LONG,62693.2,62724.546599999994,64264.2,64232.0679,2.505853904410686,0.08096135971112783,7.0,0.06999999999999999,0.15096135971112784,0.10245462659110327,2.252437918108455,2.252437918108455,2.6115029741801346,-0.6529287530951946,15.0,60.0,WIN,-1092.8221335928813,1.743124278978585,35.071821380614665,0.05594189710960288,200.13432142857027,0.31922760714234255,-0.10367190646156856,-0.25573244033150294,-1127.893954973496,0.031094963516706504,13,5.861900047680124,0.012673501462637793,0.016852028163485855,-0.007558872137126693,0.005248051823108835,0.003861838477220436,0.00030743195204063767,-0.0002326841416432357,0.5738616813854807,0.4294492381563624,1.7856796904826482,1.9847836406551251,0.7744049204619952,5.03987997348304,6.273888563849066,0.9166199926467232,ON,ON,15,6,DOWN,False,2026-06,2026-06,0.5635009245327893,-0.005494818514950595,1.3440565866122967,0.5451667943981775,1.7526685477866843,,0.3590650560716795,48-72h,HIGH
79,2026-06-13 16:00:00+00:00,1577.5343482142835,dark_green,light_green,63915.59990860507,64298.7,63862.9,64172.72499999999,2026-06-13 20:00:00+00:00,2026-06-19 12:00:00+00:00,-2519.387149385349,dark_red,light_red,62669.22854677605,63410.3,62315.2,62879.625,2026-06-19 16:00:00+00:00,SHORT,64264.2,64232.0679,63193.1,63224.69654999999,1.6667133489563373,0.07937266765157346,17.0,0.17,0.24937266765157345,0.09838247788997312,1.3189582034147906,1.3189582034147906,3.113659524575268,-4.706888940127042,35.0,140.0,WIN,1577.5343482142835,2.4547638470785964,-38.127857142859284,-0.05932985572505266,-67.48491100202364,-0.1050116721316435,-0.006824019659230363,0.05387604326964299,1615.6622053571427,0.023598903914714715,15,4.269182780351485,0.006898669620627906,0.011157247805447579,0.010958412776320037,0.035370427654473735,0.016001692276899737,0.029111445485527465,0.009451187642485648,0.9713336829225655,0.9813728088441295,1.2148926404544176,1.3328438596920777,0.6781380613156246,1.5225061887242448,4.342585317167636,0.7702356159829817,OFF,OFF,6,0,UP,False,2026-06,2026-06,-0.2897806439764228,-0.4404841837576834,-0.24899104953151063,0.7080075651744622,-3.6541437583079928,-2.2124962599872955,1.7947013211604772,>5d,HIGH
80,2026-06-19 12:00:00+00:00,-2519.387149385349,dark_red,light_red,62669.22854677605,63410.3,62315.2,62879.625,2026-06-19 16:00:00+00:00,2026-06-22 00:00:00+00:00,1102.3652471757564,dark_green,light_green,63944.19264994955,64788.0,63286.2,63824.125,2026-06-22 04:00:00+00:00,LONG,63193.1,63224.69654999999,63935.1,63903.132450000005,1.174178826485803,0.08042922208378714,7.0,0.06999999999999999,0.15042922208378712,0.1011236170179588,0.9226259873840572,0.9226259873840572,2.472615188850609,-0.6138369516618816,15.0,60.0,WIN,-2519.387149385349,3.9868136492734143,12.675391551500525,0.02005822092874294,120.65591964285659,0.19093241283505544,-0.07540798548878573,-0.1666876962598375,-2532.0625409368495,0.00500595516365512,21,6.317006550107318,0.007138406026924837,0.013718803037643168,-0.038344186131447966,-0.06030617783296277,-0.017317804612742238,-0.01918311626010094,-0.014199954608832166,0.20338229691402485,0.19128859514661722,1.3934321313464992,1.576124719766574,1.732945104679325,3.735391202174268,4.38311916252631,1.0198264714804892,OFF,OFF,7,0,DOWN,False,2026-06,2026-06,-0.35238848449640203,0.4553654911927163,0.341327775024336,1.4469084075026784,1.5430733609428593,,1.549989201466552,48-72h,HIGH
81,2026-06-22 00:00:00+00:00,1102.3652471757564,dark_green,light_green,63944.19264994955,64788.0,63286.2,63824.125,2026-06-22 04:00:00+00:00,2026-06-25 04:00:00+00:00,-2202.1932615236146,dark_red,light_red,60854.42050794153,61931.1,60756.4,61357.05,2026-06-25 08:00:00+00:00,SHORT,63935.1,63903.132450000005,61886.8,61917.7434,3.2037175197974133,0.07875725087401408,9.0,0.09000000000000001,0.1687572508740141,0.09684470483260466,2.9381155640907943,2.9381155640907943,7.578865486428913,-2.650992971785051,19.0,76.0,WIN,1102.3652471757564,1.7241941393315352,-17.494261076129533,-0.02736253024728128,-82.10985714285789,-0.12842688467345462,0.036850912089446096,0.2681700871878936,1119.859508251886,0.015621835549209456,15,5.711920446184859,-0.004130821818589703,-0.007200444728783784,0.007796281555157991,-0.004978600887090567,0.005335416070780807,-0.008947253910060016,0.0014309127544764877,0.6656343108044533,0.3390201660263177,1.1564513147876052,1.248036345272346,2.3489444765082137,2.143516382236021,3.823920679132082,0.9358328005888882,OFF,OFF,5,0,RANGE,False,2026-06,2026-06,-0.4456237731738977,-1.1285323932504587,-1.4159987395109264,-0.2099545747698217,1.875545695569425,4.771647856833661,4.640749922338118,3-5d,LOW
82,2026-06-25 04:00:00+00:00,-2202.1932615236146,dark_red,light_red,60854.42050794153,61931.1,60756.4,61357.05,2026-06-25 08:00:00+00:00,2026-06-28 20:00:00+00:00,437.38553945590934,dark_green,light_green,59880.28219237816,59883.2,58888.0,59443.175,2026-06-29 00:00:00+00:00,LONG,61886.8,61917.7434,59550.2,59520.4249,-3.77560319809718,0.0784512881973021,11.0,0.11,0.1884512881973021,0.0961763086475722,-4.060230794942054,-4.060230794942054,-0.032532516357824566,-6.278884188146947,22.0,88.0,LOSS,-2202.1932615236146,3.558427354380852,0.5531759763871378,0.0008938527605885235,83.44491964285953,0.13483498012151163,-0.0665236373001675,-0.30361917347963097,-2202.746437500002,0.000251130119640535,15,5.524855198550992,0.03275660088312149,-0.011872847487558014,-0.015314435187719133,-0.03558355059443574,-0.013812539654172284,-0.02434091021597451,-0.012595979388239975,0.43240225172856855,0.38410425046200647,1.5692978730029057,1.8363485743186598,1.898146128328053,5.224545438190959,5.833907802171188,1.1972023283217323,OFF,OFF,9,0,DOWN,False,2026-06,2026-06,-1.0651928894424234,-3.8463019955601307,-4.228098855424367,-2.3042561334688405,-2.253705195593414,-2.7863473461146815,4.0276982785842295,3-5d,HIGH
83,2026-06-28 20:00:00+00:00,437.38553945590934,dark_green,light_green,59880.28219237816,59883.2,58888.0,59443.175,2026-06-29 00:00:00+00:00,2026-07-01 12:00:00+00:00,-691.8373750000011,dark_red,light_red,58782.31456996448,60520.0,58294.1,59381.35,2026-07-01 16:00:00+00:00,SHORT,59550.2,59520.4249,60118.6,60148.65929999999,-0.9544888178377259,0.08042219752366048,8.0,0.08,0.1604221975236605,0.10100499131348195,-1.2159160066748682,-1.2159160066748682,2.960034144514314,-2.079748425989487,16.0,64.0,LOSS,437.38553945590934,0.7344820663170054,-50.919657452371666,-0.08550711408588328,-112.9613839285687,-0.18969102358777754,0.0093383977080055,0.1391182735736706,488.305196908281,0.10427834431165386,18,4.756283117561601,-0.012678459219861216,-0.007501629158520928,-0.008686243174856889,-0.024585921325051774,-0.008061327755841785,-0.03612457016236925,-0.0043347333267876875,0.47870444115750693,0.2008933291045562,1.439976649755452,1.5483602577457607,1.6711950589586553,1.9318675603948947,4.965816459062262,0.8163816383194661,ON,ON,31,6,DOWN,True,2026-07,2026-06,-0.8389978748286842,-0.8038838781878388,-0.6834210284678344,-1.1832494495515489,1.5373292471236977,,4.175950151189182,48-72h,HIGH
84,2026-07-01 12:00:00+00:00,-691.8373750000011,dark_red,light_red,58782.31456996448,60520.0,58294.1,59381.35,2026-07-01 16:00:00+00:00,2026-07-04 04:00:00+00:00,2441.9867946428612,dark_green,light_green,62411.39362738907,62735.2,62302.6,62549.1,2026-07-04 08:00:00+00:00,LONG,60118.6,60148.65929999999,62549.1,62517.825450000004,4.042841982348225,0.08157554045431567,8.0,0.08,0.16157554045431566,0.10399084655904867,3.777275595334861,3.777275595334861,4.669332172462912,-0.98698675400067,16.0,64.0,WIN,-691.8373750000011,1.1507894824388516,82.72050000000183,0.13759574839691915,135.01322321428836,0.22457849616056347,0.025306500316637406,-0.06906158705686022,-774.5578750000029,0.10679705502962128,16,2.1006230559782497,0.016036951407479627,0.03019901912735934,0.0053227246731617495,-0.011488526272173005,0.01023875299953625,-0.0029057431508016096,-0.005097959294902532,0.7867120045337861,0.43292973766281445,1.5636499943175237,1.6980680368012604,3.7025208546454107,3.816001670393317,4.145077908900429,1.0762071572461978,ON,ON,47,6,DOWN,False,2026-07,2026-07,-0.24715313978742603,-0.2478181587664996,1.4700921189111371,2.3863220173221844,2.903706783037152,,0.8920565771280513,48-72h,HIGH
85,2026-07-04 04:00:00+00:00,2441.9867946428612,dark_green,light_green,62411.39362738907,62735.2,62302.6,62549.1,2026-07-04 08:00:00+00:00,2026-07-09 08:00:00+00:00,-776.7647410714244,dark_red,light_red,62341.97883743416,63083.9,62341.97883743416,62849.225,2026-07-09 12:00:00+00:00,SHORT,62549.1,62517.825450000004,62755.9,62787.277949999996,-0.3306202647200406,0.08017240043015604,15.0,0.15,0.23017240043015602,0.10038081067003785,-0.6611734758202344,-0.6611734758202344,1.9527637777107039,-3.477527464129029,31.0,124.0,LOSS,2441.9867946428612,3.9041180428829576,-16.211544642857007,-0.025918151597718597,-57.2199999999998,-0.09148027946090234,0.019821988132732886,0.1355093068258985,2458.1983392857182,0.00659488877840818,16,5.168357950224179,0.005960269160994791,0.013208366270555993,0.04030216645766038,0.05128433536086274,0.024871262314217546,0.03673800775780833,0.014445747685062793,0.9214788596929948,0.9214788596929948,1.2526775582690086,1.4083266147779556,0.6916177716670108,2.1062110287557627,4.641025140149532,0.8626769731535093,OFF,OFF,9,0,UP,False,2026-07,2026-07,0.09457374688647269,-0.6253809168597746,-1.200097003693834,-0.7634215466782335,-0.8744298863005318,-0.871390753083201,2.6139372535309384,>5d,HIGH
86,2026-07-09 08:00:00+00:00,-776.7647410714244,dark_red,light_red,62341.97883743416,63083.9,62341.97883743416,62849.225,2026-07-09 12:00:00+00:00,2026-07-11 20:00:00+00:00,1438.424696428568,dark_green,light_green,64167.1588624218,64438.9,63776.0,64064.95,2026-07-12 00:00:00+00:00,LONG,62755.9,62787.277949999996,63783.1,63751.208450000006,1.6368182115147691,0.08061409287452634,7.0,0.06999999999999999,0.15061409287452632,0.10158602519889537,1.3846180934413475,1.3846180934413475,3.0144992931645387,-0.5714182262937171,15.0,60.0,WIN,-776.7647410714244,1.237753746369151,56.10129464285683,0.08939590579842059,93.82361906863082,0.14950541632454398,0.014643197636148565,-0.17075588310377018,-832.8660357142812,0.06735932579450586,8,1.6792353047728348,0.008042688734934966,0.007804721374658818,-0.009809444015797308,0.0020118154239181507,-0.003198671863409941,0.007947099770187371,-0.0022156299219712183,0.4297622904945652,0.6974116102410203,1.3462053570392385,1.5079891686513252,0.7975333035885015,2.933656395497363,4.152497347866319,1.0246193594300632,ON,ON,40,6,RANGE,False,2026-07,2026-07,0.07664299452243561,0.6938062362679798,0.6525558415293675,2.559311539639708,2.2117889090619514,,1.6298811997231912,48-72h,HIGH
87,2026-07-11 20:00:00+00:00,1438.424696428568,dark_green,light_green,64167.1588624218,64438.9,63776.0,64064.95,2026-07-12 00:00:00+00:00,2026-07-14 12:00:00+00:00,-1065.6954869194028,dark_red,light_red,62590.08862394505,64950.0,62590.08862394505,63811.075,2026-07-14 16:00:00+00:00,SHORT,63783.1,63751.208450000006,64727.4,64759.763699999996,-1.4804862102970895,0.08063280698485331,8.0,0.08,0.16063280698485333,0.10153125183619549,-1.7426502691181383,-1.7426502691181383,3.0512495328235705,-1.8804216879123246,16.0,64.0,LOSS,1438.424696428568,2.2551850750647793,-58.61658035714345,-0.0919000052633828,-111.08248214285663,-0.17415687901612756,-0.0048215657553190025,0.14488015527456316,1497.0412767857115,0.03915495268306747,15,3.652865673455298,-0.006123784592370951,-0.005403129604940049,0.009272592053420237,0.007067137809187329,0.004171097165121207,0.009323092545826972,0.006032578585233095,0.7023888520238886,0.7322748829126039,1.0095131411035936,1.1172215592243007,1.0393051440038905,1.7484683471004947,3.2233372009117724,0.8291025027795195,OFF,OFF,7,0,UP,False,2026-07,2026-07,-0.7067968764127741,-0.16500322512709165,-0.38052855137680197,0.0018955719105373525,2.265382076847522,,4.793899801941709,48-72h,LOW
88,2026-07-14 12:00:00+00:00,-1065.6954869194028,dark_red,light_red,62590.08862394505,64950.0,62590.08862394505,63811.075,2026-07-14 16:00:00+00:00,2026-07-16 08:00:00+00:00,1568.0728750000007,dark_green,light_green,64606.16760919138,64606.16760919138,63843.1,64152.450000000004,2026-07-16 12:00:00+00:00,LONG,64727.4,64759.763699999996,64226.6,64194.4867,-0.7737063438358452,0.07965084678034426,5.0,0.05,0.12965084678034428,0.09917670530349965,-1.0025338959196892,-1.0025338959196892,1.2815616558526777,-1.415483392197735,11.0,44.0,LOSS,-1065.6954869194028,1.6464338757396821,185.05168334797827,0.2858934507712769,215.14261607142794,0.33238208809459335,0.11970240672398016,-0.10436082598866973,-1250.747170267381,0.147952909866203,16,4.24516387478752,0.03500740347499609,0.03404178501707755,0.009003911151848953,0.011071764968673348,0.020218137777009648,0.021970256659120446,-0.004226461824354377,0.9292302798982188,0.939091157952368,1.1060651914522368,1.2654195866746332,3.388822370707968,3.7640805192328317,3.902833628241272,1.1244324863419288,OFF,OFF,6,0,RANGE,False,2026-07,2026-07,-0.33471972041799747,0.3936646544619782,0.0016002220218247487,0.9756618367648517,,,2.284095551772367,24-48h,LOW
89,2026-07-16 08:00:00+00:00,1568.0728750000007,dark_green,light_green,64606.16760919138,64606.16760919138,63843.1,64152.450000000004,2026-07-16 12:00:00+00:00,2026-07-18 08:00:00+00:00,-767.2476570373597,dark_red,light_red,63910.06365176005,64073.2,63910.06365176005,63999.625,2026-07-18 12:00:00+00:00,SHORT,64226.6,64194.4867,64033.2,64065.21659999999,0.30112134224760684,0.07991945096431467,6.0,0.060000000000000005,0.13991945096431468,0.09974875303425806,0.06145313824903409,0.06145313824903409,2.631669457682575,-1.0596132704960095,12.0,48.0,WIN,1568.0728750000007,2.441469539100623,-29.511151785713537,-0.045948488298794485,-124.61469642857014,-0.19402349871948718,0.05106326106094917,0.2308303474379532,1597.5840267857143,0.018472362824689094,11,4.4348154768477475,-0.007645075662763845,-0.0074319051114631884,0.022548849472140642,0.0036378524169529136,0.005717138316289061,0.009432017244897173,0.0029897378144743136,0.6397441657636705,0.6650613067302259,1.058100847065135,1.265371227962395,0.773666985330068,3.6137815596517124,4.112431439424024,1.0046922043869382,OFF,OFF,17,0,UP,False,2026-07,2026-07,-0.7527333340294318,-0.07339150513061554,0.6129602715555293,1.4351492586979542,0.251091189112973,,2.570216319433541,48-72h,LOW
90,2026-07-18 08:00:00+00:00,-767.2476570373597,dark_red,light_red,63910.06365176005,64073.2,63910.06365176005,63999.625,2026-07-18 12:00:00+00:00,2026-07-20 20:00:00+00:00,1015.140001549672,dark_green,light_green,65085.62396663366,65435.3,65030.2,65202.399999999994,2026-07-21 00:00:00+00:00,LONG,64033.2,64065.21659999999,65224.7,65192.08765,1.8607534841301077,0.08070357745422811,7.0,0.06999999999999999,0.1507035774542281,0.10180984855983621,1.6082400581160434,1.6082400581160434,2.689108835386358,-0.5137212007802592,15.0,60.0,WIN,-767.2476570373597,1.198201025149976,15.216355342070983,0.023763190936701657,34.24351785714089,0.05347767155080386,-0.0029756448387005022,-0.13478842818736403,-782.4640123794306,0.019446715888950434,12,3.7168911162865954,0.0019308432652844765,0.012012984960457329,-0.003009656435184138,0.01947132874703672,-0.001897901739940644,0.0020974573200942537,-0.0014180612959544536,0.4954289048823203,0.5886566059677047,0.9507086543145958,1.1465989402858057,0.25174401444248085,2.316013106008541,4.231900206642331,0.8738090840766253,OFF,OFF,2,2,RANGE,False,2026-07,2026-07,0.03868464248664161,0.7197094218518663,1.1573884228466058,0.5939001227071472,1.4135336584501834,,1.0808687772703145,48-72h,LOW
91,2026-07-20 20:00:00+00:00,1015.140001549672,dark_green,light_green,65085.62396663366,65435.3,65030.2,65202.399999999994,2026-07-21 00:00:00+00:00,2026-07-25 12:00:00+00:00,-1448.5277053571458,dark_red,light_red,64038.99121839059,64243.6,64006.2,64107.75,2026-07-25 16:00:00+00:00,SHORT,65224.7,65192.08765,64150.1,64182.17505,1.6475353662032919,0.0793803465197053,14.0,0.13999999999999999,0.21938034651970528,0.09840166546652274,1.3297533542170639,1.3297533542170639,2.3409093112544332,-2.6567830735820968,28.0,112.0,WIN,1015.140001549672,1.5563711986080018,-61.15777523604311,-0.0937646037029521,-90.92885746932507,-0.13940841132410536,-0.024060398040899444,0.042900193775558176,1076.297776785715,0.05682235581558697,15,2.8497776753093085,0.003909448552272821,0.008193870595272879,0.006451493441264722,0.022316264635350525,0.01050533710352286,0.017657698499170094,0.006469017069444805,0.7761170297344581,0.858563535911603,1.0273985654516264,1.135832037421371,0.621082778329724,2.0460737398397923,2.8581758605100585,1.1134002086195778,ON,ON,8,2,UP,False,2026-07,2026-07,-0.5329056984110903,-1.495292427561945,-1.7269156282342157,-2.0406040026546,-1.3650618995018515,0.1878872949392374,1.0111559570373694,3-5d,LOW
92,2026-07-25 12:00:00+00:00,-1448.5277053571458,dark_red,light_red,64038.99121839059,64243.6,64006.2,64107.75,2026-07-25 16:00:00+00:00,2026-07-27 20:00:00+00:00,607.3294787650259,dark_green,light_green,64903.0421228771,65030.8,63567.0,64319.45,2026-07-28 00:00:00+00:00,LONG,64150.1,64182.17505,63720.7,63688.83965,-0.669367623744938,0.0796925405537499,7.0,0.06999999999999999,0.1496925405537499,0.09928099188030692,-0.9183411561789948,-0.9183411561789948,2.3999263795594943,-0.9584827088218133,14.0,56.0,LOSS,-1448.5277053571458,2.2580322764725578,3.315589285713031,0.005168494599708544,28.73009821428468,0.04478581171361602,-0.01722441125709963,-0.09185022825965956,-1451.8432946428588,0.0022837101620727172,22,4.142001459458795,0.001515934485401882,0.0013252145083673117,-0.012171160017492966,-0.03748771540244722,-0.01299097736818322,-0.012202038020443617,-0.008577996279097944,0.179418742586002,0.3722335369993208,0.7919242584506411,0.9633228895304077,0.37007014809041533,1.864030590311171,2.2937976003837224,0.8582061553942036,OFF,OFF,7,0,RANGE,False,2026-07,2026-07,0.2764396031480487,0.24294120583874257,0.5244835497359768,0.8591559098307666,0.5218348392510563,,3.318267535738489,48-72h,LOW
93,2026-07-27 20:00:00+00:00,607.3294787650259,dark_green,light_green,64903.0421228771,65030.8,63567.0,64319.45,2026-07-28 00:00:00+00:00,2026-07-29 08:00:00+00:00,-473.74005158128654,dark_red,light_red,63953.11316820874,64715.9,63953.11316820874,64496.5,2026-07-29 12:00:00+00:00,SHORT,63720.7,63688.83965,64479.9,64512.13995,-1.1914495603469586,0.08051707665237703,4.0,0.04,0.12051707665237704,0.10124207059563028,-1.413208707594966,-1.413208707594966,1.6152588988171388,-1.6126221731219743,9.0,36.0,LOSS,607.3294787650259,0.953110254053662,-41.438938887685026,-0.06503204430528968,-131.5474107142843,-0.2064434387425837,0.03818967506600232,0.19854603172870408,648.7684176527109,0.06387323698279576,14,3.29658716195586,-0.020781244477364624,-0.025304741407661258,-0.009594625890413266,-0.02072857371184078,-0.012129630778007772,-0.020924089165837434,-0.0012462125690102521,0.07135235444212615,0.04581335080873451,0.9294357371818098,1.0228204122926048,2.297209074587894,2.6439365938175494,3.154937948667115,1.1833377719153444,OFF,OFF,21,0,DOWN,True,2026-07,2026-07,0.5946719269519618,0.33293062201361634,0.40515677694561436,-0.3372024850510691,,,3.0284676064121046,24-48h,LOW
94,2026-07-29 08:00:00+00:00,-473.74005158128654,dark_red,light_red,63953.11316820874,64715.9,63953.11316820874,64496.5,2026-07-29 12:00:00+00:00,2026-07-31 08:00:00+00:00,531.3319107142845,dark_green,light_green,64414.75436112505,64414.75436112505,63577.0,63811.924999999996,2026-07-31 12:00:00+00:00,LONG,64479.9,64512.13995,63779.4,63747.5103,-1.0863850595301792,0.07952590030304832,6.0,0.060000000000000005,0.13952590030304832,0.09886418284903797,-1.3247751426822654,-1.3247751426822654,1.3627823393882097,-1.981239424069046,12.0,48.0,LOSS,-473.74005158128654,0.7347085167203575,53.68437361231298,0.08325740324490226,83.75021428571375,0.12988556806097046,0.018314619214416985,-0.09218915074114484,-1027.4615625000058,0.538921874188083,9,1.8241204138435336,0.009019836128168146,0.01654086027608037,-0.00911436522925757,0.007007510389450022,0.0020408345626385938,-0.006205696740894107,-0.0006722888484611556,0.5942724660397076,0.42680581613508406,0.9741314827952365,1.1412501750788735,0.7209987593052132,2.863388176299666,3.1227275626605424,1.1693059020131582,OFF,OFF,30,0,DOWN,False,2026-07,2026-07,-0.8865617392994296,-1.469552786087669,-0.8575749470235872,0.39474748504293444,-1.1358171509546988,,2.687557482070475,48-72h,LOW
95,2026-07-31 08:00:00+00:00,531.3319107142845,dark_green,light_green,64414.75436112505,64414.75436112505,63577.0,63811.924999999996,2026-07-31 12:00:00+00:00,2026-08-02 04:00:00+00:00,-1075.7223749999991,dark_red,light_red,62944.47186492242,63620.0,62944.47186492242,63476.950000000004,2026-08-02 08:00:00+00:00,SHORT,63779.4,63747.5103,63468.0,63499.734,0.4882454209352886,0.07984452644576458,5.0,0.05,0.12984452644576458,0.09956153534673257,0.25883935914279144,0.25883935914279144,2.3823837085602992,-0.09410516539027605,11.0,44.0,WIN,531.3319107142845,0.8330776249294983,-97.334937499999,-0.15261187389658573,-138.46382142857067,-0.21709803075690687,-0.04406285851813221,0.20743379419802463,628.6668482142835,0.15482753349644104,8,1.8982382606520118,-0.014989961389961337,-0.015245465269242864,-0.010865384615384555,-0.01988071876090114,-0.0049551453336121876,-0.00996929013198955,-1.4977073377053784e-05,0.40981985940246085,0.3571930048506521,1.0377959957312282,1.2204100533658382,0.6353148508766108,2.0614828631497533,3.450957671286258,1.0152235892379782,ON,ON,42,6,DOWN,True,2026-08,2026-07,1.650433554265418,1.2554377358953928,1.3923842606916703,1.1018631107229337,,,2.1235443494175077,24-48h,LOW
96,2026-08-02 04:00:00+00:00,-1075.7223749999991,dark_red,light_red,62944.47186492242,63620.0,62944.47186492242,63476.950000000004,2026-08-02 08:00:00+00:00,2026-08-06 08:00:00+00:00,1161.419786062281,dark_green,light_green,64621.14550992315,64971.0,64473.0,64705.85,2026-08-06 12:00:00+00:00,LONG,63468.0,63499.734,64590.1,64557.804950000005,1.767977563496563,0.08066650417779703,12.0,0.12000000000000001,0.20066650417779702,0.10171711900397917,1.4655939403147868,1.4655939403147868,2.3972793334850873,-1.9394317462810156,25.0,100.0,WIN,-1075.7223749999991,1.6949024391781056,10.146419642858518,0.015986644696876884,49.1762232142878,0.07748179512902986,-0.02275425286763818,-0.12697347573193488,-1085.8687946428577,0.009344056752451087,11,2.701413218383946,0.015455480695848678,0.007116833493072017,-0.006900425760963613,-0.01659306775748004,-0.0019598152178716965,-0.008222576330159881,-0.004154996252626497,0.3918735177865599,0.35472421787789354,0.8481119243234081,1.0492310659707105,0.37357349597671674,2.32691796726171,3.038632885347583,0.8449272850341529,OFF,OFF,7,0,DOWN,False,2026-08,2026-08,-0.7754898626819329,-0.6584814985209242,-0.1052508345940395,-1.4310831601278773,0.26262472217599697,1.0098719468651707,0.9316853931703004,3-5d,LOW
97,2026-08-06 08:00:00+00:00,1161.419786062281,dark_green,light_green,64621.14550992315,64971.0,64473.0,64705.85,2026-08-06 12:00:00+00:00,2026-08-12 08:00:00+00:00,-905.9405357142814,dark_red,light_red,63722.24277084292,64222.2,63722.24277084292,63992.425,2026-08-12 12:00:00+00:00,SHORT,64590.1,64557.804950000005,64207.3,64239.40365,0.592660485120778,0.07980271863317125,18.0,0.18000000000000002,0.2598027186331713,0.09945706804888915,0.23340069843871752,0.23340069843871752,2.0852706362036963,-1.4326618612828035,36.0,144.0,WIN,1161.419786062281,1.7981390121121983,-9.966427628794918,-0.015430271247133724,-46.621535714285756,-0.0721806216653725,0.020660039585552865,0.04796459444104054,1171.386213691076,0.008508233674178545,22,3.5165020857547478,-0.0006776629601494832,0.008517501865887178,0.0107965233285654,0.025120898689516835,0.009364068023125505,0.012998162522356749,0.005818704118211837,0.8431621759023891,0.746656126482212,0.8600742462308655,0.961563674190194,0.771015991614814,1.1594089719467877,2.660848287478965,0.9468464968407491,OFF,OFF,4,1,UP,False,2026-08,2026-08,-0.07186590379881785,0.22461257800246992,0.39933970834304944,-0.6789187617817216,-0.5896963973524905,-0.5638281076655538,1.8518699377649788,>5d,LOW
98,2026-08-12 08:00:00+00:00,-905.9405357142814,dark_red,light_red,63722.24277084292,64222.2,63722.24277084292,63992.425,2026-08-12 12:00:00+00:00,2026-08-19 00:00:00+00:00,1058.122857142862,dark_green,light_green,64603.40548709486,64705.7,64252.0,64487.024999999994,2026-08-19 04:00:00+00:00,LONG,64207.3,64239.40365,64296.3,64264.15185000001,0.13861352213844844,0.08001540998116038,20.0,0.2,0.28001540998116037,0.10008856923750553,-0.24149045708021746,-0.24149045708021746,1.2741344151628051,-2.732285093371976,40.0,160.0,LOSS,-905.9405357142814,1.4109618932960604,18.823919642856936,0.02931741350727555,44.624214285714174,0.0695002192674574,-0.005432696126453247,-0.08645491808945201,-924.7644553571383,0.020355366746429775,13,1.823118521368221,0.009993393317812904,-0.0023462397235477495,-0.013676387455144212,-0.011259884352117777,-0.002508282162673292,-0.004084001206255183,-0.00450671634589217,0.43842191008762493,0.43842191008762493,0.6692790294810317,0.7835127929996355,0.7581692424381583,2.082881555131145,2.2398820911448025,1.050328390795282,OFF,OFF,8,0,DOWN,False,2026-08,2026-08,-1.2733674404214357,-1.3146193800321782,-1.2215300974388832,-1.2156147249663962,-2.1824667888242444,-1.940092185149045,1.5156248722430226,>5d,LOW
99,2026-08-19 00:00:00+00:00,1058.122857142862,dark_green,light_green,64603.40548709486,64705.7,64252.0,64487.024999999994,2026-08-19 04:00:00+00:00,2026-08-27 08:00:00+00:00,-115.48384317049295,dark_red,light_red,78772.09512838538,80499.9,78772.09512838538,79502.32500000001,2026-08-27 12:00:00+00:00,SHORT,64296.3,64264.15185000001,79440.1,79479.82005,-23.55314380454241,0.08947070350232904,25.0,0.25,0.33947070350232905,0.1236149512801532,-24.016229459324894,-24.016229459324894,0.20672777306716505,-26.463195514810156,50.0,200.0,LOSS,1058.122857142862,1.6456978973018073,-5.672660714287304,-0.008822686086582437,-47.33629464285934,-0.07362211300317334,0.02798837041500433,0.08539067114567599,1063.7955178571492,0.005332472847520544,26,2.4446724178535733,-0.008138973434180907,0.002321216448367469,0.013980488820340087,0.020085577888729667,0.007957680272161038,0.0111825930956444,0.005933457688543031,0.6795691686300919,0.7040836150289477,0.646344250011274,0.7415046353074511,0.7056393602742258,1.5808437212076143,1.8305955498161668,1.159053519982145,OFF,OFF,8,0,UP,False,2026-08,2026-08,-0.0030314723588720227,-0.33432036962297573,-6.628186986645779,-7.654886913441761,-15.901163955064291,-21.9886946971354,24.22295723239206,>5d,LOW
100,2026-08-27 08:00:00+00:00,-115.48384317049295,dark_red,light_red,78772.09512838538,80499.9,78772.09512838538,79502.32500000001,2026-08-27 12:00:00+00:00,2026-08-28 04:00:00+00:00,194.62475078442378,dark_green,light_green,80122.34906651205,80122.34906651205,79522.3,79730.54999999999,2026-08-28 08:00:00+00:00,LONG,79440.1,79479.82005,79645.7,79605.87715,0.25881135597763755,0.08006344105959007,2.0,0.02,0.10006344105959007,0.10020870700245851,0.05853920791558896,0.05853920791558896,2.541752043133879,-0.7748130904330033,5.0,20.0,WIN,-115.48384317049295,0.1453722278427305,14.321192631321992,0.018027661887789658,73.24624826039098,0.09220311688982136,-0.028073896557121027,-0.10719133338737577,-129.80503580181494,0.11032848258050211,6,0.9046924548376613,0.005705828883369346,0.01271630466098772,0.004337711923334764,0.02773882219002277,0.007085466129504336,0.04380885476758323,0.005321701277394286,0.6039381153305217,0.8932038834951459,1.37453081115284,1.504146617882483,1.8692071132840895,1.919251109518932,3.6744742216292794,0.8924793422510497,ON,ON,13,6,UP,True,2026-08,2026-08,0.9987188565608873,0.5008566322238339,0.9173145454296927,,,,2.48321283521829,<24h,HIGH
