trade_id,entry_signal_time,entry_signal_sqzmom,entry_signal_previous_color,entry_signal_current_color,entry_signal_ha_open,entry_signal_ha_high,entry_signal_ha_low,entry_signal_ha_close,entry_time,exit_signal_time,exit_signal_sqzmom,exit_signal_previous_color,exit_signal_current_color,exit_signal_ha_open,exit_signal_ha_high,exit_signal_ha_low,exit_signal_ha_close,exit_time,signal,entry_reference_price,entry_price,exit_reference_price,exit_price,pnl_bruto,commission_pct,funding_cycles,funding_cost_pct,total_fees,slippage_cost,pnl_neto,pnl_pct,max_favorable_pct,max_adverse_pct,duration_candles,duration_hours,result,sqzmom,sqzmom_abs_pct_price,sqzmom_delta,sqzmom_delta_pct_price,sqzmom_acceleration,sqzmom_accel_pct_price,sqzmom_slope3_pct_price,sqzmom_slope6_pct_price,sqzmom_recent_extreme,reversal_retracement,prior_impulse_bars,prior_impulse_amplitude_pct_price,return_3,return_6,return_12,return_24,distance_sma20,distance_sma50,sma20_slope5,range_position20,range_position50,atr_pct,ha_atr_pct,range_pct,realized_vol12,realized_vol24,atr_expansion,squeeze_state,previous_squeeze_state,bars_since_release,squeeze_on_last6,trend_regime,with_trend,exit_month,entry_month,outcome_return_1bar,outcome_return_2bar,outcome_return_3bar,outcome_return_6bar,outcome_return_12bar,outcome_return_18bar,outcome_mfe_to_net_giveback,duration_bucket,volatility_regime,atr_change_1,atr_direction_1,atr_rank_band_1,atr_change_2,atr_direction_2,atr_rank_band_2,atr_change_3,atr_direction_3,atr_rank_band_3
1,2025-09-04 00:00:00+00:00,2510.572105817522,dark_green,light_green,111828.0708152546,112136.8,111081.1,111496.175,2025-09-04 04:00:00+00:00,2025-09-07 04:00:00+00:00,-830.0225267857161,dark_red,light_red,110318.41121081507,110880.8,110318.41121081507,110646.45,2025-09-07 08:00:00+00:00,SHORT,111107.1,111051.54645,110710.8,110766.1554,0.3566828762518353,0.0798972041149815,9.0,0.09,0.1698972041149815,0.0996931637055985,0.0870925084312552,0.0870925084312552,1.605062249900801,-2.064584981742948,19.0,76.0,WIN,2510.572105817522,2.259596466668216,-28.382839266096653,-0.0255454775312258,-93.0405178571432,-0.0837394890669841,0.0163242670022662,0.1154462474231078,2538.9549450836184,0.0111789456213299,6,0.939883262034561,-0.0094634327253795,0.0010397173842728,0.0074451879658343,0.0176935463483534,0.0080301573188656,,0.006689817433237,0.7309229412537306,,1.0258881026094666,1.1129919026324189,0.950164300931261,1.6046345223140115,2.8280956352016684,0.967519988126707,OFF,OFF,5,0,RANGE,False,2025-09,2025-09,0.5711279763992883,0.2590206613012125,1.4439658890495477,-0.193922153166004,0.0158002752423724,0.4247995323616749,1.5179697414695457,3-5d,LOW,-0.005645860585753115,CONTRACTING,MIDDLE_THIRD,-0.03730753510049989,CONTRACTING,LOWER_THIRD,-0.05383138957829381,CONTRACTING,LOWER_THIRD
2,2025-09-07 04:00:00+00:00,-830.0225267857161,dark_red,light_red,110318.41121081507,110880.8,110318.41121081507,110646.45,2025-09-07 08:00:00+00:00,2025-09-09 16:00:00+00:00,907.4819374999996,dark_green,light_green,112062.81640354038,112062.81640354038,110738.6,111038.25,2025-09-09 20:00:00+00:00,LONG,110710.8,110766.1554,111242.4,111186.7788,0.4801699563186168,0.0801518960005359,7.0,0.0699999999999999,0.1501518960005359,0.1004299549788242,0.2295881053392566,0.2295881053392566,2.2315883322605568,-0.1802494627343573,15.0,60.0,WIN,-830.0225267857161,0.7497213702599169,63.30206249999969,0.057177856631873,65.70560714285693,0.0593488685321187,0.0275034223658135,-0.0889370818808449,-893.3245892857158,0.0708612113214243,10,1.445445516284641,0.0065835232805422,-0.0006237593642889,-0.0193914797241101,-0.0029781658208867,-0.0006962851732777,0.0055989046199556,-0.0029988433797609,0.3537740478994891,0.5705876597965043,0.8699915099032054,0.9907015152349208,0.4212777795842941,2.09353735524094,3.3042850790310574,0.8195656041265319,ON,ON,24,6,RANGE,False,2025-09,2025-09,0.436364879014306,0.4604697149215964,0.4070237866177661,0.4245381617713706,1.9716713937694363,,2.0020002269213,48-72h,LOW,-0.03816046146102503,CONTRACTING,LOWER_THIRD,-0.06835321488541124,CONTRACTING,LOWER_THIRD,-0.1200221187790601,CONTRACTING,LOWER_THIRD
3,2025-09-09 16:00:00+00:00,907.4819374999996,dark_green,light_green,112062.81640354038,112062.81640354038,110738.6,111038.25,2025-09-09 20:00:00+00:00,2025-09-16 04:00:00+00:00,-760.4043132741758,dark_red,light_red,115211.66314684888,115968.0,114867.0,115471.3,2025-09-16 08:00:00+00:00,SHORT,111242.4,111186.7788,115799.4,115857.2997,-4.096459623309098,0.0816802432628797,19.0,0.19,0.2716802432628797,0.1041485338902434,-4.472288400462221,-4.472288400462221,0.2976781984082419,-5.012395592487471,39.0,156.0,LOSS,907.4819374999996,0.8157705634457393,-143.3400178571411,-0.1288538782973213,-145.24400892857,-0.130565449409595,-0.0635711535925235,0.0857705432196208,1050.8219553571407,0.1364075209186359,9,1.4803353965687007,-0.0151199511996891,-0.0072172492882705,0.0002274832085022,-0.0027592982883923,-0.0007578597293891,0.0021921463886684,0.0019646132017847,0.4109504132231413,0.6463839308244875,0.8646670979019428,0.9974543954355488,0.5424195652193402,2.2844894954063326,2.5735969413874686,1.0396343616750878,OFF,OFF,5,0,UP,False,2025-09,2025-09,-0.2816172960305119,-0.2807179085216882,-1.1811846823644112,-2.103146817668211,-2.863399078883999,-4.833597355731656,4.769966598870464,>5d,LOW,-0.027869045025452066,CONTRACTING,LOWER_THIRD,0.07175442341158877,EXPANDING,UPPER_THIRD,0.061457768325051454,EXPANDING,UPPER_THIRD
4,2025-09-16 04:00:00+00:00,-760.4043132741758,dark_red,light_red,115211.66314684888,115968.0,114867.0,115471.3,2025-09-16 08:00:00+00:00,2025-09-17 16:00:00+00:00,540.5760787339841,dark_green,light_green,116293.83899052118,116316.0,114623.3,115588.0,2025-09-17 20:00:00+00:00,LONG,115799.4,115857.2997,115587.5,115529.70625,-0.1829888583187773,0.0798868976056413,4.0,0.04,0.1198868976056413,0.099767127577885,-0.4026428835023036,-0.4026428835023036,1.2162378232953115,-1.0852140549241445,9.0,36.0,LOSS,-760.4043132741758,0.6566565226367114,67.71768589338558,0.0584784428014183,110.93058928571465,0.0957954784616454,0.0105807035705955,-0.0965310999148324,-828.1219991675614,0.0817725962617298,19,2.8220171440376287,0.004795798925262,0.0002582718246169,0.000461355036027,0.0065224382654347,0.0023660896236783,0.0142863586974848,-0.0004890010453564,0.6033286528454603,0.8449155552685115,0.6786076836316698,0.7419759322472079,0.9507821284048104,1.2810568710954493,1.94754908733948,1.0160582864358714,ON,ON,31,6,RANGE,False,2025-09,2025-09,-0.5481740914422439,0.0177807527478535,0.777422141144557,1.0903070443303298,,,1.6188807067976154,24-48h,LOW,0.03183429065711718,EXPANDING,UPPER_THIRD,0.015345624341304376,EXPANDING,MIDDLE_THIRD,-0.020231781204817945,CONTRACTING,MIDDLE_THIRD
5,2025-09-17 16:00:00+00:00,540.5760787339841,dark_green,light_green,116293.83899052118,116316.0,114623.3,115588.0,2025-09-17 20:00:00+00:00,2025-09-21 12:00:00+00:00,-1227.1861517857128,dark_red,light_red,115624.47037296164,115703.9,115413.0,115536.825,2025-09-21 16:00:00+00:00,SHORT,115587.5,115529.70625,115471.0,115528.7355,0.1007894452254785,0.0799996638959687,11.0,0.11,0.1899996638959687,0.0999491851473415,-0.1891594038178317,-0.1891594038178317,0.4153098502317093,-2.0302083560434863,23.0,92.0,LOSS,540.5760787339841,0.4676765316815852,-13.581889610325902,-0.0117502998680878,-51.68846428570987,-0.0447180011400097,0.010608700701917,0.1209457566538212,839.8322303903219,0.3563284913669662,9,1.1958721934808505,-0.0130882296438282,-0.010024152520598,0.0029580022681778,-0.001415101674796,-0.001049399560665,0.0057793793003748,0.0010023516962422,0.4266197616038827,0.7437533389300178,0.8038418698926504,0.8842839348486163,1.4644304406354982,1.7298311188555606,2.0648873381763893,1.1706348760441958,ON,ON,40,6,UP,False,2025-09,2025-09,-0.7554712794918039,-1.7324494408986535,-1.3017377078287096,-1.6214823103127165,0.3871785573764552,-0.0925249041737297,0.6044692540495411,3-5d,LOW,0.0674802906781633,EXPANDING,UPPER_THIRD,0.09482297095612613,EXPANDING,UPPER_THIRD,0.10594303250713799,EXPANDING,UPPER_THIRD
6,2025-09-21 12:00:00+00:00,-1227.1861517857128,dark_red,light_red,115624.47037296164,115703.9,115413.0,115536.825,2025-09-21 16:00:00+00:00,2025-09-30 12:00:00+00:00,3237.271016896474,dark_green,light_green,113613.95434688876,113623.8,112800.1,113120.75,2025-09-30 16:00:00+00:00,LONG,115471.0,115528.7355,113055.4,112998.8723,-2.091953823903842,0.0791240748237913,27.0,0.27,0.3491240748237914,0.097859116617776,-2.5389370153454096,-2.5389370153454096,0.0789972292218196,-6.026842992668257,54.0,216.0,LOSS,-1227.1861517857128,1.0627647539390486,0.2187857142910161,0.0001894722699368,49.57874107143539,0.0429360602535486,-0.0212785578568376,-0.0965689838038627,-1227.4049375000038,0.0001782506388939,16,2.1991174167636616,-0.0012342817206941,-0.0039455353946613,-0.0030718252841092,-0.0030563323493785,-0.0055443367809534,-0.0041844551905987,-0.0018644948095868,0.1490815134676003,0.3202420335340873,0.5363592186879257,0.5927750730516206,0.2519245075174603,1.0128691124826827,1.8592926087919963,0.7399966148728763,OFF,OFF,5,0,RANGE,False,2025-09,2025-09,-0.0759425779398359,-0.2984846138128105,-0.8013897979520457,-2.3890467493258405,-2.3371981769851446,-1.929247723827121,2.617934244567229,>5d,LOW,-0.03919396627808558,CONTRACTING,LOWER_THIRD,-0.055381760796468726,CONTRACTING,LOWER_THIRD,-0.08883642021736371,CONTRACTING,LOWER_THIRD
7,2025-09-30 12:00:00+00:00,3237.271016896474,dark_green,light_green,113613.95434688876,113623.8,112800.1,113120.75,2025-09-30 16:00:00+00:00,2025-10-08 12:00:00+00:00,-1547.802055768463,dark_red,light_red,121929.78055024696,123312.9,121607.8,122471.65,2025-10-08 16:00:00+00:00,SHORT,113055.4,112998.8723,122140.1,122201.17005,-8.035617935985377,0.0832574830395011,24.0,0.24,0.3232574830395011,0.1080896627673571,-8.466965081792235,-8.466965081792235,0.2259069447368253,-11.69005268028679,48.0,192.0,LOSS,3237.271016896474,2.8634377631643195,-48.17117019382613,-0.0426084646941465,-86.93883928571267,-0.0768993248316424,-0.0041588022783249,0.1862397039912927,3285.4421870903,0.0146620051276836,17,5.012588256964749,-0.0110749071696925,-0.0061238483718968,0.0278698063460314,0.037433930406695,0.0139172667782176,0.0145298138706242,0.0098541853536533,0.6980668385801554,0.7201475777991649,0.7523631240580284,0.9874346532510618,0.7285808550498225,2.4400364485020383,2.5497286285673737,1.0472330365760385,OFF,OFF,9,0,UP,False,2025-10,2025-09,-1.1595051112735844,-0.8760509550677975,-1.0062292453514976,-3.8651073334649455,-6.085217984958602,-8.176743282419462,8.692872026529061,>5d,LOW,-0.002425647612633419,CONTRACTING,MIDDLE_THIRD,0.01890421065474923,EXPANDING,MIDDLE_THIRD,0.01469621127870191,EXPANDING,MIDDLE_THIRD
8,2025-10-08 12:00:00+00:00,-1547.802055768463,dark_red,light_red,121929.78055024696,123312.9,121607.8,122471.65,2025-10-08 16:00:00+00:00,2025-10-14 04:00:00+00:00,3196.543533042104,dark_green,light_green,114679.75614006404,114679.75614006404,111302.0,112521.5,2025-10-14 08:00:00+00:00,LONG,122140.1,122201.17005,111665.2,111609.3674,-8.576135110418289,0.076532994685512,17.0,0.17,0.246532994685512,0.0913781758016725,-8.914046280905474,-8.914046280905474,1.6116293724472444,-16.926736496497234,34.0,136.0,LOSS,-1547.802055768463,1.267234966868754,10.670094640321622,0.0087359471953286,168.640438139887,0.1380713116657731,-0.060299708637558,-0.2597825746047211,-1558.4721504087847,0.0068465096649451,9,2.084168284605319,0.0066511116916982,0.0028886190216959,-0.0224584661238196,0.003246955927481,-0.0082736090813285,0.0108997984094967,-0.0021467860777685,0.2853052261747924,0.7007032928228824,1.121079874876632,1.2863067408964055,1.3960198165876654,2.704494464916364,3.5540457192792627,1.0829078165116477,ON,ON,9,6,RANGE,False,2025-10,2025-10,0.9661363712941018,0.8480523955507024,-0.1741145767368279,-0.917969974870958,-2.647986143402725,-8.557013034917338,10.525675653352716,>5d,LOW,0.019227781599278737,EXPANDING,UPPER_THIRD,0.03934488658494195,EXPANDING,UPPER_THIRD,0.013153510952094605,EXPANDING,MIDDLE_THIRD
9,2025-10-14 04:00:00+00:00,3196.543533042104,dark_green,light_green,114679.75614006404,114679.75614006404,111302.0,112521.5,2025-10-14 08:00:00+00:00,2025-10-17 04:00:00+00:00,-3485.1204548855894,dark_red,light_red,108645.60920450646,109182.9,105457.4,107335.125,2025-10-17 08:00:00+00:00,SHORT,111665.2,111609.3674,105578.3,105631.08915,5.451026819456728,0.0778574277807438,9.0,0.09,0.1678574277807438,0.0945962713161936,5.188573120359791,5.188573120359791,5.51205292469027,-1.7621572864501365,18.0,72.0,WIN,3196.543533042104,2.8626138967575434,-142.1937631570736,-0.127339370866728,-791.9215256854031,-0.7091927706083929,0.2272570144374688,0.6478385725395915,3338.7372961991778,0.0425890839985964,12,7.583443658670776,-0.0350947837402982,-0.0318748553211891,0.0018050671068685,-0.0762775869185953,-0.0113393196195737,-0.0566056067324167,-0.0089758697328831,0.3375760411792227,0.4110116636967437,1.733648892189429,2.0829025225363376,2.127699587696072,3.418819730651042,6.058078343924458,0.8688346134467172,OFF,ON,0,2,DOWN,True,2025-10,2025-10,0.32969221900635,-1.087393135784409,-0.8373245201280355,-0.8197632701572033,0.9776665036451138,5.4037286837986365,0.3234798043304794,3-5d,HIGH,0.017795413719879916,EXPANDING,UPPER_THIRD,0.02808879377684459,EXPANDING,UPPER_THIRD,-0.012094763809603948,CONTRACTING,MIDDLE_THIRD
10,2025-10-17 04:00:00+00:00,-3485.1204548855894,dark_red,light_red,108645.60920450646,109182.9,105457.4,107335.125,2025-10-17 08:00:00+00:00,2025-10-21 00:00:00+00:00,3342.538557493926,dark_green,light_green,110706.54317826442,110706.54317826442,109005.0,109741.55,2025-10-21 04:00:00+00:00,LONG,105578.3,105631.08915,109005.1,108950.59745000002,3.2457427331184565,0.0812570194349832,11.0,0.11,0.1912570194349833,0.1031941456602765,2.951291568023197,2.951291568023197,5.69804865067038,-2.0458836194817365,23.0,92.0,WIN,-3485.1204548855894,3.300981787815857,29.53328038546624,0.0279728697899722,84.82352568539591,0.0803418180491596,-0.0121980392346081,-0.1978888248738765,-3514.653735271056,0.0084028990079697,18,6.491287538698988,-0.0237907450026028,-0.0446976154153795,-0.0617288887822452,-0.0846476166035353,-0.047263029934633,-0.0725434660232449,-0.0155969234147592,0.0122086682554437,0.1827696682805666,1.8384278185780552,2.104291114638178,3.528660719106104,4.4237335947639576,5.508544497922985,1.0282759499863603,OFF,OFF,7,0,DOWN,False,2025-10,2025-10,-0.0194915627261593,1.0593574855703336,0.7434467033515357,0.9629843431373964,1.0434530769959371,5.202171911904396,2.746757082647183,3-5d,HIGH,0.0761046369406373,EXPANDING,UPPER_THIRD,0.054099047323252325,EXPANDING,UPPER_THIRD,0.02245029611359106,EXPANDING,UPPER_THIRD
11,2025-10-21 00:00:00+00:00,3342.538557493926,dark_green,light_green,110706.54317826442,110706.54317826442,109005.0,109741.55,2025-10-21 04:00:00+00:00,2025-10-23 12:00:00+00:00,-2198.4591874999987,dark_red,light_red,108899.7594632928,110088.0,108639.4,109448.725,2025-10-23 16:00:00+00:00,SHORT,109005.1,108950.59745000002,109849.0,109903.9245,-0.774183960200022,0.0803500034225833,7.0,0.0699999999999999,0.1503500034225833,0.1008245962583141,-1.0253585598809196,-1.0253585598809196,2.3774972424439995,-4.579509123196629,15.0,60.0,LOSS,3342.538557493926,3.066408474376337,-100.48615517620964,-0.092184904523838,-185.48919314217252,-0.1701657659209876,-0.0071020215633442,0.2482818563564937,3443.024712670136,0.0291854295458369,19,6.689450889961561,-0.0186722794837193,-0.0099491010023577,0.0166299981626887,-0.0010703635753809,0.0049909803891921,-0.0105932824144454,0.0087335371378771,0.5271888741911263,0.444864169747629,1.295599421902481,1.5131080089713065,1.358928489518832,2.6067839831502173,4.461904739871733,0.9164399433221092,OFF,OFF,4,1,RANGE,False,2025-10,2025-10,0.8541462569097824,0.3957733689325615,-4.042752084972601,0.7127060045323375,0.5767728353104351,,3.402855802324919,48-72h,HIGH,0.0037742010004775395,EXPANDING,MIDDLE_THIRD,-0.02535559350598371,CONTRACTING,MIDDLE_THIRD,-0.025045497166627184,CONTRACTING,MIDDLE_THIRD
12,2025-10-23 12:00:00+00:00,-2198.4591874999987,dark_red,light_red,108899.7594632928,110088.0,108639.4,109448.725,2025-10-23 16:00:00+00:00,2025-10-26 00:00:00+00:00,2460.9454017857224,dark_green,light_green,111465.8486155537,111866.7,111200.0,111466.55,2025-10-26 04:00:00+00:00,LONG,109849.0,109903.9245,111210.1,111154.49495,1.2390645340421904,0.0804551504254973,7.0,0.0699999999999999,0.1504551504254973,0.1011884702988854,0.9874209133178076,0.9874209133178076,1.9854391095924937,-0.5858976400792619,15.0,60.0,WIN,-2198.4591874999987,2.0013465643747312,169.45871428571309,0.1542651405890933,181.03746428571048,0.1648057463296985,0.0718622674242437,-0.1795796246162515,-2367.917901785712,0.0715644381749551,10,4.501805529801768,0.0140949869925093,0.0136486238337398,-0.0309310909424533,0.0130914557385213,0.0048221841877327,0.0097635324620466,-0.0013437602797433,0.4602688760768894,0.6092645654250238,1.5069906648165288,1.856833004282008,1.318719332902444,3.910018143462796,6.505230286217994,0.9998111973968976,ON,ON,19,6,RANGE,False,2025-10,2025-10,0.2127999532901103,0.1109837529050139,0.45128097313758,0.0963345944939408,1.3074833374125738,,0.998018196274686,48-72h,HIGH,-0.009518676594117204,CONTRACTING,MIDDLE_THIRD,-0.04574900580693764,CONTRACTING,LOWER_THIRD,-0.035016600124397224,CONTRACTING,MIDDLE_THIRD
13,2025-10-26 00:00:00+00:00,2460.9454017857224,dark_green,light_green,111465.8486155537,111866.7,111200.0,111466.55,2025-10-26 04:00:00+00:00,2025-10-31 00:00:00+00:00,-4134.466793604033,dark_red,light_red,107836.60741093456,110014.4,107836.60741093456,108922.7,2025-10-31 04:00:00+00:00,SHORT,111210.1,111154.49495,109186.3,109240.89315,1.8197987413013768,0.0793113722298461,15.0,0.15,0.2293113722298461,0.098229315916656,1.492258053154875,1.492258053154875,4.457305079950801,-4.701298901453008,30.0,120.0,WIN,2460.9454017857224,2.212879407343148,-9.78655357143134,-0.0088000582424,-84.69587500000489,-0.0761584379476368,0.0292791607314188,0.1189617256720682,2470.7319553571538,0.0039609936440946,15,4.350908646915042,-0.0011747704572173,0.0022331909125892,0.007338774763383,0.0280658678925915,0.0073713957416607,0.0170612069828812,0.007795705341947,0.8406875227355413,0.6537505390527897,0.9954694436049136,1.158857506541236,0.599495909094585,1.4161331300167872,2.24661467388756,0.7466598657824902,OFF,OFF,5,0,UP,False,2025-10,2025-10,-0.4662924789799572,-1.8719036517020229,-2.243368611518304,-3.394559123944796,-2.4375128070337926,-1.174136098218126,2.9650470267959266,>5d,LOW,-0.029689680523873885,CONTRACTING,LOWER_THIRD,-0.07886573124883967,CONTRACTING,LOWER_THIRD,-0.11349124196924487,CONTRACTING,LOWER_THIRD
14,2025-10-31 00:00:00+00:00,-4134.466793604033,dark_red,light_red,107836.60741093456,110014.4,107836.60741093456,108922.7,2025-10-31 04:00:00+00:00,2025-11-03 00:00:00+00:00,1719.2064226971538,dark_green,light_green,110243.12485640492,110711.0,107850.0,109235.475,2025-11-03 04:00:00+00:00,LONG,109186.3,109240.89315,107886.0,107832.057,-1.1909003235753963,0.0794841359826432,9.0,0.09,0.1694841359826432,0.0987597198165162,-1.459144179374556,-1.459144179374556,1.8235907749899207,-1.273234875597503,18.0,72.0,LOSS,-4134.466793604033,3.786620281321297,77.39400373777607,0.0708825874861256,413.7167053571434,0.3789093359391053,-0.1185720804834273,-0.2684016614129385,-4211.860797341809,0.0183752520469387,19,6.353236514377551,0.0140762659444637,-0.0136257898992271,-0.0291073416586935,-0.049957495016432,-0.0215321499126929,-0.0219563613790546,-0.0151277587869056,0.3024214374689847,0.2933341191725111,1.5662559947203023,1.8838432132158247,1.6373864096378372,3.935339723350082,4.1131164879681,1.2696928790949409,OFF,OFF,7,0,DOWN,False,2025-11,2025-10,0.1457392423379389,1.0388113986232073,0.8414494091858238,0.8730309891282761,0.7026735390619487,-1.2402801834836552,3.282734954364477,3-5d,HIGH,0.003505654139634773,EXPANDING,MIDDLE_THIRD,0.019092298428725396,EXPANDING,MIDDLE_THIRD,0.03358570088387558,EXPANDING,UPPER_THIRD
15,2025-11-03 00:00:00+00:00,1719.2064226971538,dark_green,light_green,110243.12485640492,110711.0,107850.0,109235.475,2025-11-03 04:00:00+00:00,2025-11-05 12:00:00+00:00,-5230.710160714283,dark_red,light_red,101782.72721252004,103750.0,101782.72721252004,102826.35,2025-11-05 16:00:00+00:00,SHORT,107886.0,107832.057,103668.2,103720.0341,3.9094970617132927,0.0784746566042044,7.0,0.0699999999999999,0.1484746566042044,0.0961385722243917,3.664883832884696,3.664883832884696,8.293690437529163,-0.4154080080286322,15.0,60.0,WIN,1719.2064226971538,1.593539868655019,-326.8280844184933,-0.3029383649579123,-349.6903392857116,-0.3241294878721165,-0.1408736210218544,0.129620006132585,2046.034507115647,0.1597373276363907,18,5.800470222695676,-0.0198071885894022,-0.0192939636482635,-0.0209502099013926,-0.0253716309301726,-0.0184067611526509,-0.0328414366637274,0.0017672578109635,0.3273713826366559,0.1656156067660753,1.1587105439767482,1.2876789196249625,2.6518732736406947,2.764688089020143,4.448806043903056,0.8914088231037797,ON,ON,25,6,RANGE,False,2025-11,2025-11,0.3816647956553454,0.0877818736222391,1.959766936468621,0.6814828729456601,5.320548600867358,,4.628806604644467,48-72h,LOW,0.11003349665070172,EXPANDING,UPPER_THIRD,0.1257920495190803,EXPANDING,UPPER_THIRD,0.08916729890754893,EXPANDING,UPPER_THIRD
16,2025-11-05 12:00:00+00:00,-5230.710160714283,dark_red,light_red,101782.72721252004,103750.0,101782.72721252004,102826.35,2025-11-05 16:00:00+00:00,2025-11-08 08:00:00+00:00,394.043489661196,dark_green,light_green,102524.73202955029,102654.1,101647.7,102102.55000000002,2025-11-08 12:00:00+00:00,LONG,103668.2,103720.0341,101805.6,101754.6972,-1.79669368234424,0.079242060835381,8.0,0.08,0.1592420608353811,0.0981542292030435,-2.054089972382665,-2.054089972382665,0.7496776362899557,-4.3579180620419695,17.0,68.0,LOSS,-5230.710160714283,5.045621622727761,206.6896071428564,0.1993759009676597,334.5156396348093,0.3226788127468178,0.0380364945942498,-0.2642450736037132,-5437.39976785714,0.0380125824782443,15,7.218633154949765,0.0154121463580907,0.0049497032213785,-0.0193957933688236,-0.059725250604971,-0.0197256151211528,-0.04643432334948,-0.0186623226676619,0.3877198390550977,0.2781123621657793,1.7091940030195842,2.038788339200615,1.8155984037550503,4.687632791237534,5.598087811983935,1.2113708700557315,OFF,OFF,12,0,DOWN,False,2025-11,2025-11,0.2217179178501727,0.1127707882232709,-0.1173679714399411,-1.6760832322171293,-2.855797460637344,,2.8037676086726204,48-72h,HIGH,0.004811822669007926,EXPANDING,MIDDLE_THIRD,-0.025765719683284893,CONTRACTING,MIDDLE_THIRD,-0.06246998363607004,CONTRACTING,LOWER_THIRD
17,2025-11-08 08:00:00+00:00,394.043489661196,dark_green,light_green,102524.73202955029,102654.1,101647.7,102102.55000000002,2025-11-08 12:00:00+00:00,2025-11-13 08:00:00+00:00,-2825.388482142865,dark_red,light_red,102348.05120262092,103765.4,102348.05120262092,103151.35,2025-11-13 12:00:00+00:00,SHORT,101805.6,101754.6972,102900.1,102951.55005,-1.075088207328477,0.0804704855433445,15.0,0.15,0.2304704855433445,0.1011256510328404,-1.406684343904662,-1.406684343904662,1.0256992833938772,-5.620382112443638,30.0,120.0,LOSS,394.043489661196,0.3870548276923823,-49.23440894002897,-0.0483611991285636,-81.29858035714142,-0.079856687998638,-0.0084328551292445,0.2477307176942665,443.2778986012249,0.1110689459036632,17,5.776379360721183,-0.0145162102198146,0.0143121737666274,-0.0133452733309685,-0.026069853162755,-0.0059222973766334,-0.0371554331521871,0.000766609893235,0.4918453639383877,0.236289107435071,1.523765430392541,1.7890679721553209,0.988550728054261,3.622594198589396,5.055267858766491,0.928980698381595,ON,ON,29,6,RANGE,False,2025-11,2025-11,0.075374603935252,-0.1765056601239489,-0.5057287910636088,-0.4358548668552231,-4.3063395799678,-3.4411215367461168,2.432383627298539,>5d,HIGH,-0.026308019744884503,CONTRACTING,LOWER_THIRD,-0.056068303516652485,CONTRACTING,LOWER_THIRD,-0.08839540542228141,CONTRACTING,LOWER_THIRD
18,2025-11-13 08:00:00+00:00,-2825.388482142865,dark_red,light_red,102348.05120262092,103765.4,102348.05120262092,103151.35,2025-11-13 12:00:00+00:00,2025-11-25 04:00:00+00:00,3162.115548873859,dark_green,light_green,87828.94298834879,88477.6,87240.0,87713.7,2025-11-25 08:00:00+00:00,LONG,102900.1,102951.55005,87362.2,87318.5189,-15.099985325573062,0.0739260628354181,35.0,0.35,0.4239260628354182,0.0848575858814904,-15.608768974289973,-15.608768974289973,0.4899877172854618,-21.71074650080026,71.0,284.0,LOSS,-2825.388482142865,2.7457614014993834,13.802830357141374,0.0134138293072316,158.72900000000254,0.1542555879494679,-0.0637139646675023,-0.3971610544217711,-2839.191312500007,0.0048615358522591,12,5.566394748715816,0.0127374618378084,-0.019812364081124,-0.0223853796735964,0.0068670485390154,-0.0105401513238928,-0.0026957260520493,-0.0048177700984282,0.3236872846644093,0.4472001643762768,1.468397165983342,1.7488531739771378,1.2208940719144687,4.281468084607858,5.281253264416715,1.0777628529748264,OFF,OFF,3,2,RANGE,False,2025-11,2025-11,-1.5672906811178278,-4.1849297537604135,-3.202720161472694,-6.621512786052508,-7.085128923709682,-7.152442140427984,16.09875669157543,>5d,HIGH,-0.01279967760963785,CONTRACTING,MIDDLE_THIRD,0.033524212569473466,EXPANDING,UPPER_THIRD,0.048403328899225384,EXPANDING,UPPER_THIRD
19,2025-11-25 04:00:00+00:00,3162.115548873859,dark_green,light_green,87828.94298834879,88477.6,87240.0,87713.7,2025-11-25 08:00:00+00:00,2025-12-02 00:00:00+00:00,-3482.8580867683404,dark_red,light_red,85632.85134320396,87384.0,85632.85134320396,86675.4,2025-12-02 04:00:00+00:00,SHORT,87362.2,87318.5189,86935.9,86979.36794999999,0.4879684806472398,0.0798446373327113,20.0,0.2,0.2798446373327113,0.0995618124255572,0.1085620308889712,0.1085620308889712,4.045555220703584,-6.598235028010771,41.0,164.0,WIN,3162.115548873859,3.619546610403423,-12.385450850984853,-0.01417712792373,-46.00523214285431,-0.0526603406769224,0.0121530424147314,0.1897816681305476,3174.500999724844,0.0039015425895466,19,9.016365818958366,-0.0103628351665779,0.0041101275104993,0.0190150702188214,0.0399432426223147,0.013011054888893,-0.0140184402349621,0.0116014945733535,0.6827469281457003,0.4387563099362841,1.7841937249756623,2.107643101619736,1.416630991435662,2.815177732582776,4.5955432012571045,0.851275215772051,OFF,OFF,4,1,RANGE,False,2025-12,2025-11,0.007580178962474,0.4260481106259317,0.5537415271023249,-0.6615791326712417,-4.630153088865563,-4.067500393665058,3.936993189814612,>5d,HIGH,-0.015599756705349965,CONTRACTING,MIDDLE_THIRD,-0.04865017303249186,CONTRACTING,LOWER_THIRD,-0.07751306075809139,CONTRACTING,LOWER_THIRD
20,2025-12-02 00:00:00+00:00,-3482.8580867683404,dark_red,light_red,85632.85134320396,87384.0,85632.85134320396,86675.4,2025-12-02 04:00:00+00:00,2025-12-04 12:00:00+00:00,5803.1315267857135,dark_green,light_green,93181.6717880659,93256.3,91762.0,92711.675,2025-12-04 16:00:00+00:00,LONG,86935.9,86979.36794999999,92933.4,92886.9333,6.898761041180916,0.0827167662811235,7.0,0.0699999999999999,0.1527167662811235,0.106845338371972,6.63919893652782,6.63919893652782,8.284300311474055,-0.7569242747066723,15.0,60.0,WIN,-3482.8580867683404,4.006232270599453,44.82247891751467,0.0515580184474954,225.2402142857154,0.2590873910528611,-0.0779856770789357,-0.4480607270101062,-3527.680565685855,0.0127059347021121,20,7.433781948565303,0.027005316007088,0.0071455713213282,-0.0433241997072837,-0.0464197964197964,-0.0246750393951136,-0.0232788722398745,-0.0154170156257835,0.3865789602866823,0.3389283408650742,1.533761455163152,2.032850398999582,1.430822674151093,5.307638697860055,5.6139983949394425,1.1646508921464769,OFF,OFF,5,0,RANGE,False,2025-12,2025-12,-0.0165188024914608,0.399556881351204,4.403150011622969,6.449612341658795,7.496642253997909,,1.645101374946235,48-72h,HIGH,-0.005136194722385468,CONTRACTING,MIDDLE_THIRD,0.02485770074553506,EXPANDING,UPPER_THIRD,0.03815564167507568,EXPANDING,UPPER_THIRD
21,2025-12-04 12:00:00+00:00,5803.1315267857135,dark_green,light_green,93181.6717880659,93256.3,91762.0,92711.675,2025-12-04 16:00:00+00:00,2025-12-07 08:00:00+00:00,-3160.106277718224,dark_red,light_red,89453.80656850272,89494.4,89012.9,89238.45000000001,2025-12-07 12:00:00+00:00,SHORT,92933.4,92886.9333,89109.3,89153.85465,4.1148822705292085,0.0783924203254969,8.0,0.08,0.1583924203254969,0.0959330842715866,3.8605567659321247,3.8605567659321247,5.286678250147377,-0.2761063272179209,17.0,68.0,WIN,5803.1315267857135,6.244391448493508,-50.96596428571684,-0.0548413266321798,-368.5664732142868,-0.396591620044749,0.1434544833901955,0.5304425695881065,5854.09749107143,0.0087060327169899,15,10.095151970771878,-0.0060577604895833,0.0065047236683783,0.0233930042330512,0.0167133814265614,0.0285818893506493,0.0281570784294884,0.0112524677311121,0.8796518896047697,0.8796518896047697,1.5455603297100469,1.9399549288136329,1.6079239456170304,2.343607342433003,7.118689122713756,1.0065469398935314,OFF,OFF,20,0,RANGE,False,2025-12,2025-12,1.0178323973152437,0.917495356690834,0.841919602915786,2.662304817420436,3.416555146406164,,1.426121484215252,48-72h,HIGH,0.0031135228607961363,EXPANDING,MIDDLE_THIRD,-0.02302307957478178,CONTRACTING,MIDDLE_THIRD,-0.05553835255798145,CONTRACTING,LOWER_THIRD
22,2025-12-07 08:00:00+00:00,-3160.106277718224,dark_red,light_red,89453.80656850272,89494.4,89012.9,89238.45000000001,2025-12-07 12:00:00+00:00,2025-12-10 08:00:00+00:00,2033.162723214283,dark_green,light_green,92535.11248972538,93278.9,91721.0,92457.525,2025-12-10 12:00:00+00:00,LONG,89109.3,89153.85465,92085.4,92039.3573,3.3398309716269696,0.0812946171138995,9.0,0.09,0.1712946171138995,0.1032881868781667,3.0652481676349037,3.0652481676349037,6.058229754847741,-1.644185386885001,18.0,72.0,WIN,-3160.106277718224,3.5463220240717868,63.25790318448662,0.0709890350338871,75.48248214285377,0.0847076538983022,0.0286352080847354,-0.1710503071816852,-3223.364180902711,0.0196248080062647,17,10.186873295044228,-0.0009832158220391,-0.0053133657939797,-0.0240778727799018,-0.0413983994870785,-0.0171414075123947,-0.0128383502442541,-0.0100856866274574,0.2014865657840908,0.5119146071737661,1.14626601455552,1.354799177335761,0.5403470340951684,1.575373475910772,2.4220344287031947,0.7776439387760044,OFF,OFF,8,0,RANGE,False,2025-12,2025-12,0.3938644620342435,2.496633890635702,1.3365045792778751,3.1065906918697817,1.3325787815501977,3.2882990438372506,2.9929815872128374,3-5d,LOW,-0.039072950495133374,CONTRACTING,LOWER_THIRD,-0.07054877324653608,CONTRACTING,LOWER_THIRD,-0.10355175548036055,CONTRACTING,LOWER_THIRD
23,2025-12-10 08:00:00+00:00,2033.162723214283,dark_green,light_green,92535.11248972538,93278.9,91721.0,92457.525,2025-12-10 12:00:00+00:00,2025-12-11 20:00:00+00:00,-537.2771607142827,dark_red,light_red,90300.40798337836,93547.3,90300.40798337836,91891.975,2025-12-12 00:00:00+00:00,SHORT,92085.4,92039.3573,92477.6,92523.8388,-0.4259089931737406,0.0802105540560961,4.0,0.04,0.1202105540560961,0.1004761470666882,-0.646595694296525,-0.646595694296525,3.0849382082766925,-2.6122984455042406,9.0,36.0,LOSS,2033.162723214283,2.207907567656453,-35.05447321428596,-0.0380673105041357,-55.68993749999936,-0.0604763372083545,-0.0078291418999584,0.1530194767418341,2068.217196428569,0.0169491256889356,18,5.746378504032969,-0.0059683673293148,0.0193000147218511,0.001762334985069,0.0279074492048927,0.0107148805651235,0.0106111786762714,0.0088895045699648,0.6403815348769477,0.7000850133592421,1.4428084094529434,1.6853314619921227,1.6917972970771664,4.1136383117625375,4.877923319330764,1.0346210191406962,OFF,OFF,2,3,RANGE,False,2025-12,2025-12,0.0190758611479324,-0.9500747567692924,0.0672074445265624,2.003552995257607,,,3.7315339025732177,24-48h,HIGH,0.013453389852797537,EXPANDING,UPPER_THIRD,-0.037433566609783586,CONTRACTING,LOWER_THIRD,-0.0651545979433038,CONTRACTING,LOWER_THIRD
24,2025-12-11 20:00:00+00:00,-537.2771607142827,dark_red,light_red,90300.40798337836,93547.3,90300.40798337836,91891.975,2025-12-12 00:00:00+00:00,2025-12-21 04:00:00+00:00,1362.0481517857138,dark_green,light_green,88182.31943924521,88182.31943924521,88010.0,88091.625,2025-12-21 08:00:00+00:00,LONG,92477.6,92523.8388,88138.8,88094.73060000001,-4.691730754258332,0.0780852034427261,28.0,0.2799999999999999,0.3580852034427261,0.0952606389262618,-5.14507659662732,-5.14507659662732,0.2109307206998444,-8.770970709010392,56.0,224.0,LOSS,-537.2771607142827,0.5809814935679303,3.645678571429244,0.0039422330528282,239.8695267857156,0.2593815001332384,-0.125748517013791,-0.3727665096694781,-540.9228392857119,0.0067397386589247,9,2.8213782116885526,0.025302870548687,0.0054361120926313,-0.0017368607402544,0.0235994306295617,0.0115743510839825,0.014640624280664,-0.0006629316072006,0.6120448179271709,0.6974661424202708,1.6659187322145854,1.9702261403628505,3.025276418588302,3.781299981438049,5.469844119342293,1.1249514311484974,ON,ON,11,6,RANGE,False,2025-12,2025-12,-0.3129342705136428,-0.1451937162814665,-0.153840136602712,-2.479619122763843,-2.521013860051813,-4.76097712452458,5.356007317327164,>5d,HIGH,0.06697139736701008,EXPANDING,UPPER_THIRD,0.1124330698670497,EXPANDING,UPPER_THIRD,0.11448254614205022,EXPANDING,UPPER_THIRD
25,2025-12-21 04:00:00+00:00,1362.0481517857138,dark_green,light_green,88182.31943924521,88182.31943924521,88010.0,88091.625,2025-12-21 08:00:00+00:00,2025-12-24 20:00:00+00:00,-1646.4987576040528,dark_red,light_red,87170.41661732063,88033.3,87170.41661732063,87666.65000000001,2025-12-25 00:00:00+00:00,SHORT,88138.8,88094.73060000001,87627.4,87671.2137,0.5802211965672425,0.0798076993267971,11.0,0.11,0.1898076993267972,0.0994695135602036,0.2909439836802416,0.2909439836802416,1.9748407063066835,-2.84270055989023,22.0,88.0,WIN,1362.0481517857138,1.545346314145448,-39.72926785714412,-0.0450758496065225,-89.79667857143227,-0.1018811016856752,0.005864701236315,0.1058079426552261,1401.777419642858,0.0283420657947723,12,2.0370346946318296,-0.0006530886216316,-0.0011468734665383,0.0026049457568391,0.0129674153894248,0.0065564748579578,0.0018312390273196,0.004305695059048,0.7402020121842319,0.6025620315326949,1.1690260176508624,1.329229699654071,0.1866376517920051,0.6970429756524202,5.713778668671567,0.7455313997297551,ON,ON,40,6,RANGE,False,2025-12,2025-12,-0.5401791875165651,0.0794946525439654,-0.4012378465687582,-1.1725666143304947,0.6395735546979586,1.3923995131667977,1.6838967226264416,3-5d,LOW,-0.06071724142378332,CONTRACTING,LOWER_THIRD,-0.09364398968527476,CONTRACTING,LOWER_THIRD,-0.140905461902058,CONTRACTING,LOWER_THIRD
26,2025-12-24 20:00:00+00:00,-1646.4987576040528,dark_red,light_red,87170.41661732063,88033.3,87170.41661732063,87666.65000000001,2025-12-25 00:00:00+00:00,2025-12-26 16:00:00+00:00,297.8525714285668,dark_green,light_green,88133.23494463737,88133.23494463737,86760.4,87217.275,2025-12-26 20:00:00+00:00,LONG,87627.4,87671.2137,87453.7,87409.97315,-0.1982256691400145,0.0798808089729913,5.0,0.05,0.1298808089729913,0.0997518983816584,-0.4278583764946643,-0.4278583764946643,2.151659844079486,-1.1991549513589077,11.0,44.0,LOSS,-1646.4987576040528,1.8789792194944412,25.514909723284973,0.0291175349728737,83.10433928572024,0.0948384114148447,-0.0183016707345486,-0.1538190237158452,-1672.0136673273378,0.0152599887320716,13,3.300586683631592,0.0053314150794032,0.0018785086265049,-0.0107720009257011,-0.0078520574994791,-0.004619636382472,-0.000700249829214,-0.0027790202042233,0.29978793590952,0.5199502455414836,1.1466840332741297,1.2542852315248372,0.6261747195223373,1.4612149029258636,2.8865307956365145,0.9345534630604594,ON,ON,62,6,RANGE,False,2025-12,2025-12,0.1601281584630465,0.1422203420459844,-0.2121719229717933,-0.557096998418749,,,2.5795182205741503,24-48h,LOW,-0.0337392726468736,CONTRACTING,LOWER_THIRD,-0.05184812827253571,CONTRACTING,LOWER_THIRD,-0.04941623315031718,CONTRACTING,LOWER_THIRD
27,2025-12-26 16:00:00+00:00,297.8525714285668,dark_green,light_green,88133.23494463737,88133.23494463737,86760.4,87217.275,2025-12-26 20:00:00+00:00,2025-12-29 00:00:00+00:00,-135.9076785714316,dark_red,light_red,87721.22633422512,90156.5,87721.22633422512,88986.75,2025-12-29 04:00:00+00:00,SHORT,87453.7,87409.97315,90091.5,90136.54575,-3.016224585123332,0.081247716937435,7.0,0.0699999999999999,0.151247716937435,0.1030677584643346,-3.270540060525101,-3.270540060525101,0.2367843651488471,-3.142120688318727,14.0,56.0,LOSS,297.8525714285668,0.3405831559197229,-59.988133928573234,-0.0685941634585766,-133.70312499999977,-0.1528844691533917,0.0078480711181192,0.2270820897695763,357.84070535714,0.1676392121704057,11,2.3210617420240403,-0.011073920369093,-0.0074745523610211,-0.0007735251035746,-0.0063332920506619,-0.0023035602280836,-0.005066743488116,0.0001280173062969,0.3430650096796337,0.4919068234685956,1.2450636914800273,1.3834828331711366,0.9085950623015444,3.064420650884772,3.396065970722391,1.061258829663415,ON,ON,8,6,RANGE,False,2025-12,2025-12,0.1049916236017134,-0.0725624865381746,-0.0925830852974929,-0.1286201630642969,-0.0899518066034277,,3.507324425673948,48-72h,HIGH,-0.020364519349167942,CONTRACTING,MIDDLE_THIRD,0.07694581896026431,EXPANDING,UPPER_THIRD,0.037246729794525146,EXPANDING,UPPER_THIRD
28,2025-12-29 00:00:00+00:00,-135.9076785714316,dark_red,light_red,87721.22633422512,90156.5,87721.22633422512,88986.75,2025-12-29 04:00:00+00:00,2025-12-29 12:00:00+00:00,213.65710714285564,dark_green,light_green,88859.94704177814,88859.94704177814,86760.0,87518.92499999999,2025-12-29 16:00:00+00:00,LONG,90091.5,90136.54575,87636.4,87592.5818,-2.7251183518977995,0.0788710621518353,1.0,0.01,0.0888710621518353,0.0972262685138281,-2.911215682563463,-2.911215682563463,0.2627727166924454,-3.746034110698091,3.0,12.0,LOSS,-135.9076785714316,0.1508549948845748,206.29079464285857,0.2289789443664654,235.8435625000017,0.2617819669092365,0.0980879609118472,-0.0030230501908222,-621.1436517857173,0.7811976695234468,14,0.777030465183691,0.0261271081133105,0.0273522402016124,0.0299313848552817,0.0259646789262466,0.0257513788590806,0.0242526533232039,0.0009147050764166,0.981649041452244,0.8804429783223388,0.8452133693177294,0.9078883126169603,2.6395357613806394,2.541183273043917,3.953017934476028,0.8782629903939378,ON,ON,22,6,RANGE,False,2025-12,2025-12,-0.6141191071768914,-2.892884044205779,-2.773509600571733,,,,3.1739883992559084,<24h,LOW,0.19517396810224685,EXPANDING,UPPER_THIRD,0.19282397258947426,EXPANDING,UPPER_THIRD,0.16694062372768226,EXPANDING,UPPER_THIRD
29,2025-12-29 12:00:00+00:00,213.65710714285564,dark_green,light_green,88859.94704177814,88859.94704177814,86760.0,87518.92499999999,2025-12-29 16:00:00+00:00,2025-12-30 12:00:00+00:00,-279.7729196428569,dark_red,light_red,87559.49018815278,89126.0,87559.49018815278,88439.075,2025-12-30 16:00:00+00:00,SHORT,87636.4,87592.5818,88966.8,89011.2834,-1.5180906563939285,0.0806478638125951,3.0,0.03,0.1106478638125951,0.1015688750939312,-1.7303073953004549,-1.7303073953004549,0.9174085105001436,-1.7506256448762425,6.0,24.0,LOSS,213.65710714285564,0.2437989460372214,-37.52384821428598,-0.0428175536411567,-130.4768035714282,-0.1488839178738429,0.0316244052957647,0.1534188757660527,357.84070535714,0.4029267661720683,3,0.6770908827720744,-0.0272500432892744,-0.0018349000030751,0.0013757452905862,-0.0079500650336373,-0.0023915528291388,-0.0037139809702897,0.0010811742184475,0.2708671906220891,0.3019792648444877,1.0459106436643748,1.2384974582082124,1.5860953072118271,3.653327934340035,4.5406272715503935,1.083842927161889,ON,ON,25,6,RANGE,False,2025-12,2025-12,0.3010321132011717,0.4444232513762913,0.2944105479032788,-1.5688750939409024,,,2.647715905800599,24-48h,LOW,0.041372366594839116,EXPANDING,UPPER_THIRD,0.18551174679675686,EXPANDING,UPPER_THIRD,0.20373099891815238,EXPANDING,UPPER_THIRD
30,2025-12-30 12:00:00+00:00,-279.7729196428569,dark_red,light_red,87559.49018815278,89126.0,87559.49018815278,88439.075,2025-12-30 16:00:00+00:00,2026-01-04 12:00:00+00:00,1829.19366071429,dark_green,light_green,91169.6331204247,91377.2,90968.0,91225.2,2026-01-04 16:00:00+00:00,LONG,88966.8,89011.2834,91292.8,91247.1536,2.6144584271885694,0.0810047581001399,15.0,0.15,0.2310047581001399,0.1025631768387635,2.280890492249666,2.280890492249666,3.110186140738194,-2.047025197706568,30.0,120.0,WIN,-279.7729196428569,0.3144689026050806,70.23133928571343,0.0789410648530838,138.1916696428545,0.1553294820571881,0.0012763238244897,-0.1181143790923884,-350.0042589285703,0.2006585277010769,6,0.6757410790156687,0.0186878754950781,0.0151785897672889,0.0133158385698031,0.0214328358208955,0.0122767288870786,0.012640857695884,0.0011398513870271,0.6107267393590542,0.61540999057493,0.9650932083156052,1.1534653772679218,1.50370700081379,3.8873919027099206,3.85330589296849,1.0824493154560124,ON,OFF,3,3,UP,True,2026-01,2025-12,-0.9230103966796688,-0.6246212600952039,-0.6738285047578563,-1.2383636746889135,-1.1509590254936142,0.4064839716714008,0.8292956484885283,>5d,LOW,0.04485608164795574,EXPANDING,UPPER_THIRD,0.03644905740719073,EXPANDING,UPPER_THIRD,0.003589086094488936,EXPANDING,MIDDLE_THIRD
31,2026-01-04 12:00:00+00:00,1829.19366071429,dark_green,light_green,91169.6331204247,91377.2,90968.0,91225.2,2026-01-04 16:00:00+00:00,2026-01-09 00:00:00+00:00,-2369.4544992810315,dark_red,light_red,90798.93963535228,91600.0,90798.93963535228,91162.625,2026-01-09 04:00:00+00:00,SHORT,91292.8,91247.1536,91190.1,91235.69505,0.1124951803428058,0.0799949769172854,13.0,0.13,0.2099949769172854,0.0999374735564209,-0.1974372701309005,-0.1974372701309005,2.1974971502015213,-3.8501435512175775,27.0,108.0,LOSS,1829.19366071429,2.0036559955596607,-14.435508928573654,-0.0158123191846165,-86.80662500000267,-0.0950859487276134,0.0317306551791903,0.1020301419930035,1843.629169642864,0.0078299417075126,19,2.5667721351363,0.0010976755814884,0.0151336901963488,0.021479617468791,0.0384920770342058,0.0172662529457641,0.0295385848603491,0.0097670644303327,0.8837864286225757,0.9030021714445098,0.8099747964190473,0.9456465407049448,0.44822811875635,1.392061149356123,1.7797682699620805,0.9482148063211908,OFF,OFF,10,0,UP,False,2026-01,2026-01,0.1580910683881442,-0.2739224075916757,-1.740379110302448,-2.90721002830272,-2.5875288234744387,-0.0613130358512403,2.394934420332422,3-5d,LOW,-0.03321391607736357,CONTRACTING,LOWER_THIRD,-0.06107568991868395,CONTRACTING,LOWER_THIRD,-0.07464658721092998,CONTRACTING,LOWER_THIRD
32,2026-01-09 00:00:00+00:00,-2369.4544992810315,dark_red,light_red,90798.93963535228,91600.0,90798.93963535228,91162.625,2026-01-09 04:00:00+00:00,2026-01-11 20:00:00+00:00,231.6720744302736,dark_green,light_green,90788.50319797236,91000.0,90175.3,90696.1,2026-01-12 00:00:00+00:00,LONG,91190.1,91235.69505,90964.4,90918.9178,-0.2475049374877444,0.0798611169675086,8.0,0.08,0.1598611169675086,0.0997026437406283,-0.5070686981958814,-0.5070686981958814,0.8366297309202176,-1.7568727339903043,17.0,68.0,LOSS,-2369.4544992810315,2.59836813347176,112.24415973386384,0.1230880980872527,134.05501785714796,0.14700610905915,0.0495850435576777,-0.171287590144029,-2481.6986590148954,0.0452287626969258,17,5.31970773671443,0.0050710900473933,0.0045164083317819,-0.0171171676104946,-0.0177206490641479,-0.0091962976208513,0.0025735735264926,-0.0067481964924162,0.3530253882536297,0.5284436871788784,1.197740457818642,1.3013819002154985,0.8766302482396598,1.5646229831135088,3.4921515092221016,1.0583275455118724,OFF,OFF,5,0,RANGE,False,2026-01,2026-01,-0.5738927617234046,-0.9180563041043976,-0.1074086737063773,-0.7062970799387669,-0.5909913326187732,,1.343698429116099,48-72h,HIGH,-0.020206112555690825,CONTRACTING,MIDDLE_THIRD,-0.03253965267411718,CONTRACTING,LOWER_THIRD,-0.029136609955471182,CONTRACTING,MIDDLE_THIRD
33,2026-01-11 20:00:00+00:00,231.6720744302736,dark_green,light_green,90788.50319797236,91000.0,90175.3,90696.1,2026-01-12 00:00:00+00:00,2026-01-18 04:00:00+00:00,-1406.271278424169,dark_red,light_red,95163.99264838413,95236.5,94980.0,95090.35,2026-01-18 08:00:00+00:00,SHORT,90964.4,90918.9178,94989.9,95037.39495,-4.425357612428599,0.0818119340835356,19.0,0.19,0.2718119340835356,0.104477596410625,-4.801647142922759,-4.801647142922759,0.9381081744463918,-7.713666605037408,38.0,152.0,LOSS,231.6720744302736,0.2546843319257573,-29.23385481408809,-0.0321376877262842,-69.25304464285455,-0.0761320303798569,0.0059283274636442,0.0820208987254314,260.9059292443617,0.1120474912117002,17,3.015030702405839,0.0028343914988098,0.0054692404962548,0.0039821817234633,-0.0039812543798178,0.0027001930347012,-0.006301053101704,0.0001511481137961,0.5627588538585043,0.3121251109943267,0.771234704869715,0.8117306346962225,0.9066184133573102,0.5455952957733757,1.867323098513753,0.74348315266727,ON,ON,22,6,RANGE,False,2026-01,2026-01,-0.9319096844771392,-0.4952568848108241,0.3794785599614769,-0.3670107476796413,-4.901380601342797,-6.587168374764785,5.739755317369151,>5d,LOW,0.013688025515572022,EXPANDING,UPPER_THIRD,0.008188657889947493,EXPANDING,MIDDLE_THIRD,-0.013912685512972534,CONTRACTING,MIDDLE_THIRD
34,2026-01-18 04:00:00+00:00,-1406.271278424169,dark_red,light_red,95163.99264838413,95236.5,94980.0,95090.35,2026-01-18 08:00:00+00:00,2026-01-24 12:00:00+00:00,670.4102131786458,dark_green,light_green,89627.48370689183,89627.48370689183,89131.2,89367.4,2026-01-24 16:00:00+00:00,LONG,94989.9,95037.39495,89234.9,89190.28255,-6.058538855183551,0.0775390266523714,19.0,0.19,0.2675390266523714,0.0938945138878555,-6.419972395723778,-6.419972395723778,0.4762389059991936,-8.240856090510915,38.0,152.0,LOSS,-1406.271278424169,1.4804429506970411,67.12215221886936,0.070662409602357,114.02700892857,0.1200411927253002,0.0106418132397065,-0.1399780645589018,-1473.3934306430383,0.0455561636307656,15,5.198146491213606,-0.0028176022456836,-0.0007489919641158,-0.0064690968575983,-0.001856743857614,-0.0052730844509799,0.0146307364028654,-0.0024609567233679,0.2586543400102702,0.6259645821944789,0.7968218717307015,0.8842015355925893,0.2700287083153051,1.3635239607174887,3.1965273508870657,0.724948133933608,ON,ON,27,6,RANGE,False,2026-01,2026-01,0.1010181834745216,0.031992722460461,0.3137765404416903,-2.36695771299652,-4.105010403591647,-6.172407138354529,6.896211301722971,>5d,LOW,-0.048394125440350266,CONTRACTING,LOWER_THIRD,-0.0850274034603683,CONTRACTING,LOWER_THIRD,-0.12209267121710021,CONTRACTING,LOWER_THIRD
35,2026-01-24 12:00:00+00:00,670.4102131786458,dark_green,light_green,89627.48370689183,89627.48370689183,89131.2,89367.4,2026-01-24 16:00:00+00:00,2026-01-26 20:00:00+00:00,-1484.0083804239512,dark_red,light_red,87763.6571279118,88637.4,87506.8,88102.57500000001,2026-01-27 00:00:00+00:00,SHORT,89234.9,89190.28255,88300.6,88344.7503,1.0470118753985138,0.0796207962455883,7.0,0.0699999999999999,0.1496207962455883,0.0990024893692688,0.7983885897836567,0.7983885897836567,3.552609611056789,-0.2849160723955915,14.0,56.0,WIN,670.4102131786458,0.7512861693042481,-18.46353567504912,-0.0206909123942949,-22.495241071432247,-0.0252089887055888,-0.0080864180415004,0.1010762209092527,688.8737488536949,0.0268024956761278,18,4.368977123220156,-0.0056096386831054,-0.0053081443565574,0.0031634470105761,-0.0155464993899223,-0.0042611952269033,-0.0285439025434284,0.0002040210563569,0.5087103647073569,0.2360020931449503,1.027968115766433,1.111432868930695,0.47481369417829,1.5164583580723656,3.541891352333184,0.8179620616336933,ON,ON,32,6,RANGE,False,2026-01,2026-01,-0.1073182495484825,0.0107439395033104,0.3030403562725436,0.8793363218244532,1.7723708287545992,,2.754221021273133,48-72h,LOW,-0.03974741387045522,CONTRACTING,LOWER_THIRD,-0.1002841737817286,CONTRACTING,LOWER_THIRD,-0.1472541898021218,CONTRACTING,LOWER_THIRD
36,2026-01-26 20:00:00+00:00,-1484.0083804239512,dark_red,light_red,87763.6571279118,88637.4,87506.8,88102.57500000001,2026-01-27 00:00:00+00:00,2026-01-29 00:00:00+00:00,1595.242943965738,dark_green,light_green,89431.95464259374,89431.95464259374,87650.1,88557.95,2026-01-29 04:00:00+00:00,LONG,88300.6,88344.7503,88003.2,87959.19840000001,-0.3368040534266004,0.0798254330229286,6.0,0.06,0.1398254330229286,0.0996133892519277,-0.5762428757014567,-0.5762428757014567,2.544519841152346,-1.2217480906729163,13.0,52.0,LOSS,-1484.0083804239512,1.680632272514514,40.92239955731998,0.0463444184493876,96.97589540459605,0.1098247298484902,-0.0085679464748577,-0.0454072826572196,-1524.9307799812711,0.0268355784370898,14,2.5071228608129115,0.0055870629768819,0.0192972553039461,-0.009868727202186,-0.0136050090204817,-0.0025518346172141,-0.0174592193266929,-0.0045706325948693,0.4405118589681649,0.2406873461973118,1.1394233381176515,1.2723537681525126,1.280399000686282,2.6888223619848524,2.8783289093101514,1.087535344787644,OFF,OFF,6,0,DOWN,False,2026-01,2026-01,0.4526015395846405,-0.0643505129698795,-0.4496592028966351,0.9655918400394148,1.0379221140885295,,3.1207627168538035,48-72h,LOW,0.009608792290384027,EXPANDING,MIDDLE_THIRD,0.05351028264858315,EXPANDING,UPPER_THIRD,0.10706459312672045,EXPANDING,UPPER_THIRD
37,2026-01-29 00:00:00+00:00,1595.242943965738,dark_green,light_green,89431.95464259374,89431.95464259374,87650.1,88557.95,2026-01-29 04:00:00+00:00,2026-02-01 04:00:00+00:00,-4687.426331620425,dark_red,light_red,79178.16501475265,79178.16501475265,77899.9,78535.475,2026-02-01 08:00:00+00:00,SHORT,88003.2,87959.19840000001,78320.8,78359.9604,11.002327188102244,0.0756346860023226,9.0,0.09,0.1656346860023226,0.089042193908833,10.747650308191089,10.747650308191089,14.16474754958659,-0.5707209810133839,19.0,76.0,WIN,1595.242943965738,1.8127101559553949,-109.81388885472892,-0.1247839724631933,-242.32240178570945,-0.2753563527072986,0.012894203890456,0.2068460502437709,1705.056832820467,0.0644048261271603,13,3.67030700338367,-0.0161128030374175,-0.0120857927386456,-0.0083543111355508,-0.0103103913630229,-0.0046964179987322,-0.0105502539218,0.0029282456461832,0.4334937650404725,0.3830243751570562,1.245039205950021,1.3550910976181758,1.8939084033307847,2.3253377344478023,3.515409683790589,1.1245851598577965,ON,ON,19,6,RANGE,False,2026-02,2026-01,-0.3998462996452012,0.1864482657677468,3.4802481783417494,6.046324314842799,4.515387216170907,10.383107811496384,3.417097241395501,3-5d,HIGH,0.04176380332783758,EXPANDING,UPPER_THIRD,0.04171433433672256,EXPANDING,UPPER_THIRD,0.0867720638241043,EXPANDING,UPPER_THIRD
38,2026-02-01 04:00:00+00:00,-4687.426331620425,dark_red,light_red,79178.16501475265,79178.16501475265,77899.9,78535.475,2026-02-01 08:00:00+00:00,2026-02-09 04:00:00+00:00,5114.754940471904,dark_green,light_green,70804.41578495804,71320.0,70251.1,70808.6,2026-02-09 08:00:00+00:00,LONG,78320.8,78359.9604,70393.5,70358.30325,-10.121576899112371,0.0759154358378159,24.0,0.24,0.315915435837816,0.0898335063477091,-10.527325841297898,-10.527325841297898,1.2136805520897171,-23.6855152877285,48.0,192.0,LOSS,-4687.426331620425,5.984906093426554,49.01048087957679,0.0625765835890041,77.53582909386023,0.0989977491213831,0.0130777090283117,-0.2060732976201845,-4736.436812500002,0.0103475424289906,19,8.224499296892358,0.0078872289689981,-0.0621880777446762,-0.0537549187448124,-0.121045756328361,-0.0578993258070698,-0.093628136643004,-0.0305428247626201,0.2041572578310464,0.1868983018280363,2.205335417852998,2.663631793804761,1.5257760390598665,5.411950165771482,6.82353101167806,1.2192671792450724,OFF,OFF,15,0,DOWN,False,2026-02,2026-02,0.4493871592104792,-1.0160296099383848,-1.5538042563890908,-2.2299148584051465,0.4976260809850918,-2.400537711348816,11.741006393387616,>5d,HIGH,-0.023154493697623568,CONTRACTING,LOWER_THIRD,-0.04869275629167402,CONTRACTING,LOWER_THIRD,-0.03451712877762325,CONTRACTING,MIDDLE_THIRD
39,2026-02-09 04:00:00+00:00,5114.754940471904,dark_green,light_green,70804.41578495804,71320.0,70251.1,70808.6,2026-02-09 08:00:00+00:00,2026-02-11 20:00:00+00:00,-3107.7516660895744,dark_red,light_red,67088.94050011878,68315.0,66757.4,67418.6,2026-02-12 00:00:00+00:00,SHORT,70393.5,70358.30325,67054.8,67088.3274,4.7429095015875005,0.0781409580965129,8.0,0.08,0.1581409580965129,0.095304742869839,4.489463800621149,4.489463800621149,6.594535450227756,-1.032851442448625,16.0,64.0,WIN,5114.754940471904,7.265947765733916,-125.41914814466054,-0.1781686492995241,-321.19966071427734,-0.4562916472604393,0.0499771743306967,0.6841949000314181,5240.174088616564,0.0239341567710724,16,17.67084459361161,-0.0138342135862484,0.010457187971004,0.034430312782419,-0.0045619031592523,0.0171794203579369,-0.0331110116600822,0.0131262857667791,0.84748,0.5405729506858262,2.644243368294397,3.143262412176331,1.5184640627330566,3.6850364723019,10.278316465228755,0.808868694810333,OFF,OFF,3,2,RANGE,False,2026-02,2026-02,2.072823224315034,1.1788278166017352,-0.7879620803675325,2.0981222994458597,4.773144170443022,,2.1050716496066078,48-72h,HIGH,-0.031711250672971536,CONTRACTING,LOWER_THIRD,-0.050731863021140744,CONTRACTING,LOWER_THIRD,-0.03460424039720644,CONTRACTING,MIDDLE_THIRD
40,2026-02-11 20:00:00+00:00,-3107.7516660895744,dark_red,light_red,67088.94050011878,68315.0,66757.4,67418.6,2026-02-12 00:00:00+00:00,2026-02-15 12:00:00+00:00,2859.8473839285725,dark_green,light_green,70296.93470006954,70391.0,68741.4,69617.275,2026-02-15 16:00:00+00:00,LONG,67054.8,67088.3274,69068.1,69033.56595,3.0024696218615263,0.0811598074510946,11.0,0.11,0.1911598074510946,0.1029509941247894,2.708358820285642,2.708358820285642,5.738960485695468,-2.992066545394296,22.0,88.0,WIN,-3107.7516660895744,4.634672245355375,5.86658111458155,0.008748987560222,283.5488892951112,0.4228639571677789,-0.202682991023668,-0.6078197598705649,-3113.618247204156,0.0018841684011356,16,12.458231429735738,0.0004684958894707,-0.0254471675873807,-0.043589761875896,-0.0317641384926835,-0.0281802002353664,-0.0391646884024257,-0.0107359241940996,0.2029780445187258,0.396382810152173,2.494397963588052,2.822934338777769,2.322890071345066,3.1589732919480475,5.704851047588859,0.9519549490212016,OFF,OFF,2,3,DOWN,False,2026-02,2026-02,0.6884544866444298,0.1388804932406229,1.4063140885518743,-1.2598725184494453,2.583419004719456,4.035087331749465,3.0306016654098253,3-5d,HIGH,-0.005261191090496498,CONTRACTING,MIDDLE_THIRD,0.00930430626623191,EXPANDING,MIDDLE_THIRD,0.08189187963737243,EXPANDING,UPPER_THIRD
41,2026-02-15 12:00:00+00:00,2859.8473839285725,dark_green,light_green,70296.93470006954,70391.0,68741.4,69617.275,2026-02-15 16:00:00+00:00,2026-02-18 04:00:00+00:00,-1792.0139541129024,dark_red,light_red,67534.70683684845,68190.2,67456.6,67828.875,2026-02-18 08:00:00+00:00,SHORT,69068.1,69033.56595,68078.5,68112.53925,1.432788798301974,0.0794663310884637,8.0,0.08,0.1594663310884637,0.0986165194614339,1.1747059477520765,1.1747059477520765,3.5425751463734194,-1.5605945240903354,16.0,64.0,WIN,2859.8473839285725,4.140619741861398,-29.283947779859773,-0.0423986583963649,-219.5638660714303,-0.317894753252848,0.1165487182300596,0.2340464141967355,2889.1313317084323,0.0101359005243085,15,7.371485506912732,-0.0122686840374108,-0.0098359668665111,0.0060610033210977,0.0387851879926544,0.007263301743013,0.0031392280812116,0.0103280432479582,0.6806828851899285,0.5523064136306975,1.6902120722577036,1.953605354716537,2.38836742287685,3.258224373414797,5.466497079175664,0.8527414956018939,OFF,OFF,6,0,RANGE,False,2026-02,2026-02,1.1153501045530143,0.3428273575950324,0.928484486031389,2.213511541771951,2.419063722145731,,2.367869198621343,48-72h,HIGH,0.03281637720487107,EXPANDING,UPPER_THIRD,0.011706075558171936,EXPANDING,MIDDLE_THIRD,0.0002312013711329719,EXPANDING,MIDDLE_THIRD
42,2026-02-18 04:00:00+00:00,-1792.0139541129024,dark_red,light_red,67534.70683684845,68190.2,67456.6,67828.875,2026-02-18 08:00:00+00:00,2026-02-22 04:00:00+00:00,1354.9051428571402,dark_green,light_green,68108.5647937138,68204.3,67850.4,68009.54999999999,2026-02-22 08:00:00+00:00,LONG,68078.5,68112.53925,67973.0,67939.0135,-0.1549681617544452,0.0798980946815897,12.0,0.12,0.1998980946815898,0.099795134271111,-0.454661390707146,-0.454661390707146,0.8433994038770157,-3.695118810300417,24.0,96.0,LOSS,-1792.0139541129024,2.63227977466113,34.31357045462801,0.0504030213028332,145.23410714286,0.2133336082264859,-0.0562637828104099,-0.1827330675780102,-1826.3275245675304,0.0187882896101855,16,6.926512456632299,0.0045966393622844,-0.0040232087942955,-0.0069144187512034,-0.0159549710763752,-0.0061327633742557,-0.0027326470816413,-0.0078005979835596,0.3425813124928156,0.5117200170721288,1.5766335365186008,1.728983699247966,1.0775811417424488,3.022995285413839,4.585759774369022,0.9449692333904984,OFF,OFF,3,2,RANGE,False,2026-02,2026-02,-1.1262819716415295,-0.6482495805645638,-2.89864285158038,-1.3685281157683526,-0.4666383803919149,-0.4280258131765357,1.2980607945841618,3-5d,HIGH,-0.02376973280827621,CONTRACTING,LOWER_THIRD,-0.04161755151982849,CONTRACTING,LOWER_THIRD,-0.07821538085629609,CONTRACTING,LOWER_THIRD
43,2026-02-22 04:00:00+00:00,1354.9051428571402,dark_green,light_green,68108.5647937138,68204.3,67850.4,68009.54999999999,2026-02-22 08:00:00+00:00,2026-02-24 20:00:00+00:00,-2935.313669642859,dark_red,light_red,63817.98304771108,64566.5,63769.2,64193.09999999999,2026-02-25 00:00:00+00:00,SHORT,67973.0,67939.0135,64031.4,64063.4157,5.7987730422373565,0.0777181901235583,8.0,0.08,0.1577181901235584,0.0942483511333227,5.546806500980475,5.546806500980475,8.150417874407323,-0.4135863703702425,16.0,64.0,WIN,1354.9051428571402,1.993299019989025,-42.24495535714436,-0.0621496114003271,-70.79987500000357,-0.1041588204139931,-0.0100702011933303,0.1749477902690649,1397.1500982142843,0.0302365189045458,15,4.077396943498841,-0.0079294999875941,0.0022411937305555,0.0026299991002247,-0.0015482149991773,0.0062334275620885,-0.002327496431317,0.0039746158438596,0.7690292110115488,0.4449539567268102,1.1882350243631996,1.2587921379460851,0.5206479043149614,1.7331618205415396,3.700026019411369,0.8184897105265845,ON,OFF,1,5,RANGE,False,2026-02,2026-02,-0.3597145254397693,0.4108294860654782,0.7901402630758003,2.977984806918044,7.041187755839284,,2.603611373426848,48-72h,HIGH,-0.04142736164750138,CONTRACTING,LOWER_THIRD,-0.0758326216092422,CONTRACTING,LOWER_THIRD,-0.08912947476964683,CONTRACTING,LOWER_THIRD
44,2026-02-24 20:00:00+00:00,-2935.313669642859,dark_red,light_red,63817.98304771108,64566.5,63769.2,64193.09999999999,2026-02-25 00:00:00+00:00,2026-02-27 08:00:00+00:00,2777.387160714281,dark_green,light_green,67576.71510263206,68127.8,65923.0,66947.25,2026-02-27 12:00:00+00:00,LONG,64031.4,64063.4157,66094.0,66060.95300000001,3.221232083009271,0.0812472249742999,7.0,0.0699999999999999,0.1512472249742999,0.1031696472593601,2.966815210775611,2.966815210775611,9.26516988696874,-0.2925471549591411,15.0,60.0,WIN,-2935.313669642859,4.584185655519814,44.09499107142437,0.0688647443850497,83.96139285714116,0.131125547751086,0.003301970509506,-0.3545377636103175,-2979.4086607142835,0.0147999137053099,16,6.835030303817927,0.0132785375410258,-0.0091991124287823,-0.0529805438263067,-0.0580765027000866,-0.02768778584723,-0.0422845448713858,-0.0159529095506687,0.261539449187906,0.2387027787136187,1.6357258819442313,1.9276581698794293,1.245172282930384,5.434664538821217,5.658967246342163,1.118916719038609,OFF,OFF,9,0,DOWN,False,2026-02,2026-02,2.026561159460627,1.4636814003034848,2.0811945248807584,6.070678963188669,5.283490215149422,,6.298354676193128,48-72h,HIGH,-0.01803527029356189,CONTRACTING,MIDDLE_THIRD,-0.018906496979016918,CONTRACTING,MIDDLE_THIRD,0.01957774142867663,EXPANDING,UPPER_THIRD
45,2026-02-27 08:00:00+00:00,2777.387160714281,dark_green,light_green,67576.71510263206,68127.8,65923.0,66947.25,2026-02-27 12:00:00+00:00,2026-03-01 00:00:00+00:00,-1789.466237759043,dark_red,light_red,65908.51212412366,68189.0,65812.0,67103.175,2026-03-01 04:00:00+00:00,SHORT,66094.0,66060.95300000001,67474.8,67508.5374,-2.0891457620964125,0.0808765143911865,5.0,0.05,0.1308765143911865,0.1021402158700151,-2.3221624923576143,-2.3221624923576143,4.664560319013273,-3.221338632520168,10.0,40.0,LOSS,2777.387160714281,4.202171087456037,-182.23924254490203,-0.2757269446817522,-217.1625892857146,-0.3285657710532628,-0.1114440591551206,0.1323716814143933,2959.626403259183,0.0615750833768132,15,8.985726508074798,-0.0200761473249099,-0.0283880091495503,0.0106641466618346,-0.0011591215460595,-0.0034495634500819,-0.0095260628194562,0.0091449017766005,0.4860147684045657,0.4860147684045657,1.9131977053461184,2.1530943731712706,3.3358499472721506,5.129958855649065,6.4472090399442,1.061298586297235,OFF,OFF,24,0,RANGE,False,2026-03,2026-02,-0.0176306872230469,1.0528958006403633,0.3405233951136122,3.40678252098483,,,6.986722811370887,24-48h,HIGH,0.06067027256098423,EXPANDING,UPPER_THIRD,0.032634211759494214,EXPANDING,UPPER_THIRD,0.007560991772087133,EXPANDING,MIDDLE_THIRD
46,2026-03-01 00:00:00+00:00,-1789.466237759043,dark_red,light_red,65908.51212412366,68189.0,65812.0,67103.175,2026-03-01 04:00:00+00:00,2026-03-03 08:00:00+00:00,2302.594098214286,dark_green,light_green,68379.1224754104,68379.1224754104,66270.7,67422.625,2026-03-03 12:00:00+00:00,LONG,67474.8,67508.5374,67000.0,66966.5,-0.7036701109154868,0.0796788332730194,7.0,0.0699999999999999,0.1496788332730194,0.0992467065358138,-0.95259565072432,-0.95259565072432,3.838718330757376,-3.699587483582485,14.0,56.0,LOSS,-1789.466237759043,2.6520551225259883,232.23245034079585,0.3441770772464284,235.1679553571439,0.3485276042089019,0.1699132751419768,-0.4624281452400459,-2021.6986880998388,0.1148699614377587,10,7.382507949437378,0.0412762345679011,0.0260158324184429,-0.0012241442092205,0.0323278005315039,0.0133013000048956,0.0158579327618446,-0.0020880940871951,0.6403874919866083,0.6677372224342856,2.0800433073050173,2.506484457263335,3.5228018798156944,5.261635885899035,6.817503618259038,1.1098918878586104,OFF,OFF,34,0,RANGE,False,2026-03,2026-03,-0.5845740630725182,-1.5842994696549262,-1.0335543130875149,-1.0683647250814166,1.2454167019177564,,4.7913139814816965,48-72h,HIGH,0.05636259066207572,EXPANDING,UPPER_THIRD,0.07227920626065543,EXPANDING,UPPER_THIRD,0.11820862690264411,EXPANDING,UPPER_THIRD
47,2026-03-03 08:00:00+00:00,2302.594098214286,dark_green,light_green,68379.1224754104,68379.1224754104,66270.7,67422.625,2026-03-03 12:00:00+00:00,2026-03-08 08:00:00+00:00,-4111.218580357137,dark_red,light_red,67155.9988523188,68171.6,67121.1,67514.95000000001,2026-03-08 12:00:00+00:00,SHORT,67000.0,66966.5,67490.1,67523.84505,-0.7314925373134415,0.0803329097683169,15.0,0.15,0.230332909768317,0.1007818834790496,-1.062607330560808,-1.062607330560808,1.323796226471445,-10.57245040430663,30.0,120.0,LOSS,2302.594098214286,3.436707609275054,-33.24808928571747,-0.0496240138592798,-172.41879795524255,-0.2573414894854366,0.0790467308834387,0.4641157442155075,2335.8421875000035,0.0142338765279781,14,6.503792351641556,-0.026188268330189,0.0101025329451727,0.0084438356989118,0.0137062158346961,0.0040658673203384,0.010783948340552,0.0091387603621932,0.5646373147953093,0.5973136926334387,2.225557326589787,2.576800255678661,3.0013432835821026,5.426629730895942,7.104755894298695,1.0727414308450538,OFF,OFF,2,3,UP,False,2026-03,2026-03,-1.084124151628063,-2.134500085863822,-1.984275719949524,-6.146207432074236,-8.830385341924686,-4.807030380862076,2.386403557032253,>5d,HIGH,0.027552681572585058,EXPANDING,UPPER_THIRD,-0.006614030782100988,CONTRACTING,MIDDLE_THIRD,-0.02762023291021154,CONTRACTING,MIDDLE_THIRD
48,2026-03-08 08:00:00+00:00,-4111.218580357137,dark_red,light_red,67155.9988523188,68171.6,67121.1,67514.95000000001,2026-03-08 12:00:00+00:00,2026-03-11 04:00:00+00:00,2714.838360704054,dark_green,light_green,69983.62868842203,70249.1,69329.7,69679.475,2026-03-11 08:00:00+00:00,LONG,67490.1,67523.84505,69622.2,69587.3889,3.1591300057341614,0.0812224089718066,8.0,0.08,0.1612224089718066,0.1031075762176101,2.8948000205447446,2.8948000205447446,6.255945506171974,-2.894747845820439,17.0,68.0,WIN,-4111.218580357137,6.091596651884927,129.83160714285896,0.1923716211925603,154.7857142857174,0.2293461465190656,0.0776985479330269,-0.2524861313543023,-4241.050187499996,0.0306130796389824,17,11.187837423078657,0.0038359652606416,-0.0071481216136894,-0.0384067387042357,-0.0505385299314598,-0.0239123398364382,-0.0139104521401021,-0.0192178651924541,0.139665201746526,0.407563025210084,1.6036850501239883,1.9321161567069849,1.556526892873018,2.800616344373632,5.2682701025267855,0.7877864837359242,OFF,OFF,23,0,RANGE,False,2026-03,2026-03,-0.517069266037018,-0.332986147091463,-2.3540499638653234,0.2953844672978878,4.511376607395978,,3.3611454856272296,48-72h,HIGH,-0.0022569041991137295,CONTRACTING,MIDDLE_THIRD,-0.013642082612824402,CONTRACTING,MIDDLE_THIRD,-0.037862462109434225,CONTRACTING,MIDDLE_THIRD
49,2026-03-11 04:00:00+00:00,2714.838360704054,dark_green,light_green,69983.62868842203,70249.1,69329.7,69679.475,2026-03-11 08:00:00+00:00,2026-03-15 00:00:00+00:00,-256.6887950940393,dark_red,light_red,70785.55464075848,71599.9,70785.55464075848,71226.2,2026-03-15 04:00:00+00:00,SHORT,69622.2,69587.3889,71314.8,71350.4574,-2.4311211079224813,0.0810134413880846,11.0,0.11,0.1910134413880846,0.1024823622890496,-2.7246169115996155,-2.7246169115996155,0.9405280329465144,-6.15429198838641,23.0,92.0,LOSS,2714.838360704054,3.899391659694341,-35.96551724675828,-0.0516581907853372,-95.8201875000018,-0.1376289820330064,0.0171563002311663,0.3159238792435083,2750.8038779508124,0.0130745479657933,17,10.042578528155294,-0.0054724506179539,-0.010694184131513,0.0313651769948211,0.0267322819550093,0.0153430004332797,0.0059033853883954,0.0091527925388363,0.6559258120377418,0.478088542342492,1.816457784428663,2.090022237045797,1.320557696478573,3.5490163292343704,4.811821599062857,1.0592592481455871,OFF,OFF,5,0,RANGE,False,2026-03,2026-03,0.6371684683228684,-0.8615226256894148,-1.4563143063986983,-0.280526548108484,-2.871082148047077,-1.4057304282615537,3.66514494454613,3-5d,HIGH,-0.020568359467561748,CONTRACTING,MIDDLE_THIRD,-0.054761704359880925,CONTRACTING,LOWER_THIRD,-0.07343487208372623,CONTRACTING,LOWER_THIRD
50,2026-03-15 00:00:00+00:00,-256.6887950940393,dark_red,light_red,70785.55464075848,71599.9,70785.55464075848,71226.2,2026-03-15 04:00:00+00:00,2026-03-17 12:00:00+00:00,2060.8180089285693,dark_green,light_green,74184.4333131299,74856.2,73330.3,74015.525,2026-03-17 16:00:00+00:00,LONG,71314.8,71350.4574,73878.5,73841.56075,3.594905966222996,0.0813965451327296,7.0,0.0699999999999999,0.1513965451327296,0.1035431343990125,3.3399662866912534,3.3399662866912534,6.514944359697959,-0.182700160237506,15.0,60.0,WIN,-256.6887950940393,0.3599376217756191,32.3022255007138,0.0452952619943038,136.49980357142726,0.1914045942376999,-0.0504070351245461,-0.1927487977984164,-288.9910205947531,0.1117758795212209,8,1.3777052958872609,0.0107746341131549,0.0039487965672921,-0.0007216291162636,0.0258613001136414,0.0073578362884603,0.0272173387110132,0.0037872834307468,0.4586440677966107,0.6921742482652279,1.3477003451216751,1.5251414458950858,1.0996314930421134,1.8660499218803657,3.273035501592325,0.8366973998977524,ON,ON,28,6,UP,True,2026-03,2026-03,0.0985874548857568,0.6300486589452481,0.1316636268683391,3.068014809951314,4.308931872383481,,3.174978073006706,48-72h,HIGH,-0.013961415580058256,CONTRACTING,MIDDLE_THIRD,-0.041239565363663355,CONTRACTING,LOWER_THIRD,-0.09342460651481499,CONTRACTING,LOWER_THIRD
51,2026-03-17 12:00:00+00:00,2060.8180089285693,dark_green,light_green,74184.4333131299,74856.2,73330.3,74015.525,2026-03-17 16:00:00+00:00,2026-03-20 04:00:00+00:00,-3373.6727117196974,dark_red,light_red,70154.3029404955,70944.9,70154.3029404955,70653.475,2026-03-20 08:00:00+00:00,SHORT,73878.5,73841.56075,70812.0,70847.406,4.150733975378492,0.0783780652957013,8.0,0.08,0.1583780652957014,0.0958972146319352,3.896458695450856,3.896458695450856,6.895250720983716,-1.2668194449018275,16.0,64.0,WIN,2060.8180089285693,2.7894692081303343,-25.309723214285896,-0.0342585775486588,-53.762330357145856,-0.0727712803551044,0.0021270626288933,0.2218900765501225,2086.127732142855,0.0121323938243646,11,3.031172444842973,-0.0073416289440764,0.0087151591612257,0.0340698501212133,0.0289484679665739,0.0173416342641778,0.0380974025483138,0.0110801006162966,0.624634884667812,0.7562170179008731,1.5187906061752936,1.712932592811204,2.0654182204565523,2.6379966829846384,3.169298928945811,1.1082675359345302,OFF,OFF,7,0,UP,False,2026-03,2026-03,-0.8386053107632963,-0.0417640820247644,-0.7760389192478012,3.2571911069742776,6.051958686423086,,2.99879202553286,48-72h,HIGH,0.028473672908263747,EXPANDING,UPPER_THIRD,0.015266835044227989,EXPANDING,MIDDLE_THIRD,0.0029537079248644904,EXPANDING,MIDDLE_THIRD
52,2026-03-20 04:00:00+00:00,-3373.6727117196974,dark_red,light_red,70154.3029404955,70944.9,70154.3029404955,70653.475,2026-03-20 08:00:00+00:00,2026-03-25 20:00:00+00:00,1821.858089285714,dark_green,light_green,71050.95043305325,71606.0,70603.0,71089.95,2026-03-26 00:00:00+00:00,LONG,70812.0,70847.406,71297.5,71261.85125,0.685618256792634,0.0802339931824744,17.0,0.17,0.2502339931824744,0.1006353006064832,0.3347489630036762,0.3347489630036762,1.6267271662705498,-5.007107811399619,34.0,136.0,WIN,-3373.6727117196974,4.764273676768591,66.06094450406454,0.0932907385680437,191.67055357142908,0.2706756259490694,-0.0420470744064912,-0.3313774827683289,-3439.733656223762,0.0192052499136192,16,7.803577348392879,0.0082411284707635,0.0095060096856371,-0.0410089382448538,-0.0356241581855348,-0.0178178539999963,-0.0135187903537794,-0.0123004015446943,0.2844431568927694,0.2844431568927694,1.5959012851502492,1.8538952085105267,1.1070173233594838,3.402617056667624,4.209071321734837,0.994527503847754,OFF,OFF,7,0,RANGE,False,2026-03,2026-03,-0.5751883138812586,-1.436758319704745,-0.9958106299615356,-0.2259871024776871,-2.770610966335174,-3.587154623558131,1.2919782032668736,>5d,HIGH,-0.02302190408535687,CONTRACTING,LOWER_THIRD,-0.034642775721523744,CONTRACTING,LOWER_THIRD,-0.0467038631020682,CONTRACTING,LOWER_THIRD
53,2026-03-25 20:00:00+00:00,1821.858089285714,dark_green,light_green,71050.95043305325,71606.0,70603.0,71089.95,2026-03-26 00:00:00+00:00,2026-03-28 12:00:00+00:00,-3495.567651785721,dark_red,light_red,66333.82431412404,67284.0,66191.7,66686.59999999999,2026-03-28 16:00:00+00:00,SHORT,71297.5,71261.85125,66982.4,67015.89119999998,6.052245871173612,0.0776166995521323,8.0,0.08,0.1576166995521323,0.093994751504554,5.800634420116925,5.800634420116925,8.08406061440904,-0.2052272673732971,16.0,64.0,WIN,1821.858089285714,2.5552902826686963,-12.498241071431949,-0.0175297045077764,-23.52607446331308,-0.0329970538424391,-0.0010311775865567,0.1467896600304578,1834.356330357146,0.006813420525007,15,4.116991650042023,-0.0049239151824905,0.0109693309643965,0.006090376330506,0.0350747297895661,0.0164698119978152,0.0109908914609198,0.0082135699228607,0.8505500117023777,0.5346395613213856,1.6000143274139351,1.8212259092401644,1.4067814439496475,3.479317593283498,4.814857850354789,1.002013212333258,OFF,OFF,4,1,RANGE,False,2026-03,2026-03,0.5331762273015794,1.6952285532997655,2.8381963343956818,3.4714945045719814,6.872753323258651,,2.2834261942921152,48-72h,HIGH,-0.009204450317363055,CONTRACTING,MIDDLE_THIRD,-0.011355610263051541,CONTRACTING,MIDDLE_THIRD,0.005266201560463868,EXPANDING,MIDDLE_THIRD
54,2026-03-28 12:00:00+00:00,-3495.567651785721,dark_red,light_red,66333.82431412404,67284.0,66191.7,66686.59999999999,2026-03-28 16:00:00+00:00,2026-03-31 08:00:00+00:00,995.146156643314,dark_green,light_green,67309.836372561,67476.9,65938.0,66852.79999999999,2026-03-31 12:00:00+00:00,LONG,66982.4,67015.89119999998,66652.4,66619.0738,-0.4926667303649914,0.079763150266067,8.0,0.08,0.159763150266067,0.0994576044673796,-0.7518874850984381,-0.7518874850984381,2.0310239491376287,-3.13013997491984,17.0,68.0,LOSS,-3495.567651785721,5.218643808566921,21.657714285714064,0.0323334885271393,151.29992857143043,0.2258804618107028,-0.0806067423782129,-0.3553948009170984,-3517.225366071435,0.0061576134684552,16,7.989546038921596,0.0119425669040575,0.0134706167160927,-0.0300123959522002,-0.0408862262073349,-0.0217653389390766,-0.0336012158027697,-0.0136458660823965,0.2279308806105655,0.2279308806105655,1.45619946077527,1.785144355002441,1.6307293120719994,3.2970603849445954,4.528224956922618,0.8900299318538324,OFF,OFF,8,0,DOWN,False,2026-03,2026-03,-0.2132198758254877,-1.0163129786148084,-0.2091909806610004,-0.7698042818834905,0.8569740545359084,,2.782911434236067,48-72h,HIGH,0.00930524972140101,EXPANDING,MIDDLE_THIRD,-0.031128766764440874,CONTRACTING,LOWER_THIRD,-0.06959833563281015,CONTRACTING,LOWER_THIRD
55,2026-03-31 08:00:00+00:00,995.146156643314,dark_green,light_green,67309.836372561,67476.9,65938.0,66852.79999999999,2026-03-31 12:00:00+00:00,2026-04-04 04:00:00+00:00,-1172.3219285714338,dark_red,light_red,66868.06306446032,67023.7,66745.5,66887.575,2026-04-04 08:00:00+00:00,SHORT,66652.4,66619.0738,66982.1,67015.59105,-0.4946558563532771,0.0802380803138695,11.0,0.11,0.1902380803138695,0.1005449283205027,-0.7854388649876494,-0.7854388649876494,1.415471194977785,-4.00624933335534,23.0,92.0,LOSS,995.146156643314,1.493038745256456,-11.604965720106977,-0.0174111745715187,-155.32891071428958,-0.2330432373242217,0.0991104440905921,0.2008526471516393,1006.751122363421,0.0115271445567038,17,6.787417239941632,-0.0016775407252966,-0.0147683347745432,-0.0019227083233505,-0.0001620084244381,-0.0029642980579147,-0.0257998092887264,0.0027230036737451,0.5013877645426147,0.2448847028255924,1.5379520411662404,1.7319098720506556,2.308844092635816,3.284389412394334,3.820721005725104,1.1004805612119233,ON,ON,25,6,RANGE,False,2026-04,2026-03,-0.1214760208809728,-1.7771580006565646,-2.4353778992346253,-3.0784369746071016,0.6581805705020094,-0.5468797135993686,2.2009100599654343,3-5d,HIGH,0.040103663609332374,EXPANDING,UPPER_THIRD,0.024766260841846632,EXPANDING,UPPER_THIRD,0.0989470115984088,EXPANDING,UPPER_THIRD
56,2026-04-04 04:00:00+00:00,-1172.3219285714338,dark_red,light_red,66868.06306446032,67023.7,66745.5,66887.575,2026-04-04 08:00:00+00:00,2026-04-07 00:00:00+00:00,1578.4762728984451,dark_green,light_green,69379.48651190235,69379.48651190235,68241.9,68729.475,2026-04-07 04:00:00+00:00,LONG,66982.1,67015.59105,68746.4,68712.02679999999,2.63398728914141,0.0810125618372801,8.0,0.08,0.1610125618372801,0.1025826959411686,2.370392031362961,2.370392031362961,4.949458623031868,-0.6566994979894349,17.0,68.0,WIN,-1172.3219285714338,1.750204425922537,18.597955357145796,0.0277656017394908,84.67196428571833,0.1264100270008634,-0.035439411760941,-0.1314275476993823,-1190.9198839285796,0.0156164622054972,14,4.122279998940296,0.0018696621146625,-0.0003999474695861,0.0014068314299,-0.0053724322060828,-0.0045096684000036,-0.0014643956508677,-0.001755465867186,0.3615548603228207,0.4722870611927323,1.1451238899562166,1.269923951758495,0.4153354632587816,1.8026637307426,3.8849567020702978,0.7727658126216503,OFF,OFF,2,3,RANGE,False,2026-04,2026-04,0.1690784908775278,0.5098947045696578,0.3687335232418265,-0.3405044205754381,3.094964794763233,,2.579066591668907,48-72h,LOW,-0.04673218370498655,CONTRACTING,LOWER_THIRD,-0.10190720295983591,CONTRACTING,LOWER_THIRD,-0.15513987502847182,CONTRACTING,LOWER_THIRD
57,2026-04-07 00:00:00+00:00,1578.4762728984451,dark_green,light_green,69379.48651190235,69379.48651190235,68241.9,68729.475,2026-04-07 04:00:00+00:00,2026-04-13 16:00:00+00:00,-1426.1138341464643,dark_red,light_red,71158.08324925785,73441.7,71158.08324925785,72541.75,2026-04-13 20:00:00+00:00,SHORT,68746.4,68712.02679999999,73272.1,73308.73605,-6.583181082936725,0.0826759270329077,20.0,0.2,0.2826759270329077,0.1066364993326063,-6.972493509302239,-6.972493509302239,1.456843651132108,-7.366065935927249,40.0,160.0,LOSS,1578.4762728984451,2.296089059190742,-75.02725168043116,-0.10913642142258,-118.28524107142516,-0.172060519724589,-0.0231061615602851,0.1954715230435656,1653.5035245788763,0.0453747153030953,17,4.137565815916574,-0.0168214809253101,-0.0050092340112659,0.0243289353110776,0.0330022539444028,0.0115990673658235,0.0176177091057161,0.0093345330045229,0.5778014373170091,0.7070350737860857,1.241466716887709,1.4408853802534858,1.2653771912088485,3.0731753494736127,3.1684231024799154,1.165657143537709,OFF,OFF,6,0,UP,False,2026-04,2026-04,0.1745353842480312,0.5839251419083258,0.8348273609649959,-3.707608869427226,-3.273332638763038,-4.548364159154761,8.429337160434347,>5d,HIGH,0.0014837258210262938,EXPANDING,MIDDLE_THIRD,0.08580115644869335,EXPANDING,UPPER_THIRD,0.11937483274260874,EXPANDING,UPPER_THIRD
58,2026-04-13 16:00:00+00:00,-1426.1138341464643,dark_red,light_red,71158.08324925785,73441.7,71158.08324925785,72541.75,2026-04-13 20:00:00+00:00,2026-04-16 00:00:00+00:00,2115.9468571428547,dark_green,light_green,74564.56863606258,75232.7,74400.0,74815.225,2026-04-16 04:00:00+00:00,LONG,73272.1,73308.73605,74851.9,74814.47405,2.156073048268015,0.080821587211092,7.0,0.0699999999999999,0.150821587211092,0.1021050205379867,1.903146440518936,1.903146440518936,3.68341359501586,-0.4848481492813895,14.0,56.0,WIN,-1426.1138341464643,1.946323208729183,140.6024918825724,0.1918906377624425,220.1620982142836,0.300471527010631,0.041654874257127,-0.1979742765500768,-1566.7163260290367,0.0897434267752479,10,3.8458547977027058,0.0352105114439107,0.0312010943604408,-0.0049391669009273,0.0168799501498142,0.0167113352209062,0.0325088625831011,-0.0010347575978097,0.8488175675675683,0.929640340286942,1.247955364139092,1.466119229977053,2.473243603986228,3.572981559062175,4.0428221663584925,1.0240105958459524,OFF,OFF,4,1,RANGE,False,2026-04,2026-04,1.4681250939395871,1.5005905288691723,1.643274751290691,1.1835751054392718,2.249478082496559,,1.7802671544969235,48-72h,HIGH,0.08169605929515256,EXPANDING,UPPER_THIRD,0.17392202314952088,EXPANDING,UPPER_THIRD,0.13622793312813664,EXPANDING,UPPER_THIRD
59,2026-04-16 00:00:00+00:00,2115.9468571428547,dark_green,light_green,74564.56863606258,75232.7,74400.0,74815.225,2026-04-16 04:00:00+00:00,2026-04-20 16:00:00+00:00,-1437.0611874999995,dark_red,light_red,75052.6624543851,76449.8,75052.6624543851,75903.225,2026-04-20 20:00:00+00:00,SHORT,74851.9,74814.47405,76252.5,76290.62625,-1.87116158708063,0.0807892334838916,14.0,0.1399999999999999,0.2207892334838916,0.1019221226483921,-2.193872943212914,-2.193872943212914,2.082049055051803,-4.65889253952457,28.0,112.0,LOSS,2115.9468571428547,2.826844551898956,-35.822669642853725,-0.0478580632460281,-85.07605357142575,-0.113659177083582,0.0089715252957633,0.0463423907061541,2151.7695267857084,0.0166480049080187,14,4.967790868120576,0.014287746874894,0.0074713850394632,0.005954940813452,0.0459493373726305,0.0182844417296925,0.0317489701173658,0.0110032165724107,0.791543561288462,0.8354779542449269,1.3162234838275404,1.5479130095234834,1.1124634110824136,2.8695977753171618,4.095863987495473,1.0495241155936692,OFF,OFF,18,0,UP,False,2026-04,2026-04,0.1961840297131756,0.3823779470919275,0.2071444756751694,0.3096647446123479,-2.8735428234959226,-0.8802119621396987,4.275921998264717,3-5d,HIGH,-0.011768062996261763,CONTRACTING,MIDDLE_THIRD,-0.014645770410267267,CONTRACTING,MIDDLE_THIRD,0.02684759579680973,EXPANDING,UPPER_THIRD
60,2026-04-20 16:00:00+00:00,-1437.0611874999995,dark_red,light_red,75052.6624543851,76449.8,75052.6624543851,75903.225,2026-04-20 20:00:00+00:00,2026-04-23 04:00:00+00:00,2471.526739512651,dark_green,light_green,78239.99293174605,78310.1,77627.4,77912.725,2026-04-23 08:00:00+00:00,LONG,76252.5,76290.62625,78009.1,77970.09545000001,2.303662175010663,0.0808805638556414,7.0,0.0699999999999999,0.1508805638556414,0.1022525359070556,2.0505290752479657,2.0505290752479657,4.133369858135093,-1.9828468114062792,15.0,60.0,WIN,-1437.0611874999995,1.884608619389528,29.678116071428576,0.0389208433447147,168.52732097816465,0.2210121910470668,-0.0715852521788188,-0.2308824163607953,-1466.739303571428,0.02023407704366,14,3.781905796155336,0.0194797815376592,0.0178141672417406,0.008574920440928,0.0125230050963094,0.0055754528419367,0.022670514088531,0.0005740490255417,0.5578708702224142,0.7388992323191105,1.3003507129625052,1.4696968246125284,1.5832923510704606,2.7387567372662227,4.467128101035804,1.0194585237515632,OFF,OFF,17,0,UP,True,2026-04,2026-04,-0.6560783081787758,-0.8146823280271498,-0.3154073597606666,-1.7066660925463273,3.27782569487034,,2.082840782887127,48-72h,HIGH,0.017022509144380304,EXPANDING,UPPER_THIRD,0.02801662254008641,EXPANDING,UPPER_THIRD,0.015653743430110723,EXPANDING,MIDDLE_THIRD
61,2026-04-23 04:00:00+00:00,2471.526739512651,dark_green,light_green,78239.99293174605,78310.1,77627.4,77912.725,2026-04-23 08:00:00+00:00,2026-04-26 00:00:00+00:00,-677.0302081916841,dark_red,light_red,77418.62413496347,77607.7,77280.0,77455.5,2026-04-26 04:00:00+00:00,SHORT,78009.1,77970.09545000001,77349.3,77387.97465,0.8457987593755125,0.0797013620175066,8.0,0.08,0.1597013620175066,0.099203803142194,0.5868935942158118,0.5868935942158118,1.879560928509806,-0.8694417341514129,17.0,68.0,WIN,2471.526739512651,3.1682543953367635,-58.8308655518349,-0.0754153881429665,-157.5430714285685,-0.2019547353175059,0.0255619795157869,0.3074465383659181,2530.357605064486,0.0232500202477647,15,5.123885429566441,-0.0099274919946744,0.0003757383322346,0.0257606837606838,0.0372778090993224,0.0176894230700239,0.0282801526696627,0.0109677914149874,0.7515324675324685,0.7680857253685035,1.2898079684856878,1.5662689121391662,0.8751543089203845,3.376712053034177,4.313284292274585,1.0002096330062151,OFF,OFF,5,0,UP,False,2026-04,2026-04,0.410664432500718,-0.4605670262777472,0.3842440467347274,0.4483711966521753,0.6671730321705205,,1.2926673342939945,48-72h,HIGH,-0.024132805533962687,CONTRACTING,LOWER_THIRD,-0.017303434752019564,CONTRACTING,MIDDLE_THIRD,-0.03659856112413207,CONTRACTING,MIDDLE_THIRD
62,2026-04-26 00:00:00+00:00,-677.0302081916841,dark_red,light_red,77418.62413496347,77607.7,77280.0,77455.5,2026-04-26 04:00:00+00:00,2026-04-27 08:00:00+00:00,88.3698656009007,dark_green,light_green,78410.69286771471,78410.69286771471,77500.0,77702.72499999999,2026-04-27 12:00:00+00:00,LONG,77349.3,77387.97465,77804.3,77765.39785000001,0.5882406175621498,0.0801950810583721,4.0,0.04,0.1201950810583721,0.1005379716317401,0.3675075648720375,0.3675075648720375,2.670990369432024,-0.0640598881469881,8.0,32.0,WIN,-677.0302081916841,0.8752893797250706,49.84816212585861,0.0644455245566005,96.58567857142792,0.1248694927703649,0.002010778171418,-0.1532082137873618,-726.8783703175427,0.0685784089352968,17,4.211073630119508,0.0007763040938395,-0.0036030349482796,-0.0043866593040812,-0.0017938191959302,-0.0048020824849628,0.0074905352343535,-0.0029562692792503,0.3572727657234705,0.6372813852813858,0.9363063634467248,1.031051073782909,0.4236625282969555,1.3173775450273075,2.847981847334514,0.7508852155272511,ON,ON,22,6,RANGE,False,2026-04,2026-04,0.8703230095452597,0.8554628196358882,0.8010616026633333,2.1671653219832665,,,2.3034828045599864,24-48h,LOW,-0.0404145784447516,CONTRACTING,LOWER_THIRD,-0.07857415505726972,CONTRACTING,LOWER_THIRD,-0.11943896453624947,CONTRACTING,LOWER_THIRD
63,2026-04-27 08:00:00+00:00,88.3698656009007,dark_green,light_green,78410.69286771471,78410.69286771471,77500.0,77702.72499999999,2026-04-27 12:00:00+00:00,2026-04-29 04:00:00+00:00,-1250.2505178571498,dark_red,light_red,76451.20540423229,77432.1,76451.20540423229,77057.84999999999,2026-04-29 08:00:00+00:00,SHORT,77804.3,77765.39785000001,77003.8,77042.3019,1.0288634432801271,0.07962806288144,5.0,0.05,0.12962806288144,0.0990206468801566,0.8002147335185305,0.8002147335185305,2.738747449229442,-0.600012554298263,11.0,44.0,WIN,88.3698656009007,0.113579667962954,-32.23554323128475,-0.0414315702747595,-100.54550892857247,-0.1292287301968817,0.0231827948236813,0.1286927427353789,1340.969233701635,0.9341000051455596,8,1.08925056732048,-0.0102933974444592,-0.0031479820627802,0.0021329568887682,0.001988412090679,-0.0001908270650603,0.009331414827489,0.0010717064355385,0.2990658174097677,0.7147079156584865,1.0167627830230872,1.1380400229337322,0.5782456753675492,2.497139436170289,3.115271501676165,0.94652407118557,ON,ON,30,6,UP,False,2026-04,2026-04,1.2928601637701376,1.184328603033069,0.5583432503457719,2.014517887533706,,,1.938532715710912,24-48h,LOW,-0.03211066157914011,CONTRACTING,LOWER_THIRD,0.0576959361661491,EXPANDING,UPPER_THIRD,0.10165360454705663,EXPANDING,UPPER_THIRD
64,2026-04-29 04:00:00+00:00,-1250.2505178571498,dark_red,light_red,76451.20540423229,77432.1,76451.20540423229,77057.84999999999,2026-04-29 08:00:00+00:00,2026-05-03 00:00:00+00:00,2035.9137258408211,dark_green,light_green,78493.10172203247,78740.5,78069.0,78406.17499999999,2026-05-03 04:00:00+00:00,LONG,77003.8,77042.3019,78162.3,78123.21885,1.504471207914415,0.0805612069854314,11.0,0.11,0.1905612069854314,0.1014537443357481,1.212456256593235,1.212456256593235,2.7292773556133763,-2.822218244234478,23.0,92.0,WIN,-1250.2505178571498,1.6236218444507282,4.442276785714739,0.0057689059315445,104.73043749999806,0.1360068431687761,-0.0622345156528435,-0.1774946500877597,-1254.6927946428646,0.0035405294464763,11,1.786013422032484,0.0093087755722629,0.0022830099286201,-0.0071289778961713,-0.0057598524981955,-0.0038342725936378,-0.0051358554315131,-0.0030112725872044,0.3582238047860918,0.4759145624425404,0.9914791714150136,1.1463848302397648,0.7691828195491688,2.190627252967511,3.2473449586614835,0.985749716399884,OFF,OFF,4,1,DOWN,False,2026-05,2026-04,0.6622311216274657,-1.4968424768730837,-1.9778769097240636,-1.1842869144594093,0.0748914538857947,1.4787955083154225,1.5168210990201412,3-5d,LOW,-0.01695427053892995,CONTRACTING,MIDDLE_THIRD,0.001238716100219861,EXPANDING,MIDDLE_THIRD,-0.043580342709920394,CONTRACTING,MIDDLE_THIRD
65,2026-05-03 00:00:00+00:00,2035.9137258408211,dark_green,light_green,78493.10172203247,78740.5,78069.0,78406.17499999999,2026-05-03 04:00:00+00:00,2026-05-09 00:00:00+00:00,-1462.3003613292783,dark_red,light_red,80092.34007217883,80542.0,80080.0,80279.45000000001,2026-05-09 04:00:00+00:00,SHORT,78162.3,78123.21885,80340.7,80380.87035,-2.787021364519716,0.0811559439220418,18.0,0.18,0.2611559439220418,0.1028384405848101,-3.151015749026568,-3.151015749026568,0.1231629359572973,-6.023153192183135,36.0,144.0,LOSS,2035.9137258408211,2.604722636255824,-57.67264154387976,-0.0737856585057262,-189.8838035714332,-0.2429349707422408,0.0476818268653943,0.1689372899807064,2093.586367384701,0.0275472951306633,18,4.434369625967933,-0.0036634892631977,-0.0027469548098503,0.0140083494848382,0.0156804499211884,0.0099935378421303,0.0111520854888864,0.0057801582600183,0.7461965646390273,0.7182036189230421,0.846947936959634,0.9731323260685008,0.8591087274699856,1.6157425442082811,3.1253009411115285,0.8559034947730075,OFF,OFF,8,0,UP,False,2026-05,2026-05,-0.2475335154473068,-0.6365343841691962,-0.6425505213294214,-2.759078775464441,-3.4735910654300817,-4.368331464365904,3.274178684983865,>5d,LOW,0.0011057111251100427,EXPANDING,MIDDLE_THIRD,0.013811492636160771,EXPANDING,MIDDLE_THIRD,-0.027882213843108294,CONTRACTING,MIDDLE_THIRD
66,2026-05-09 00:00:00+00:00,-1462.3003613292783,dark_red,light_red,80092.34007217883,80542.0,80080.0,80279.45000000001,2026-05-09 04:00:00+00:00,2026-05-11 04:00:00+00:00,965.6420982142904,dark_green,light_green,81386.84215577053,81386.84215577053,80597.8,80758.35,2026-05-11 08:00:00+00:00,LONG,80340.7,80380.87035,80708.8,80668.4456,0.458173752531414,0.0801431063131055,6.0,0.06,0.1401431063131055,0.1004079697676436,0.2176226764506649,0.2176226764506649,2.5872196219632038,-0.3689563806769536,13.0,52.0,WIN,-1462.3003613292783,1.820126264092225,8.014252185836085,0.0099753452001056,66.27305357143337,0.0824901152984087,-0.0312697124490989,-0.1537752039923237,-1470.3146135151144,0.0054507056599786,14,3.886335457065972,0.0027646341509077,0.010065375911491,-0.00565241660303,-0.0061395229158959,-0.004353843606646,0.0087869027540203,-0.0029188242136062,0.325955625389432,0.6271727403500368,1.0136388300532813,1.0998174627846524,0.5750517173135375,2.012753289905321,3.113119714676533,0.8930574476539389,OFF,OFF,3,2,RANGE,False,2026-05,2026-05,-0.247783271234514,-0.0876705485934103,0.1336507673184384,0.4406889953512571,0.3888109803229955,,2.3695969455125385,48-72h,LOW,-0.03221141265297356,CONTRACTING,LOWER_THIRD,-0.07533518310261733,CONTRACTING,LOWER_THIRD,-0.09944427891664842,CONTRACTING,LOWER_THIRD
67,2026-05-11 04:00:00+00:00,965.6420982142904,dark_green,light_green,81386.84215577053,81386.84215577053,80597.8,80758.35,2026-05-11 08:00:00+00:00,2026-05-14 12:00:00+00:00,-1243.6174543260206,dark_red,light_red,79450.50150236335,81270.2,79196.4,80232.2,2026-05-14 16:00:00+00:00,SHORT,80708.8,80668.4456,81245.6,81286.2228,-0.6651071506452864,0.0803063290462113,10.0,0.1,0.1803063290462113,0.1007154648830792,-0.946128944574577,-0.946128944574577,2.42306094466261,-1.7732514731881577,20.0,80.0,LOSS,965.6420982142904,1.196450575109177,-25.9377988292822,-0.0321374703772225,-168.021256372258,-0.208181819318883,0.071953439282219,0.26513406387597,991.5798970435726,0.0261580523229813,13,3.050338327692098,-0.008465809970761,0.0001610986431777,0.0065750663804833,-0.0094648877455969,0.001846259872978,0.0038193914381086,0.0025619661922262,0.4729018085522546,0.5585313534789753,0.9651044998164088,1.0554416852564454,0.5395935268601109,2.372577931645223,2.9301158895289605,1.0143935513495224,OFF,OFF,2,3,UP,False,2026-05,2026-05,-0.6181529795090013,-0.9110804039094812,-1.5478845423544385,-0.1744850777191553,-0.3885712655903539,1.200649885833438,3.369189889237187,3-5d,LOW,-0.032802594407975616,CONTRACTING,LOWER_THIRD,0.07782228203765795,EXPANDING,UPPER_THIRD,0.28467352174622684,EXPANDING,UPPER_THIRD
68,2026-05-14 12:00:00+00:00,-1243.6174543260206,dark_red,light_red,79450.50150236335,81270.2,79196.4,80232.2,2026-05-14 16:00:00+00:00,2026-05-15 12:00:00+00:00,58.27174107142662,dark_green,light_green,80761.04846097443,80761.04846097443,78610.0,79726.675,2026-05-15 16:00:00+00:00,LONG,81245.6,81286.2228,79118.1,79078.54095000001,-2.6186033459042704,0.0789136255695227,3.0,0.03,0.1089136255695227,0.0973327302889432,-2.8248497017627363,-2.8248497017627363,0.8768733193000533,-3.292344886764751,6.0,24.0,LOSS,-1243.6174543260206,1.5306908743573744,81.61922372985032,0.1004599931440514,94.53969642857214,0.1163629941702274,0.0422784960589376,-0.0797856593938172,-1325.236678055871,0.0615884129086935,15,2.7962220868305026,0.0283550597238413,0.0311036148370384,0.0117544357771202,-0.0016699147471043,0.00935917237157,0.0077500456892662,-0.0048856836081291,0.7478951877344845,0.6152518894748356,1.121391938474383,1.218396973619975,2.5525106005871128,4.064055973708721,4.723125181399166,1.1526987284665935,OFF,OFF,2,3,DOWN,False,2026-05,2026-05,0.1076162687682291,-0.2919594389124591,-0.3241912232142763,-2.6673927331262397,,,3.7017230210627896,24-48h,LOW,0.1088553446467575,EXPANDING,UPPER_THIRD,0.09758893283556347,EXPANDING,UPPER_THIRD,0.11806515873545864,EXPANDING,UPPER_THIRD
69,2026-05-15 12:00:00+00:00,58.27174107142662,dark_green,light_green,80761.04846097443,80761.04846097443,78610.0,79726.675,2026-05-15 16:00:00+00:00,2026-05-18 08:00:00+00:00,-1988.478589285715,dark_red,light_red,77206.98126581925,77375.0,76627.0,77074.125,2026-05-18 12:00:00+00:00,SHORT,79118.1,79078.54095000001,77255.1,77293.72755,2.354707709108282,0.0790971945721009,8.0,0.08,0.1590971945721009,0.0976941393605548,2.0979163751756262,2.0979163751756262,3.21710658724541,-0.573555157380526,17.0,68.0,WIN,58.27174107142662,0.0736516861794112,-19.07054464285545,-0.0241039265942711,-191.68907726376267,-0.2422825112664156,0.0970373290389366,0.2671137690675811,490.8753782573818,0.8812901529543149,6,1.7727684771735297,-0.0235082267068365,-0.026186065689792,0.0041030678459337,-0.0280749944105528,-0.0145646836563065,-0.0173475577774373,-0.0026723397003,0.1498967246975509,0.1319309180625892,1.182714014856797,1.3718204300684589,2.511059430218152,3.7163241880307294,4.581150547735761,1.133597277945118,ON,ON,8,3,DOWN,True,2026-05,2026-05,-0.0324475511203514,0.0057423290129809,0.0465877968377159,1.1184335717059124,1.3551602459099477,,1.1191902120697836,48-72h,LOW,0.09456477496665805,EXPANDING,UPPER_THIRD,0.05792588081760508,EXPANDING,UPPER_THIRD,0.05078839276494129,EXPANDING,UPPER_THIRD
70,2026-05-18 08:00:00+00:00,-1988.478589285715,dark_red,light_red,77206.98126581925,77375.0,76627.0,77074.125,2026-05-18 12:00:00+00:00,2026-05-21 12:00:00+00:00,714.6643384377062,dark_green,light_green,77658.5637709737,77658.5637709737,76696.7,77114.35,2026-05-21 16:00:00+00:00,LONG,77255.1,77293.72755,77224.3,77185.68785,-0.0398679181050867,0.0799440887619606,9.0,0.09,0.1699440887619606,0.0999101769933865,-0.309722183860434,-0.309722183860434,1.1466292001853442,-1.6554092945928818,19.0,76.0,LOSS,-1988.478589285715,2.5739157197407483,106.07108928571392,0.1372999667150526,107.7343928571438,0.1394529711438014,0.0675734811431515,-0.0263885641111668,-2094.549678571429,0.0506414769584548,17,2.811328670358826,-0.0022652601562176,-0.0142462502312702,-0.0100906557324534,-0.0247624866505253,-0.0146682487923452,-0.0317046870631985,-0.0106709406958885,0.1587458964020535,0.1215828552143098,0.9701813939389744,1.17544896157104,0.9682221215455312,1.675234171934804,3.7597801714553487,0.9474095493407528,OFF,OFF,14,0,DOWN,False,2026-05,2026-05,-1.1646838346845878,-0.5113319832380059,-0.4276253202903035,-0.7977717850405242,0.074355904187473,-0.1763759548429222,1.4563513840457782,3-5d,LOW,-0.00015532131722295617,CONTRACTING,MIDDLE_THIRD,-0.02267302223836709,CONTRACTING,MIDDLE_THIRD,-0.021003832543004974,CONTRACTING,MIDDLE_THIRD
71,2026-05-21 12:00:00+00:00,714.6643384377062,dark_green,light_green,77658.5637709737,77658.5637709737,76696.7,77114.35,2026-05-21 16:00:00+00:00,2026-05-23 20:00:00+00:00,-1285.8195892857204,dark_red,light_red,75386.25111168035,77427.0,75386.25111168035,76501.4,2026-05-24 00:00:00+00:00,SHORT,77224.3,77185.68785,76715.3,76753.65765,0.6591189560798867,0.0797761086481008,7.0,0.0699999999999999,0.1497761086481008,0.0993905763320752,0.4099522710997105,0.4099522710997105,3.8635243567373294,-1.137661883258064,14.0,56.0,WIN,714.6643384377062,0.9254397106062552,-49.20374447056497,-0.0637153648146567,-129.10929464285846,-0.1671873939198652,0.019878332145276,0.189233183327919,763.8680829082712,0.0644139290166854,19,3.7014485874002094,-0.0104409200003587,-0.0025664208310192,0.0096276665982464,-0.0100324458477389,0.0013998328499726,-0.0134695175477927,2.048894135353585e-05,0.5587311847816069,0.2021955620906304,0.9539672047680564,1.0555133244881625,0.8836596770705706,1.499597584780321,2.6948738069669207,0.9673071804398736,ON,ON,33,6,RANGE,False,2026-05,2026-05,-0.6107507274096369,-0.5188943198619178,-0.7181540586607582,0.556045896532098,2.20091042435403,,3.45357208563762,48-72h,LOW,-0.005637283311811014,CONTRACTING,MIDDLE_THIRD,0.029434461949441104,EXPANDING,UPPER_THIRD,0.023107635610421173,EXPANDING,UPPER_THIRD
72,2026-05-23 20:00:00+00:00,-1285.8195892857204,dark_red,light_red,75386.25111168035,77427.0,75386.25111168035,76501.4,2026-05-24 00:00:00+00:00,2026-05-26 04:00:00+00:00,1523.0498660714277,dark_green,light_green,77143.23139655222,77143.23139655222,76556.9,76729.225,2026-05-26 08:00:00+00:00,LONG,76715.3,76753.65765,76685.0,76646.6575,-0.0394966844944918,0.0799442371069856,7.0,0.0699999999999999,0.1499442371069856,0.0999105480414713,-0.2893514696429488,-0.2893514696429488,1.4777697698423635,-0.9089568775749332,14.0,56.0,LOSS,-1285.8195892857204,1.676094945050942,92.64008928571208,0.1207584537167498,169.99677678571356,0.2215946471960101,0.0099611301187445,-0.2694238191175599,-1378.4596785714325,0.0672055125919386,11,2.805764125462011,0.0261077293270894,0.0159190921840051,-0.0112262232201086,-0.0011028660193567,-2.131214094025502e-05,-0.0066964655655328,-0.0052034466869422,0.6316265969218375,0.4713521628976243,1.0814926251126264,1.3464436879574595,1.972360105950328,2.711082799667862,3.0904116472609733,1.116991556584776,OFF,OFF,5,0,DOWN,False,2026-05,2026-05,-0.0662608813144838,0.0229856798231731,0.6981326576558367,0.3604288817889545,0.6877097016105616,,1.7671212394853124,48-72h,LOW,0.06765121325258106,EXPANDING,UPPER_THIRD,0.05613072188995316,EXPANDING,UPPER_THIRD,0.08419248821263592,EXPANDING,UPPER_THIRD
73,2026-05-26 04:00:00+00:00,1523.0498660714277,dark_green,light_green,77143.23139655222,77143.23139655222,76556.9,76729.225,2026-05-26 08:00:00+00:00,2026-05-29 00:00:00+00:00,-2715.797905756008,dark_red,light_red,73404.77289128414,73844.0,73158.8,73465.85,2026-05-29 04:00:00+00:00,SHORT,76685.0,76646.6575,73269.1,73305.73455000001,4.454456543000579,0.0782564547188506,8.0,0.08,0.1582564547188505,0.0955933401270652,4.200606748154663,4.200606748154663,5.337033125025708,-1.8662816444409265,17.0,68.0,WIN,1523.0498660714277,1.9861092520860344,-66.51927678571087,-0.0867434179334849,-113.79988392856944,-0.1483989509416685,-0.0125439424626505,0.2126753819669463,1589.5691428571383,0.0418473629062446,14,3.870411359479965,-0.0092786741650549,-0.0089419336495339,-0.0011228154271192,-0.0088125542059974,0.0016120990038424,-0.002364244697895,0.0017845532545575,0.6735336427543924,0.6240569359219403,0.9244510485286712,1.0981547945548114,0.6376727682431136,1.9671497796141364,3.245579920252705,0.9213516200684576,OFF,OFF,19,0,RANGE,False,2026-05,2026-05,-0.6617933730508563,0.2197845352877925,0.806763817456746,0.9284912391646084,4.1484620513295045,,1.1364263768710448,48-72h,LOW,-0.023306511669022756,CONTRACTING,LOWER_THIRD,-0.006484332244982571,CONTRACTING,MIDDLE_THIRD,-0.03284660570083009,CONTRACTING,MIDDLE_THIRD
74,2026-05-29 00:00:00+00:00,-2715.797905756008,dark_red,light_red,73404.77289128414,73844.0,73158.8,73465.85,2026-05-29 04:00:00+00:00,2026-06-01 00:00:00+00:00,641.3197773594591,dark_green,light_green,73694.06178731113,74070.5,73171.0,73656.5,2026-06-01 04:00:00+00:00,LONG,73269.1,73305.73455000001,73731.4,73694.5343,0.6309617560472127,0.0802121524338507,9.0,0.09,0.1702121524338507,0.1005806714203334,0.3601689321930285,0.3601689321930285,1.34691433905016,-1.1864481753563003,18.0,72.0,WIN,-2715.797905756008,3.706602372833343,38.659502982287904,0.0527636482755208,51.34372321428873,0.0700754521876705,0.0177259221816855,-0.1839253916913794,-2754.4574087382957,0.0140352516831967,17,5.928857625844739,0.0050768802358327,0.0006104514199483,-0.0312868543384333,-0.0483159931938329,-0.0240869479161491,-0.0374030097729295,-0.0131719744988512,0.129177156726014,0.1268136557610236,1.1418829377123922,1.368432774008941,0.9351814950893378,2.231956812772725,2.742622351660771,1.0470164889368392,OFF,OFF,8,0,DOWN,False,2026-06,2026-05,0.2486373693938892,0.1935257191962636,0.6406940096612024,0.254639628326303,1.093864559058555,0.5805350053613267,0.9867454068571316,3-5d,LOW,-0.013733238700536554,CONTRACTING,MIDDLE_THIRD,-0.025084252009269226,CONTRACTING,MIDDLE_THIRD,-0.010824661113639666,CONTRACTING,MIDDLE_THIRD
75,2026-06-01 00:00:00+00:00,641.3197773594591,dark_green,light_green,73694.06178731113,74070.5,73171.0,73656.5,2026-06-01 04:00:00+00:00,2026-06-04 12:00:00+00:00,-5090.812252888435,dark_red,light_red,63660.36500404443,64463.7,62344.1,63298.325,2026-06-04 16:00:00+00:00,SHORT,73731.4,73694.5343,63864.8,63896.7324,13.381815617226842,0.0746819383591654,10.0,0.1,0.1746819383591654,0.0866615151403316,13.120472163727344,13.120472163727344,16.758005756201648,-0.1646875187594405,21.0,84.0,WIN,641.3197773594591,0.8698066863861875,-2.056779888328947,-0.0027895614051684,-32.856017857142206,-0.0445618317554989,0.0194913544725811,0.0962070663697945,643.376557247788,0.0031968523956287,18,4.608400999285355,0.0016002499541525,-0.005077751809531,0.0032506762604025,0.0069211807523439,0.0009935768788003,-0.017471325206993,0.0013392541558134,0.697485326584459,0.2296183368491963,0.8650834372319826,0.9432296893877944,1.2199703518044576,0.8847319830928217,1.6534043403925602,0.8468594056844068,ON,ON,26,6,RANGE,False,2026-06,2026-06,1.2462719368863562,1.6849747566692996,3.521474590551832,3.763962044604441,10.687541993192308,12.698817339564894,3.637533592474304,3-5d,LOW,0.03258474614868878,EXPANDING,UPPER_THIRD,0.04447170764139852,EXPANDING,UPPER_THIRD,0.012908788887743272,EXPANDING,MIDDLE_THIRD
76,2026-06-04 12:00:00+00:00,-5090.812252888435,dark_red,light_red,63660.36500404443,64463.7,62344.1,63298.325,2026-06-04 16:00:00+00:00,2026-06-09 00:00:00+00:00,2463.3499055679813,dark_green,light_green,63372.21023498207,63372.21023498207,62381.2,62859.350000000006,2026-06-09 04:00:00+00:00,LONG,63864.8,63896.7324,62841.1,62809.67945,-1.6029174130350432,0.0793194938713329,13.0,0.13,0.2093194938713329,0.0983479086326379,-1.9105848155390144,-1.9105848155390144,0.5528727162267209,-7.538307858759927,27.0,108.0,LOSS,-5090.812252888435,7.971233375644228,61.93406854013938,0.0969768456804677,143.5391310401401,0.2247546865255039,-0.0154004975822859,-0.1521847254914987,-5152.746321428574,0.012019623066359,21,9.075614232999026,-0.0073271346458135,-0.0330327875057724,-0.050676338555757,-0.1324308720547181,-0.0525614559312115,-0.1032881102131936,-0.0349986256774982,0.2146653945754396,0.1701472584010209,2.2203442374668168,2.6846043484014914,3.318886146985504,4.754386141030229,5.866539073065303,1.344196809190462,OFF,OFF,17,0,DOWN,False,2026-06,2026-06,-0.4639241927807846,-0.0678163004153908,-1.8733859385898777,-5.471222500260431,-4.918299077215416,-2.8563783020616573,2.463457531765735,3-5d,HIGH,0.03956437921585554,EXPANDING,UPPER_THIRD,0.06117055970799057,EXPANDING,UPPER_THIRD,0.05833898457968956,EXPANDING,UPPER_THIRD
77,2026-06-09 00:00:00+00:00,2463.3499055679813,dark_green,light_green,63372.21023498207,63372.21023498207,62381.2,62859.350000000006,2026-06-09 04:00:00+00:00,2026-06-11 04:00:00+00:00,-1092.8221335928813,dark_red,light_red,61944.28017092712,62993.4,61944.28017092712,62713.025,2026-06-11 08:00:00+00:00,SHORT,62841.1,62809.67945,62693.2,62724.5466,0.2353555236938905,0.0799457836112233,6.0,0.06,0.1399457836112233,0.09981455175217,-0.0044048116695028,-0.0044048116695028,3.3717405797077373,-1.0989079327326483,13.0,52.0,LOSS,2463.3499055679813,3.9199724790630026,-83.77472205076629,-0.1333122038967653,-215.31132917873128,-0.3426287442573022,0.0380021682318861,0.415753373533605,2547.124627618748,0.0328899187508879,27,12.252941469816395,-0.0141876904058959,-0.0041298477376168,0.0189699875630562,0.0022535992995182,0.0121647086621894,-0.031982159671971,0.0065410195602371,0.7063788109279595,0.2490744971821006,1.967849247985025,2.181657628184438,1.2350217214875732,4.058687760132992,5.562110423827446,0.8833987403319077,OFF,OFF,2,3,RANGE,False,2026-06,2026-06,-0.5749441060075355,0.2074193836695381,2.7208854828823736,2.0561790178026507,0.2422866209994656,,3.37614539137724,48-72h,HIGH,-0.027848421411466706,CONTRACTING,LOWER_THIRD,-0.04964342646738151,CONTRACTING,LOWER_THIRD,-0.07593627614493836,CONTRACTING,LOWER_THIRD
78,2026-06-11 04:00:00+00:00,-1092.8221335928813,dark_red,light_red,61944.28017092712,62993.4,61944.28017092712,62713.025,2026-06-11 08:00:00+00:00,2026-06-13 16:00:00+00:00,1577.5343482142837,dark_green,light_green,63915.59990860507,64298.7,63862.9,64172.72499999999,2026-06-13 20:00:00+00:00,LONG,62693.2,62724.5466,64264.2,64232.0679,2.505853904410686,0.0809613597111278,7.0,0.0699999999999999,0.1509613597111278,0.1024546265911032,2.252437918108455,2.252437918108455,2.6115029741801346,-0.6529287530951946,15.0,60.0,WIN,-1092.8221335928813,1.743124278978585,35.071821380614665,0.0559418971096028,200.13432142857027,0.3192276071423425,-0.1036719064615685,-0.2557324403315029,-1127.893954973496,0.0310949635167065,13,5.861900047680124,0.0126735014626377,0.0168520281634858,-0.0075588721371266,0.0052480518231088,0.0038618384772204,0.0003074319520406,-0.0002326841416432,0.5738616813854807,0.4294492381563624,1.7856796904826482,1.9847836406551247,0.7744049204619952,5.03987997348304,6.273888563849066,0.9166199926467232,ON,ON,15,6,DOWN,False,2026-06,2026-06,0.5635009245327893,-0.0054948185149505,1.3440565866122969,0.5451667943981775,1.7526685477866843,,0.3590650560716795,48-72h,HIGH,-0.04174489770600187,CONTRACTING,LOWER_THIRD,-0.024392493896240763,CONTRACTING,MIDDLE_THIRD,-0.04330474710188981,CONTRACTING,MIDDLE_THIRD
79,2026-06-13 16:00:00+00:00,1577.5343482142837,dark_green,light_green,63915.59990860507,64298.7,63862.9,64172.72499999999,2026-06-13 20:00:00+00:00,2026-06-19 12:00:00+00:00,-2519.387149385349,dark_red,light_red,62669.22854677605,63410.3,62315.2,62879.625,2026-06-19 16:00:00+00:00,SHORT,64264.2,64232.0679,63193.1,63224.69654999999,1.6667133489563373,0.0793726676515734,17.0,0.17,0.2493726676515734,0.0983824778899731,1.3189582034147906,1.3189582034147906,3.113659524575268,-4.706888940127042,35.0,140.0,WIN,1577.5343482142837,2.4547638470785964,-38.12785714285928,-0.0593298557250526,-67.48491100202364,-0.1050116721316435,-0.0068240196592303,0.0538760432696429,1615.6622053571427,0.0235989039147147,15,4.269182780351485,0.0068986696206279,0.0111572478054475,0.01095841277632,0.0353704276544737,0.0160016922768997,0.0291114454855274,0.0094511876424856,0.9713336829225656,0.9813728088441296,1.2148926404544176,1.3328438596920775,0.6781380613156246,1.5225061887242448,4.342585317167636,0.7702356159829817,OFF,OFF,6,0,UP,False,2026-06,2026-06,-0.2897806439764228,-0.4404841837576834,-0.2489910495315106,0.7080075651744622,-3.6541437583079928,-2.2124962599872955,1.7947013211604772,>5d,HIGH,-0.03286851086738396,CONTRACTING,LOWER_THIRD,-0.06553600422791694,CONTRACTING,LOWER_THIRD,-0.11202937899151721,CONTRACTING,LOWER_THIRD
80,2026-06-19 12:00:00+00:00,-2519.387149385349,dark_red,light_red,62669.22854677605,63410.3,62315.2,62879.625,2026-06-19 16:00:00+00:00,2026-06-22 00:00:00+00:00,1102.3652471757564,dark_green,light_green,63944.19264994955,64788.0,63286.2,63824.125,2026-06-22 04:00:00+00:00,LONG,63193.1,63224.69654999999,63935.1,63903.132450000005,1.174178826485803,0.0804292220837871,7.0,0.0699999999999999,0.1504292220837871,0.1011236170179588,0.9226259873840572,0.9226259873840572,2.472615188850609,-0.6138369516618816,15.0,60.0,WIN,-2519.387149385349,3.9868136492734143,12.675391551500525,0.0200582209287429,120.6559196428566,0.1909324128350554,-0.0754079854887857,-0.1666876962598375,-2532.062540936849,0.0050059551636551,21,6.317006550107318,0.0071384060269248,0.0137188030376431,-0.0383441861314479,-0.0603061778329627,-0.0173178046127422,-0.0191831162601009,-0.0141999546088321,0.2033822969140248,0.1912885951466172,1.3934321313464992,1.576124719766574,1.732945104679325,3.735391202174268,4.38311916252631,1.0198264714804892,OFF,OFF,7,0,DOWN,False,2026-06,2026-06,-0.352388484496402,0.4553654911927163,0.341327775024336,1.4469084075026784,1.5430733609428593,,1.549989201466552,48-72h,HIGH,0.01910047667286774,EXPANDING,UPPER_THIRD,-0.014107297758311876,CONTRACTING,MIDDLE_THIRD,-0.044717514541889436,CONTRACTING,LOWER_THIRD
81,2026-06-22 00:00:00+00:00,1102.3652471757564,dark_green,light_green,63944.19264994955,64788.0,63286.2,63824.125,2026-06-22 04:00:00+00:00,2026-06-25 04:00:00+00:00,-2202.193261523614,dark_red,light_red,60854.42050794153,61931.1,60756.4,61357.05,2026-06-25 08:00:00+00:00,SHORT,63935.1,63903.132450000005,61886.8,61917.7434,3.2037175197974133,0.078757250874014,9.0,0.09,0.1687572508740141,0.0968447048326046,2.9381155640907943,2.9381155640907943,7.578865486428913,-2.650992971785051,19.0,76.0,WIN,1102.3652471757564,1.7241941393315352,-17.494261076129533,-0.0273625302472812,-82.10985714285789,-0.1284268846734546,0.036850912089446,0.2681700871878936,1119.859508251886,0.0156218355492094,15,5.711920446184859,-0.0041308218185897,-0.0072004447287837,0.0077962815551579,-0.0049786008870905,0.0053354160707808,-0.00894725391006,0.0014309127544764,0.6656343108044533,0.3390201660263177,1.1564513147876052,1.248036345272346,2.3489444765082137,2.143516382236021,3.823920679132082,0.9358328005888882,OFF,OFF,5,0,RANGE,False,2026-06,2026-06,-0.4456237731738977,-1.1285323932504587,-1.4159987395109264,-0.2099545747698217,1.875545695569425,4.771647856833661,4.640749922338118,3-5d,LOW,0.08615424796026439,EXPANDING,UPPER_THIRD,0.12990639713745766,EXPANDING,UPPER_THIRD,0.09429057354732184,EXPANDING,UPPER_THIRD
82,2026-06-25 04:00:00+00:00,-2202.193261523614,dark_red,light_red,60854.42050794153,61931.1,60756.4,61357.05,2026-06-25 08:00:00+00:00,2026-06-28 20:00:00+00:00,437.3855394559093,dark_green,light_green,59880.28219237816,59883.2,58888.0,59443.175,2026-06-29 00:00:00+00:00,LONG,61886.8,61917.7434,59550.2,59520.4249,-3.77560319809718,0.0784512881973021,11.0,0.11,0.1884512881973021,0.0961763086475722,-4.060230794942054,-4.060230794942054,-0.0325325163578245,-6.278884188146947,22.0,88.0,LOSS,-2202.193261523614,3.558427354380852,0.5531759763871378,0.0008938527605885,83.44491964285953,0.1348349801215116,-0.0665236373001675,-0.3036191734796309,-2202.746437500002,0.0002511301196405,15,5.524855198550992,0.0327566008831214,-0.011872847487558,-0.0153144351877191,-0.0355835505944357,-0.0138125396541722,-0.0243409102159745,-0.0125959793882399,0.4324022517285685,0.3841042504620064,1.5692978730029057,1.83634857431866,1.898146128328053,5.224545438190959,5.833907802171188,1.1972023283217323,OFF,OFF,9,0,DOWN,False,2026-06,2026-06,-1.0651928894424234,-3.8463019955601303,-4.228098855424367,-2.3042561334688405,-2.253705195593414,-2.786347346114681,4.0276982785842295,3-5d,HIGH,0.016383412743518733,EXPANDING,UPPER_THIRD,-0.020262875668125013,CONTRACTING,MIDDLE_THIRD,0.015255157644587403,EXPANDING,MIDDLE_THIRD
83,2026-06-28 20:00:00+00:00,437.3855394559093,dark_green,light_green,59880.28219237816,59883.2,58888.0,59443.175,2026-06-29 00:00:00+00:00,2026-07-01 12:00:00+00:00,-691.8373750000011,dark_red,light_red,58782.31456996448,60520.0,58294.1,59381.35,2026-07-01 16:00:00+00:00,SHORT,59550.2,59520.4249,60118.6,60148.65929999999,-0.954488817837726,0.0804221975236604,8.0,0.08,0.1604221975236605,0.1010049913134819,-1.2159160066748682,-1.2159160066748682,2.960034144514314,-2.079748425989487,16.0,64.0,LOSS,437.3855394559093,0.7344820663170054,-50.91965745237167,-0.0855071140858832,-112.9613839285687,-0.1896910235877775,0.0093383977080055,0.1391182735736706,488.305196908281,0.1042783443116538,18,4.756283117561601,-0.0126784592198612,-0.0075016291585209,-0.0086862431748568,-0.0245859213250517,-0.0080613277558417,-0.0361245701623692,-0.0043347333267876,0.4787044411575069,0.2008933291045562,1.439976649755452,1.5483602577457607,1.6711950589586553,1.9318675603948947,4.965816459062262,0.8163816383194661,ON,ON,31,6,DOWN,True,2026-07,2026-06,-0.8389978748286842,-0.8038838781878388,-0.6834210284678344,-1.1832494495515489,1.5373292471236977,,4.175950151189182,48-72h,HIGH,0.012506081286558723,EXPANDING,UPPER_THIRD,-0.0016233879320894928,CONTRACTING,MIDDLE_THIRD,-0.019614508659949847,CONTRACTING,MIDDLE_THIRD
84,2026-07-01 12:00:00+00:00,-691.8373750000011,dark_red,light_red,58782.31456996448,60520.0,58294.1,59381.35,2026-07-01 16:00:00+00:00,2026-07-04 04:00:00+00:00,2441.986794642861,dark_green,light_green,62411.39362738907,62735.2,62302.6,62549.1,2026-07-04 08:00:00+00:00,LONG,60118.6,60148.65929999999,62549.1,62517.82545,4.042841982348225,0.0815755404543156,8.0,0.08,0.1615755404543156,0.1039908465590486,3.777275595334861,3.777275595334861,4.669332172462912,-0.98698675400067,16.0,64.0,WIN,-691.8373750000011,1.1507894824388516,82.72050000000183,0.1375957483969191,135.01322321428836,0.2245784961605634,0.0253065003166374,-0.0690615870568602,-774.5578750000029,0.1067970550296212,16,2.1006230559782497,0.0160369514074796,0.0301990191273593,0.0053227246731617,-0.011488526272173,0.0102387529995362,-0.0029057431508016,-0.0050979592949025,0.7867120045337861,0.4329297376628144,1.5636499943175235,1.6980680368012604,3.7025208546454103,3.816001670393317,4.145077908900429,1.0762071572461978,ON,ON,47,6,DOWN,False,2026-07,2026-07,-0.247153139787426,-0.2478181587664996,1.4700921189111371,2.3863220173221844,2.903706783037152,,0.8920565771280513,48-72h,HIGH,0.11759417008828454,EXPANDING,UPPER_THIRD,0.09534303856342863,EXPANDING,UPPER_THIRD,0.10387000377711897,EXPANDING,UPPER_THIRD
85,2026-07-04 04:00:00+00:00,2441.986794642861,dark_green,light_green,62411.39362738907,62735.2,62302.6,62549.1,2026-07-04 08:00:00+00:00,2026-07-09 08:00:00+00:00,-776.7647410714244,dark_red,light_red,62341.97883743416,63083.9,62341.97883743416,62849.225,2026-07-09 12:00:00+00:00,SHORT,62549.1,62517.82545,62755.9,62787.27795,-0.3306202647200406,0.080172400430156,15.0,0.15,0.230172400430156,0.1003808106700378,-0.6611734758202344,-0.6611734758202344,1.952763777710704,-3.477527464129029,31.0,124.0,LOSS,2441.986794642861,3.9041180428829576,-16.211544642857007,-0.0259181515977185,-57.2199999999998,-0.0914802794609023,0.0198219881327328,0.1355093068258985,2458.1983392857182,0.0065948887784081,16,5.168357950224179,0.0059602691609947,0.0132083662705559,0.0403021664576603,0.0512843353608627,0.0248712623142175,0.0367380077578083,0.0144457476850627,0.9214788596929948,0.9214788596929948,1.2526775582690086,1.4083266147779556,0.6916177716670108,2.1062110287557627,4.641025140149532,0.8626769731535093,OFF,OFF,9,0,UP,False,2026-07,2026-07,0.0945737468864726,-0.6253809168597746,-1.200097003693834,-0.7634215466782335,-0.8744298863005318,-0.871390753083201,2.6139372535309384,>5d,HIGH,-0.03330548388086951,CONTRACTING,LOWER_THIRD,-0.05714611602375286,CONTRACTING,LOWER_THIRD,-0.05932530179893514,CONTRACTING,LOWER_THIRD
86,2026-07-09 08:00:00+00:00,-776.7647410714244,dark_red,light_red,62341.97883743416,63083.9,62341.97883743416,62849.225,2026-07-09 12:00:00+00:00,2026-07-11 20:00:00+00:00,1438.424696428568,dark_green,light_green,64167.1588624218,64438.9,63776.0,64064.95,2026-07-12 00:00:00+00:00,LONG,62755.9,62787.27795,63783.1,63751.208450000006,1.6368182115147691,0.0806140928745263,7.0,0.0699999999999999,0.1506140928745263,0.1015860251988953,1.3846180934413477,1.3846180934413477,3.0144992931645387,-0.5714182262937171,15.0,60.0,WIN,-776.7647410714244,1.237753746369151,56.10129464285683,0.0893959057984205,93.82361906863082,0.1495054163245439,0.0146431976361485,-0.1707558831037701,-832.8660357142812,0.0673593257945058,8,1.6792353047728348,0.0080426887349349,0.0078047213746588,-0.0098094440157973,0.0020118154239181,-0.0031986718634099,0.0079470997701873,-0.0022156299219712,0.4297622904945652,0.6974116102410203,1.3462053570392385,1.5079891686513252,0.7975333035885015,2.933656395497363,4.152497347866319,1.0246193594300632,ON,ON,40,6,RANGE,False,2026-07,2026-07,0.0766429945224356,0.6938062362679798,0.6525558415293675,2.559311539639708,2.211788909061952,,1.6298811997231912,48-72h,HIGH,-0.030398452349313154,CONTRACTING,LOWER_THIRD,0.01308607196118916,EXPANDING,MIDDLE_THIRD,0.024453202488079917,EXPANDING,UPPER_THIRD
87,2026-07-11 20:00:00+00:00,1438.424696428568,dark_green,light_green,64167.1588624218,64438.9,63776.0,64064.95,2026-07-12 00:00:00+00:00,2026-07-14 12:00:00+00:00,-1065.6954869194028,dark_red,light_red,62590.08862394505,64950.0,62590.08862394505,63811.075,2026-07-14 16:00:00+00:00,SHORT,63783.1,63751.208450000006,64727.4,64759.7637,-1.4804862102970897,0.0806328069848533,8.0,0.08,0.1606328069848533,0.1015312518361954,-1.7426502691181385,-1.7426502691181385,3.0512495328235705,-1.8804216879123248,16.0,64.0,LOSS,1438.424696428568,2.2551850750647797,-58.61658035714345,-0.0919000052633828,-111.08248214285663,-0.1741568790161275,-0.004821565755319,0.1448801552745631,1497.0412767857115,0.0391549526830674,15,3.652865673455298,-0.0061237845923709,-0.00540312960494,0.0092725920534202,0.0070671378091873,0.0041710971651212,0.0093230925458269,0.006032578585233,0.7023888520238886,0.7322748829126039,1.0095131411035936,1.1172215592243009,1.0393051440038903,1.7484683471004947,3.2233372009117724,0.8291025027795195,OFF,OFF,7,0,UP,False,2026-07,2026-07,-0.7067968764127741,-0.1650032251270916,-0.3805285513768019,0.0018955719105373,2.265382076847522,,4.793899801941709,48-72h,LOW,0.002275261844393084,EXPANDING,MIDDLE_THIRD,-0.034380432890266044,CONTRACTING,LOWER_THIRD,-0.016017211506134554,CONTRACTING,MIDDLE_THIRD
88,2026-07-14 12:00:00+00:00,-1065.6954869194028,dark_red,light_red,62590.08862394505,64950.0,62590.08862394505,63811.075,2026-07-14 16:00:00+00:00,2026-07-16 08:00:00+00:00,1568.0728750000007,dark_green,light_green,64606.16760919138,64606.16760919138,63843.1,64152.45,2026-07-16 12:00:00+00:00,LONG,64727.4,64759.7637,64226.6,64194.4867,-0.7737063438358452,0.0796508467803442,5.0,0.05,0.1296508467803442,0.0991767053034996,-1.0025338959196892,-1.0025338959196892,1.2815616558526777,-1.415483392197735,11.0,44.0,LOSS,-1065.6954869194028,1.646433875739682,185.05168334797827,0.2858934507712769,215.14261607142797,0.3323820880945933,0.1197024067239801,-0.1043608259886697,-1250.747170267381,0.147952909866203,16,4.24516387478752,0.035007403474996,0.0340417850170775,0.0090039111518489,0.0110717649686733,0.0202181377770096,0.0219702566591204,-0.0042264618243543,0.9292302798982188,0.939091157952368,1.1060651914522368,1.2654195866746332,3.388822370707968,3.764080519232832,3.902833628241272,1.1244324863419288,OFF,OFF,6,0,RANGE,False,2026-07,2026-07,-0.3347197204179974,0.3936646544619782,0.0016002220218247,0.9756618367648516,,,2.284095551772367,24-48h,LOW,0.18871859591190598,EXPANDING,UPPER_THIRD,0.1642471665812424,EXPANDING,UPPER_THIRD,0.12803462645759356,EXPANDING,UPPER_THIRD
89,2026-07-16 08:00:00+00:00,1568.0728750000007,dark_green,light_green,64606.16760919138,64606.16760919138,63843.1,64152.45,2026-07-16 12:00:00+00:00,2026-07-18 08:00:00+00:00,-767.2476570373597,dark_red,light_red,63910.06365176005,64073.2,63910.06365176005,63999.625,2026-07-18 12:00:00+00:00,SHORT,64226.6,64194.4867,64033.2,64065.21659999999,0.3011213422476068,0.0799194509643146,6.0,0.06,0.1399194509643146,0.099748753034258,0.061453138249034,0.061453138249034,2.631669457682575,-1.0596132704960095,12.0,48.0,WIN,1568.0728750000007,2.441469539100623,-29.511151785713537,-0.0459484882987944,-124.61469642857014,-0.1940234987194871,0.0510632610609491,0.2308303474379532,1597.5840267857145,0.018472362824689,11,4.434815476847748,-0.0076450756627638,-0.0074319051114631,0.0225488494721406,0.0036378524169529,0.005717138316289,0.0094320172448971,0.0029897378144743,0.6397441657636705,0.6650613067302259,1.058100847065135,1.265371227962395,0.773666985330068,3.613781559651712,4.112431439424024,1.0046922043869382,OFF,OFF,17,0,UP,False,2026-07,2026-07,-0.7527333340294318,-0.0733915051306155,0.6129602715555293,1.4351492586979542,0.251091189112973,,2.570216319433541,48-72h,LOW,-0.020259190198696375,CONTRACTING,MIDDLE_THIRD,0.010590629138032437,EXPANDING,MIDDLE_THIRD,-0.01421312911132988,CONTRACTING,MIDDLE_THIRD
90,2026-07-18 08:00:00+00:00,-767.2476570373597,dark_red,light_red,63910.06365176005,64073.2,63910.06365176005,63999.625,2026-07-18 12:00:00+00:00,2026-07-20 20:00:00+00:00,1015.140001549672,dark_green,light_green,65085.62396663366,65435.3,65030.2,65202.4,2026-07-21 00:00:00+00:00,LONG,64033.2,64065.21659999999,65224.7,65192.08765,1.860753484130108,0.0807035774542281,7.0,0.0699999999999999,0.1507035774542281,0.1018098485598362,1.6082400581160434,1.6082400581160434,2.689108835386358,-0.5137212007802592,15.0,60.0,WIN,-767.2476570373597,1.198201025149976,15.216355342070983,0.0237631909367016,34.24351785714089,0.0534776715508038,-0.0029756448387005,-0.134788428187364,-782.4640123794306,0.0194467158889504,12,3.7168911162865954,0.0019308432652844,0.0120129849604573,-0.0030096564351841,0.0194713287470367,-0.0018979017399406,0.0020974573200942,-0.0014180612959544,0.4954289048823203,0.5886566059677047,0.9507086543145958,1.1465989402858057,0.2517440144424808,2.316013106008541,4.231900206642331,0.8738090840766253,OFF,OFF,2,2,RANGE,False,2026-07,2026-07,0.0386846424866416,0.7197094218518663,1.1573884228466058,0.5939001227071472,1.4135336584501834,,1.0808687772703145,48-72h,LOW,-0.05352696873837892,CONTRACTING,LOWER_THIRD,-0.11069331691952067,CONTRACTING,LOWER_THIRD,-0.16061319109226246,CONTRACTING,LOWER_THIRD
91,2026-07-20 20:00:00+00:00,1015.140001549672,dark_green,light_green,65085.62396663366,65435.3,65030.2,65202.4,2026-07-21 00:00:00+00:00,2026-07-25 12:00:00+00:00,-1448.5277053571458,dark_red,light_red,64038.99121839059,64243.6,64006.2,64107.75,2026-07-25 16:00:00+00:00,SHORT,65224.7,65192.08765,64150.1,64182.17505,1.647535366203292,0.0793803465197053,14.0,0.1399999999999999,0.2193803465197052,0.0984016654665227,1.329753354217064,1.329753354217064,2.340909311254433,-2.6567830735820968,28.0,112.0,WIN,1015.140001549672,1.5563711986080018,-61.15777523604311,-0.0937646037029521,-90.92885746932508,-0.1394084113241053,-0.0240603980408994,0.0429001937755581,1076.297776785715,0.0568223558155869,15,2.8497776753093085,0.0039094485522728,0.0081938705952728,0.0064514934412647,0.0223162646353505,0.0105053371035228,0.01765769849917,0.0064690170694448,0.7761170297344581,0.858563535911603,1.0273985654516264,1.135832037421371,0.621082778329724,2.0460737398397923,2.8581758605100585,1.1134002086195778,ON,ON,8,2,UP,False,2026-07,2026-07,-0.5329056984110903,-1.495292427561945,-1.7269156282342155,-2.0406040026546,-1.3650618995018515,0.1878872949392374,1.0111559570373694,3-5d,LOW,-0.029523405748817177,CONTRACTING,LOWER_THIRD,-0.020125308494112204,CONTRACTING,MIDDLE_THIRD,0.0998522646947404,EXPANDING,UPPER_THIRD
92,2026-07-25 12:00:00+00:00,-1448.5277053571458,dark_red,light_red,64038.99121839059,64243.6,64006.2,64107.75,2026-07-25 16:00:00+00:00,2026-07-27 20:00:00+00:00,607.3294787650259,dark_green,light_green,64903.0421228771,65030.8,63567.0,64319.45,2026-07-28 00:00:00+00:00,LONG,64150.1,64182.17505,63720.7,63688.83965,-0.669367623744938,0.0796925405537499,7.0,0.0699999999999999,0.1496925405537499,0.0992809918803069,-0.9183411561789948,-0.9183411561789948,2.3999263795594943,-0.9584827088218132,14.0,56.0,LOSS,-1448.5277053571458,2.2580322764725578,3.315589285713031,0.0051684945997085,28.73009821428468,0.044785811713616,-0.0172244112570996,-0.0918502282596595,-1451.8432946428588,0.0022837101620727,22,4.142001459458795,0.0015159344854018,0.0013252145083673,-0.0121711600174929,-0.0374877154024472,-0.0129909773681832,-0.0122020380204436,-0.0085779962790979,0.179418742586002,0.3722335369993208,0.7919242584506411,0.9633228895304076,0.3700701480904153,1.864030590311171,2.2937976003837224,0.8582061553942036,OFF,OFF,7,0,RANGE,False,2026-07,2026-07,0.2764396031480487,0.2429412058387425,0.5244835497359768,0.8591559098307666,0.5218348392510563,,3.318267535738489,48-72h,LOW,-0.03936355775653788,CONTRACTING,LOWER_THIRD,-0.06794743696763106,CONTRACTING,LOWER_THIRD,-0.10547394287992429,CONTRACTING,LOWER_THIRD
93,2026-07-27 20:00:00+00:00,607.3294787650259,dark_green,light_green,64903.0421228771,65030.8,63567.0,64319.45,2026-07-28 00:00:00+00:00,2026-07-29 08:00:00+00:00,-473.74005158128654,dark_red,light_red,63953.11316820874,64715.9,63953.11316820874,64496.5,2026-07-29 12:00:00+00:00,SHORT,63720.7,63688.83965,64479.9,64512.13995,-1.1914495603469586,0.080517076652377,4.0,0.04,0.120517076652377,0.1012420705956302,-1.413208707594966,-1.413208707594966,1.6152588988171388,-1.6126221731219743,9.0,36.0,LOSS,607.3294787650259,0.953110254053662,-41.43893888768503,-0.0650320443052896,-131.5474107142843,-0.2064434387425837,0.0381896750660023,0.198546031728704,648.7684176527109,0.0638732369827957,14,3.29658716195586,-0.0207812444773646,-0.0253047414076612,-0.0095946258904132,-0.0207285737118407,-0.0121296307780077,-0.0209240891658374,-0.0012462125690102,0.0713523544421261,0.0458133508087345,0.9294357371818098,1.0228204122926048,2.297209074587894,2.6439365938175494,3.154937948667115,1.1833377719153444,OFF,OFF,21,0,DOWN,True,2026-07,2026-07,0.5946719269519618,0.3329306220136163,0.4051567769456143,-0.3372024850510691,,,3.028467606412105,24-48h,LOW,0.12765163042808525,EXPANDING,UPPER_THIRD,0.13852372710070981,EXPANDING,UPPER_THIRD,0.2902049141088128,EXPANDING,UPPER_THIRD
94,2026-07-29 08:00:00+00:00,-473.74005158128654,dark_red,light_red,63953.11316820874,64715.9,63953.11316820874,64496.5,2026-07-29 12:00:00+00:00,2026-07-31 08:00:00+00:00,531.3319107142845,dark_green,light_green,64414.75436112505,64414.75436112505,63577.0,63811.925,2026-07-31 12:00:00+00:00,LONG,64479.9,64512.13995,63779.4,63747.5103,-1.0863850595301792,0.0795259003030483,6.0,0.06,0.1395259003030483,0.0988641828490379,-1.3247751426822654,-1.3247751426822654,1.3627823393882097,-1.981239424069046,12.0,48.0,LOSS,-473.74005158128654,0.7347085167203575,53.68437361231298,0.0832574032449022,83.75021428571375,0.1298855680609704,0.0183146192144169,-0.0921891507411448,-1027.4615625000058,0.538921874188083,9,1.8241204138435336,0.0090198361281681,0.0165408602760803,-0.0091143652292575,0.00700751038945,0.0020408345626385,-0.0062056967408941,-0.0006722888484611,0.5942724660397076,0.426805816135084,0.9741314827952364,1.1412501750788735,0.7209987593052132,2.863388176299666,3.1227275626605424,1.1693059020131582,OFF,OFF,30,0,DOWN,False,2026-07,2026-07,-0.8865617392994296,-1.469552786087669,-0.8575749470235872,0.3947474850429344,-1.1358171509546988,,2.687557482070475,48-72h,LOW,-0.01959710612651233,CONTRACTING,MIDDLE_THIRD,0.02133903879323351,EXPANDING,UPPER_THIRD,0.012474732192661486,EXPANDING,MIDDLE_THIRD
95,2026-07-31 08:00:00+00:00,531.3319107142845,dark_green,light_green,64414.75436112505,64414.75436112505,63577.0,63811.925,2026-07-31 12:00:00+00:00,2026-08-02 04:00:00+00:00,-1075.7223749999991,dark_red,light_red,62944.47186492242,63620.0,62944.47186492242,63476.95,2026-08-02 08:00:00+00:00,SHORT,63779.4,63747.5103,63468.0,63499.734,0.4882454209352886,0.0798445264457645,5.0,0.05,0.1298445264457645,0.0995615353467325,0.2588393591427914,0.2588393591427914,2.3823837085602992,-0.094105165390276,11.0,44.0,WIN,531.3319107142845,0.8330776249294983,-97.334937499999,-0.1526118738965857,-138.46382142857067,-0.2170980307569068,-0.0440628585181322,0.2074337941980246,628.6668482142835,0.154827533496441,8,1.898238260652012,-0.0149899613899613,-0.0152454652692428,-0.0108653846153845,-0.0198807187609011,-0.0049551453336121,-0.0099692901319895,-1.4977073377053784e-05,0.4098198594024608,0.3571930048506521,1.0377959957312282,1.2204100533658382,0.6353148508766108,2.0614828631497533,3.450957671286258,1.0152235892379782,ON,ON,42,6,DOWN,True,2026-08,2026-07,1.650433554265418,1.2554377358953928,1.3923842606916703,1.1018631107229335,,,2.123544349417508,24-48h,LOW,-0.028968338552748052,CONTRACTING,LOWER_THIRD,-0.03338029460748149,CONTRACTING,LOWER_THIRD,0.03256766356440033,EXPANDING,UPPER_THIRD
96,2026-08-02 04:00:00+00:00,-1075.7223749999991,dark_red,light_red,62944.47186492242,63620.0,62944.47186492242,63476.95,2026-08-02 08:00:00+00:00,2026-08-06 08:00:00+00:00,1161.419786062281,dark_green,light_green,64621.14550992315,64971.0,64473.0,64705.85,2026-08-06 12:00:00+00:00,LONG,63468.0,63499.734,64590.1,64557.804950000005,1.767977563496563,0.080666504177797,12.0,0.12,0.200666504177797,0.1017171190039791,1.4655939403147868,1.4655939403147868,2.3972793334850877,-1.939431746281016,25.0,100.0,WIN,-1075.7223749999991,1.6949024391781056,10.146419642858518,0.0159866446968768,49.1762232142878,0.0774817951290298,-0.0227542528676381,-0.1269734757319348,-1085.8687946428577,0.009344056752451,11,2.701413218383946,0.0154554806958486,0.007116833493072,-0.0069004257609636,-0.01659306775748,-0.0019598152178716,-0.0082225763301598,-0.0041549962526264,0.3918735177865599,0.3547242178778935,0.8481119243234081,1.0492310659707105,0.3735734959767167,2.32691796726171,3.038632885347583,0.8449272850341529,OFF,OFF,7,0,DOWN,False,2026-08,2026-08,-0.7754898626819329,-0.6584814985209242,-0.1052508345940395,-1.4310831601278773,0.2626247221759969,1.009871946865171,0.9316853931703004,3-5d,LOW,-0.04126423468280671,CONTRACTING,LOWER_THIRD,-0.014495836248999527,CONTRACTING,MIDDLE_THIRD,-0.035973969435195374,CONTRACTING,MIDDLE_THIRD
97,2026-08-06 08:00:00+00:00,1161.419786062281,dark_green,light_green,64621.14550992315,64971.0,64473.0,64705.85,2026-08-06 12:00:00+00:00,2026-08-12 08:00:00+00:00,-905.9405357142814,dark_red,light_red,63722.24277084292,64222.2,63722.24277084292,63992.425,2026-08-12 12:00:00+00:00,SHORT,64590.1,64557.804950000005,64207.3,64239.40365,0.592660485120778,0.0798027186331712,18.0,0.18,0.2598027186331713,0.0994570680488891,0.2334006984387175,0.2334006984387175,2.0852706362036963,-1.4326618612828037,36.0,144.0,WIN,1161.419786062281,1.7981390121121985,-9.966427628794918,-0.0154302712471337,-46.62153571428576,-0.0721806216653725,0.0206600395855528,0.0479645944410405,1171.386213691076,0.0085082336741785,22,3.516502085754748,-0.0006776629601494,0.0085175018658871,0.0107965233285654,0.0251208986895168,0.0093640680231255,0.0129981625223567,0.0058187041182118,0.8431621759023891,0.746656126482212,0.8600742462308655,0.961563674190194,0.771015991614814,1.1594089719467875,2.660848287478965,0.9468464968407492,OFF,OFF,4,1,UP,False,2026-08,2026-08,-0.0718659037988178,0.2246125780024699,0.3993397083430494,-0.6789187617817216,-0.5896963973524905,-0.5638281076655538,1.8518699377649788,>5d,LOW,-0.007902224424534032,CONTRACTING,MIDDLE_THIRD,-0.014690080794834914,CONTRACTING,MIDDLE_THIRD,-0.047705172660599815,CONTRACTING,LOWER_THIRD
98,2026-08-12 08:00:00+00:00,-905.9405357142814,dark_red,light_red,63722.24277084292,64222.2,63722.24277084292,63992.425,2026-08-12 12:00:00+00:00,2026-08-19 00:00:00+00:00,1058.122857142862,dark_green,light_green,64603.40548709486,64705.7,64252.0,64487.025,2026-08-19 04:00:00+00:00,LONG,64207.3,64239.40365,64296.3,64264.15185000001,0.1386135221384484,0.0800154099811603,20.0,0.2,0.2800154099811603,0.1000885692375055,-0.2414904570802174,-0.2414904570802174,1.2741344151628051,-2.732285093371976,40.0,160.0,LOSS,-905.9405357142814,1.4109618932960604,18.823919642856936,0.0293174135072755,44.624214285714174,0.0695002192674574,-0.0054326961264532,-0.086454918089452,-924.7644553571384,0.0203553667464297,13,1.823118521368221,0.0099933933178129,-0.0023462397235477,-0.0136763874551442,-0.0112598843521177,-0.0025082821626732,-0.0040840012062551,-0.0045067163458921,0.4384219100876249,0.4384219100876249,0.6692790294810317,0.7835127929996355,0.7581692424381583,2.082881555131145,2.2398820911448025,1.050328390795282,OFF,OFF,8,0,DOWN,False,2026-08,2026-08,-1.2733674404214357,-1.3146193800321782,-1.2215300974388832,-1.2156147249663962,-2.1824667888242444,-1.940092185149045,1.5156248722430226,>5d,LOW,0.010321983962042758,EXPANDING,MIDDLE_THIRD,-0.013989742832927421,CONTRACTING,MIDDLE_THIRD,-0.023490455001389243,CONTRACTING,MIDDLE_THIRD
99,2026-08-19 00:00:00+00:00,1058.122857142862,dark_green,light_green,64603.40548709486,64705.7,64252.0,64487.025,2026-08-19 04:00:00+00:00,2026-08-27 08:00:00+00:00,-115.48384317049296,dark_red,light_red,78772.09512838538,80499.9,78772.09512838538,79502.32500000001,2026-08-27 12:00:00+00:00,SHORT,64296.3,64264.15185000001,79440.1,79479.82005,-23.55314380454241,0.089470703502329,25.0,0.25,0.339470703502329,0.1236149512801532,-24.016229459324894,-24.016229459324894,0.206727773067165,-26.46319551481016,50.0,200.0,LOSS,1058.122857142862,1.6456978973018073,-5.672660714287304,-0.0088226860865824,-47.33629464285934,-0.0736221130031733,0.0279883704150043,0.0853906711456759,1063.7955178571492,0.0053324728475205,26,2.4446724178535733,-0.0081389734341809,0.0023212164483674,0.01398048882034,0.0200855778887296,0.007957680272161,0.0111825930956444,0.005933457688543,0.6795691686300919,0.7040836150289477,0.646344250011274,0.7415046353074511,0.7056393602742258,1.5808437212076143,1.8305955498161668,1.159053519982145,OFF,OFF,8,0,UP,False,2026-08,2026-08,-0.003031472358872,-0.3343203696229757,-6.628186986645779,-7.654886913441761,-15.901163955064291,-21.9886946971354,24.22295723239206,>5d,LOW,0.007107015462784805,EXPANDING,MIDDLE_THIRD,-0.026562324786807423,CONTRACTING,MIDDLE_THIRD,-0.056568300213627465,CONTRACTING,LOWER_THIRD
100,2026-08-27 08:00:00+00:00,-115.48384317049296,dark_red,light_red,78772.09512838538,80499.9,78772.09512838538,79502.32500000001,2026-08-27 12:00:00+00:00,2026-08-28 04:00:00+00:00,194.62475078442375,dark_green,light_green,80122.34906651205,80122.34906651205,79522.3,79730.54999999999,2026-08-28 08:00:00+00:00,LONG,79440.1,79479.82005,79645.7,79605.87715,0.2588113559776375,0.08006344105959,2.0,0.02,0.10006344105959,0.1002087070024585,0.0585392079155889,0.0585392079155889,2.541752043133879,-0.7748130904330033,5.0,20.0,WIN,-115.48384317049296,0.1453722278427305,14.321192631321992,0.0180276618877896,73.24624826039098,0.0922031168898213,-0.028073896557121,-0.1071913333873757,-129.80503580181494,0.1103284825805021,6,0.9046924548376613,0.0057058288833693,0.0127163046609877,0.0043377119233347,0.0277388221900227,0.0070854661295043,0.0438088547675832,0.0053217012773942,0.6039381153305217,0.8932038834951459,1.37453081115284,1.504146617882483,1.8692071132840893,1.919251109518932,3.67447422162928,0.8924793422510497,ON,ON,13,6,UP,True,2026-08,2026-08,0.9987188565608872,0.5008566322238339,0.9173145454296928,,,,2.48321283521829,<24h,HIGH,0.02847184974803474,EXPANDING,UPPER_THIRD,-0.011230520611066774,CONTRACTING,MIDDLE_THIRD,-0.052609098882287264,CONTRACTING,LOWER_THIRD
